feature,modality,family,description,kind
activity__average_met__median,activity,physiology,activity_average_met; across days median,v2
activity__average_met__iqr,activity,physiology,activity_average_met; across days iqr,v2
activity__average_met__p10,activity,physiology,activity_average_met; across days p10,v2
activity__average_met__p90,activity,physiology,activity_average_met; across days p90,v2
activity__average_met__missing_fraction,activity,quality,activity_average_met; daily missing fraction,v2
activity__cal_active__median,activity,physiology,activity_cal_active; across days median,v2
activity__cal_active__iqr,activity,physiology,activity_cal_active; across days iqr,v2
activity__cal_active__p10,activity,physiology,activity_cal_active; across days p10,v2
activity__cal_active__p90,activity,physiology,activity_cal_active; across days p90,v2
activity__cal_active__missing_fraction,activity,quality,activity_cal_active; daily missing fraction,v2
activity__cal_total__median,activity,physiology,activity_cal_total; across days median,v2
activity__cal_total__iqr,activity,physiology,activity_cal_total; across days iqr,v2
activity__cal_total__p10,activity,physiology,activity_cal_total; across days p10,v2
activity__cal_total__p90,activity,physiology,activity_cal_total; across days p90,v2
activity__cal_total__missing_fraction,activity,quality,activity_cal_total; daily missing fraction,v2
activity__daily_movement__median,activity,physiology,activity_daily_movement; across days median,v2
activity__daily_movement__iqr,activity,physiology,activity_daily_movement; across days iqr,v2
activity__daily_movement__p10,activity,physiology,activity_daily_movement; across days p10,v2
activity__daily_movement__p90,activity,physiology,activity_daily_movement; across days p90,v2
activity__daily_movement__missing_fraction,activity,quality,activity_daily_movement; daily missing fraction,v2
activity__high__median,activity,physiology,activity_high; across days median,v2
activity__high__iqr,activity,physiology,activity_high; across days iqr,v2
activity__high__p10,activity,physiology,activity_high; across days p10,v2
activity__high__p90,activity,physiology,activity_high; across days p90,v2
activity__high__missing_fraction,activity,quality,activity_high; daily missing fraction,v2
activity__inactive__median,activity,physiology,activity_inactive; across days median,v2
activity__inactive__iqr,activity,physiology,activity_inactive; across days iqr,v2
activity__inactive__p10,activity,physiology,activity_inactive; across days p10,v2
activity__inactive__p90,activity,physiology,activity_inactive; across days p90,v2
activity__inactive__missing_fraction,activity,quality,activity_inactive; daily missing fraction,v2
activity__inactivity_alerts__median,activity,physiology,activity_inactivity_alerts; across days median,v2
activity__inactivity_alerts__iqr,activity,physiology,activity_inactivity_alerts; across days iqr,v2
activity__inactivity_alerts__p10,activity,physiology,activity_inactivity_alerts; across days p10,v2
activity__inactivity_alerts__p90,activity,physiology,activity_inactivity_alerts; across days p90,v2
activity__inactivity_alerts__missing_fraction,activity,quality,activity_inactivity_alerts; daily missing fraction,v2
activity__low__median,activity,physiology,activity_low; across days median,v2
activity__low__iqr,activity,physiology,activity_low; across days iqr,v2
activity__low__p10,activity,physiology,activity_low; across days p10,v2
activity__low__p90,activity,physiology,activity_low; across days p90,v2
activity__low__missing_fraction,activity,quality,activity_low; daily missing fraction,v2
activity__medium__median,activity,physiology,activity_medium; across days median,v2
activity__medium__iqr,activity,physiology,activity_medium; across days iqr,v2
activity__medium__p10,activity,physiology,activity_medium; across days p10,v2
activity__medium__p90,activity,physiology,activity_medium; across days p90,v2
activity__medium__missing_fraction,activity,quality,activity_medium; daily missing fraction,v2
activity__met_min_high__median,activity,physiology,activity_met_min_high; across days median,v2
activity__met_min_high__iqr,activity,physiology,activity_met_min_high; across days iqr,v2
activity__met_min_high__p10,activity,physiology,activity_met_min_high; across days p10,v2
activity__met_min_high__p90,activity,physiology,activity_met_min_high; across days p90,v2
activity__met_min_high__missing_fraction,activity,quality,activity_met_min_high; daily missing fraction,v2
activity__met_min_inactive__median,activity,physiology,activity_met_min_inactive; across days median,v2
activity__met_min_inactive__iqr,activity,physiology,activity_met_min_inactive; across days iqr,v2
activity__met_min_inactive__p10,activity,physiology,activity_met_min_inactive; across days p10,v2
activity__met_min_inactive__p90,activity,physiology,activity_met_min_inactive; across days p90,v2
activity__met_min_inactive__missing_fraction,activity,quality,activity_met_min_inactive; daily missing fraction,v2
activity__met_min_low__median,activity,physiology,activity_met_min_low; across days median,v2
activity__met_min_low__iqr,activity,physiology,activity_met_min_low; across days iqr,v2
activity__met_min_low__p10,activity,physiology,activity_met_min_low; across days p10,v2
activity__met_min_low__p90,activity,physiology,activity_met_min_low; across days p90,v2
activity__met_min_low__missing_fraction,activity,quality,activity_met_min_low; daily missing fraction,v2
activity__met_min_medium__median,activity,physiology,activity_met_min_medium; across days median,v2
activity__met_min_medium__iqr,activity,physiology,activity_met_min_medium; across days iqr,v2
activity__met_min_medium__p10,activity,physiology,activity_met_min_medium; across days p10,v2
activity__met_min_medium__p90,activity,physiology,activity_met_min_medium; across days p90,v2
activity__met_min_medium__missing_fraction,activity,quality,activity_met_min_medium; daily missing fraction,v2
activity__non_wear__median,activity,quality,activity_non_wear; across days median,v2
activity__non_wear__iqr,activity,quality,activity_non_wear; across days iqr,v2
activity__non_wear__p10,activity,quality,activity_non_wear; across days p10,v2
activity__non_wear__p90,activity,quality,activity_non_wear; across days p90,v2
activity__non_wear__missing_fraction,activity,quality,activity_non_wear; daily missing fraction,v2
activity__rest__median,activity,physiology,activity_rest; across days median,v2
activity__rest__iqr,activity,physiology,activity_rest; across days iqr,v2
activity__rest__p10,activity,physiology,activity_rest; across days p10,v2
activity__rest__p90,activity,physiology,activity_rest; across days p90,v2
activity__rest__missing_fraction,activity,quality,activity_rest; daily missing fraction,v2
activity__score__median,activity,vendor,activity_score; across days median,v2
activity__score__iqr,activity,vendor,activity_score; across days iqr,v2
activity__score__p10,activity,vendor,activity_score; across days p10,v2
activity__score__p90,activity,vendor,activity_score; across days p90,v2
activity__score__missing_fraction,activity,quality,activity_score; daily missing fraction,v2
activity__score_meet_daily_targets__median,activity,vendor,activity_score_meet_daily_targets; across days median,v2
activity__score_meet_daily_targets__iqr,activity,vendor,activity_score_meet_daily_targets; across days iqr,v2
activity__score_meet_daily_targets__p10,activity,vendor,activity_score_meet_daily_targets; across days p10,v2
activity__score_meet_daily_targets__p90,activity,vendor,activity_score_meet_daily_targets; across days p90,v2
activity__score_meet_daily_targets__missing_fraction,activity,quality,activity_score_meet_daily_targets; daily missing fraction,v2
activity__score_move_every_hour__median,activity,vendor,activity_score_move_every_hour; across days median,v2
activity__score_move_every_hour__iqr,activity,vendor,activity_score_move_every_hour; across days iqr,v2
activity__score_move_every_hour__p10,activity,vendor,activity_score_move_every_hour; across days p10,v2
activity__score_move_every_hour__p90,activity,vendor,activity_score_move_every_hour; across days p90,v2
activity__score_move_every_hour__missing_fraction,activity,quality,activity_score_move_every_hour; daily missing fraction,v2
activity__score_recovery_time__median,activity,vendor,activity_score_recovery_time; across days median,v2
activity__score_recovery_time__iqr,activity,vendor,activity_score_recovery_time; across days iqr,v2
activity__score_recovery_time__p10,activity,vendor,activity_score_recovery_time; across days p10,v2
activity__score_recovery_time__p90,activity,vendor,activity_score_recovery_time; across days p90,v2
activity__score_recovery_time__missing_fraction,activity,quality,activity_score_recovery_time; daily missing fraction,v2
activity__score_stay_active__median,activity,vendor,activity_score_stay_active; across days median,v2
activity__score_stay_active__iqr,activity,vendor,activity_score_stay_active; across days iqr,v2
activity__score_stay_active__p10,activity,vendor,activity_score_stay_active; across days p10,v2
activity__score_stay_active__p90,activity,vendor,activity_score_stay_active; across days p90,v2
activity__score_stay_active__missing_fraction,activity,quality,activity_score_stay_active; daily missing fraction,v2
activity__score_training_frequency__median,activity,vendor,activity_score_training_frequency; across days median,v2
activity__score_training_frequency__iqr,activity,vendor,activity_score_training_frequency; across days iqr,v2
activity__score_training_frequency__p10,activity,vendor,activity_score_training_frequency; across days p10,v2
activity__score_training_frequency__p90,activity,vendor,activity_score_training_frequency; across days p90,v2
activity__score_training_frequency__missing_fraction,activity,quality,activity_score_training_frequency; daily missing fraction,v2
activity__score_training_volume__median,activity,vendor,activity_score_training_volume; across days median,v2
activity__score_training_volume__iqr,activity,vendor,activity_score_training_volume; across days iqr,v2
activity__score_training_volume__p10,activity,vendor,activity_score_training_volume; across days p10,v2
activity__score_training_volume__p90,activity,vendor,activity_score_training_volume; across days p90,v2
activity__score_training_volume__missing_fraction,activity,quality,activity_score_training_volume; daily missing fraction,v2
activity__steps__median,activity,physiology,activity_steps; across days median,v2
activity__steps__iqr,activity,physiology,activity_steps; across days iqr,v2
activity__steps__p10,activity,physiology,activity_steps; across days p10,v2
activity__steps__p90,activity,physiology,activity_steps; across days p90,v2
activity__steps__missing_fraction,activity,quality,activity_steps; daily missing fraction,v2
activity__total__median,activity,physiology,activity_total; across days median,v2
activity__total__iqr,activity,physiology,activity_total; across days iqr,v2
activity__total__p10,activity,physiology,activity_total; across days p10,v2
activity__total__p90,activity,physiology,activity_total; across days p90,v2
activity__total__missing_fraction,activity,quality,activity_total; daily missing fraction,v2
activity__state_code_0_fraction__median,activity,physiology,CONVERT(activity_class_5min USING utf8): code_0_fraction; across days median,v2
activity__state_code_0_fraction__iqr,activity,physiology,CONVERT(activity_class_5min USING utf8): code_0_fraction; across days iqr,v2
activity__state_code_0_fraction__p10,activity,physiology,CONVERT(activity_class_5min USING utf8): code_0_fraction; across days p10,v2
activity__state_code_0_fraction__p90,activity,physiology,CONVERT(activity_class_5min USING utf8): code_0_fraction; across days p90,v2
activity__state_code_0_fraction__missing_fraction,activity,quality,CONVERT(activity_class_5min USING utf8): code_0_fraction; daily missing fraction,v2
activity__state_code_0_longest_minutes__median,activity,physiology,CONVERT(activity_class_5min USING utf8): code_0_longest_minutes; across days median,v2
activity__state_code_0_longest_minutes__iqr,activity,physiology,CONVERT(activity_class_5min USING utf8): code_0_longest_minutes; across days iqr,v2
activity__state_code_0_longest_minutes__p10,activity,physiology,CONVERT(activity_class_5min USING utf8): code_0_longest_minutes; across days p10,v2
activity__state_code_0_longest_minutes__p90,activity,physiology,CONVERT(activity_class_5min USING utf8): code_0_longest_minutes; across days p90,v2
activity__state_code_0_longest_minutes__missing_fraction,activity,quality,CONVERT(activity_class_5min USING utf8): code_0_longest_minutes; daily missing fraction,v2
activity__state_code_1_fraction__median,activity,physiology,CONVERT(activity_class_5min USING utf8): code_1_fraction; across days median,v2
activity__state_code_1_fraction__iqr,activity,physiology,CONVERT(activity_class_5min USING utf8): code_1_fraction; across days iqr,v2
activity__state_code_1_fraction__p10,activity,physiology,CONVERT(activity_class_5min USING utf8): code_1_fraction; across days p10,v2
activity__state_code_1_fraction__p90,activity,physiology,CONVERT(activity_class_5min USING utf8): code_1_fraction; across days p90,v2
activity__state_code_1_fraction__missing_fraction,activity,quality,CONVERT(activity_class_5min USING utf8): code_1_fraction; daily missing fraction,v2
activity__state_code_1_longest_minutes__median,activity,physiology,CONVERT(activity_class_5min USING utf8): code_1_longest_minutes; across days median,v2
activity__state_code_1_longest_minutes__iqr,activity,physiology,CONVERT(activity_class_5min USING utf8): code_1_longest_minutes; across days iqr,v2
activity__state_code_1_longest_minutes__p10,activity,physiology,CONVERT(activity_class_5min USING utf8): code_1_longest_minutes; across days p10,v2
activity__state_code_1_longest_minutes__p90,activity,physiology,CONVERT(activity_class_5min USING utf8): code_1_longest_minutes; across days p90,v2
activity__state_code_1_longest_minutes__missing_fraction,activity,quality,CONVERT(activity_class_5min USING utf8): code_1_longest_minutes; daily missing fraction,v2
activity__state_code_2_fraction__median,activity,physiology,CONVERT(activity_class_5min USING utf8): code_2_fraction; across days median,v2
activity__state_code_2_fraction__iqr,activity,physiology,CONVERT(activity_class_5min USING utf8): code_2_fraction; across days iqr,v2
activity__state_code_2_fraction__p10,activity,physiology,CONVERT(activity_class_5min USING utf8): code_2_fraction; across days p10,v2
activity__state_code_2_fraction__p90,activity,physiology,CONVERT(activity_class_5min USING utf8): code_2_fraction; across days p90,v2
activity__state_code_2_fraction__missing_fraction,activity,quality,CONVERT(activity_class_5min USING utf8): code_2_fraction; daily missing fraction,v2
activity__state_code_2_longest_minutes__median,activity,physiology,CONVERT(activity_class_5min USING utf8): code_2_longest_minutes; across days median,v2
activity__state_code_2_longest_minutes__iqr,activity,physiology,CONVERT(activity_class_5min USING utf8): code_2_longest_minutes; across days iqr,v2
activity__state_code_2_longest_minutes__p10,activity,physiology,CONVERT(activity_class_5min USING utf8): code_2_longest_minutes; across days p10,v2
activity__state_code_2_longest_minutes__p90,activity,physiology,CONVERT(activity_class_5min USING utf8): code_2_longest_minutes; across days p90,v2
activity__state_code_2_longest_minutes__missing_fraction,activity,quality,CONVERT(activity_class_5min USING utf8): code_2_longest_minutes; daily missing fraction,v2
activity__state_code_3_fraction__median,activity,physiology,CONVERT(activity_class_5min USING utf8): code_3_fraction; across days median,v2
activity__state_code_3_fraction__iqr,activity,physiology,CONVERT(activity_class_5min USING utf8): code_3_fraction; across days iqr,v2
activity__state_code_3_fraction__p10,activity,physiology,CONVERT(activity_class_5min USING utf8): code_3_fraction; across days p10,v2
activity__state_code_3_fraction__p90,activity,physiology,CONVERT(activity_class_5min USING utf8): code_3_fraction; across days p90,v2
activity__state_code_3_fraction__missing_fraction,activity,quality,CONVERT(activity_class_5min USING utf8): code_3_fraction; daily missing fraction,v2
activity__state_code_3_longest_minutes__median,activity,physiology,CONVERT(activity_class_5min USING utf8): code_3_longest_minutes; across days median,v2
activity__state_code_3_longest_minutes__iqr,activity,physiology,CONVERT(activity_class_5min USING utf8): code_3_longest_minutes; across days iqr,v2
activity__state_code_3_longest_minutes__p10,activity,physiology,CONVERT(activity_class_5min USING utf8): code_3_longest_minutes; across days p10,v2
activity__state_code_3_longest_minutes__p90,activity,physiology,CONVERT(activity_class_5min USING utf8): code_3_longest_minutes; across days p90,v2
activity__state_code_3_longest_minutes__missing_fraction,activity,quality,CONVERT(activity_class_5min USING utf8): code_3_longest_minutes; daily missing fraction,v2
activity__state_code_4_fraction__median,activity,physiology,CONVERT(activity_class_5min USING utf8): code_4_fraction; across days median,v2
activity__state_code_4_fraction__iqr,activity,physiology,CONVERT(activity_class_5min USING utf8): code_4_fraction; across days iqr,v2
activity__state_code_4_fraction__p10,activity,physiology,CONVERT(activity_class_5min USING utf8): code_4_fraction; across days p10,v2
activity__state_code_4_fraction__p90,activity,physiology,CONVERT(activity_class_5min USING utf8): code_4_fraction; across days p90,v2
activity__state_code_4_fraction__missing_fraction,activity,quality,CONVERT(activity_class_5min USING utf8): code_4_fraction; daily missing fraction,v2
activity__state_code_4_longest_minutes__median,activity,physiology,CONVERT(activity_class_5min USING utf8): code_4_longest_minutes; across days median,v2
activity__state_code_4_longest_minutes__iqr,activity,physiology,CONVERT(activity_class_5min USING utf8): code_4_longest_minutes; across days iqr,v2
activity__state_code_4_longest_minutes__p10,activity,physiology,CONVERT(activity_class_5min USING utf8): code_4_longest_minutes; across days p10,v2
activity__state_code_4_longest_minutes__p90,activity,physiology,CONVERT(activity_class_5min USING utf8): code_4_longest_minutes; across days p90,v2
activity__state_code_4_longest_minutes__missing_fraction,activity,quality,CONVERT(activity_class_5min USING utf8): code_4_longest_minutes; daily missing fraction,v2
activity__state_code_5_fraction__median,activity,physiology,CONVERT(activity_class_5min USING utf8): code_5_fraction; across days median,v2
activity__state_code_5_fraction__iqr,activity,physiology,CONVERT(activity_class_5min USING utf8): code_5_fraction; across days iqr,v2
activity__state_code_5_fraction__p10,activity,physiology,CONVERT(activity_class_5min USING utf8): code_5_fraction; across days p10,v2
activity__state_code_5_fraction__p90,activity,physiology,CONVERT(activity_class_5min USING utf8): code_5_fraction; across days p90,v2
activity__state_code_5_fraction__missing_fraction,activity,quality,CONVERT(activity_class_5min USING utf8): code_5_fraction; daily missing fraction,v2
activity__state_code_5_longest_minutes__median,activity,physiology,CONVERT(activity_class_5min USING utf8): code_5_longest_minutes; across days median,v2
activity__state_code_5_longest_minutes__iqr,activity,physiology,CONVERT(activity_class_5min USING utf8): code_5_longest_minutes; across days iqr,v2
activity__state_code_5_longest_minutes__p10,activity,physiology,CONVERT(activity_class_5min USING utf8): code_5_longest_minutes; across days p10,v2
activity__state_code_5_longest_minutes__p90,activity,physiology,CONVERT(activity_class_5min USING utf8): code_5_longest_minutes; across days p90,v2
activity__state_code_5_longest_minutes__missing_fraction,activity,quality,CONVERT(activity_class_5min USING utf8): code_5_longest_minutes; daily missing fraction,v2
activity__state_entropy__median,activity,physiology,CONVERT(activity_class_5min USING utf8): entropy; across days median,v2
activity__state_entropy__iqr,activity,physiology,CONVERT(activity_class_5min USING utf8): entropy; across days iqr,v2
activity__state_entropy__p10,activity,physiology,CONVERT(activity_class_5min USING utf8): entropy; across days p10,v2
activity__state_entropy__p90,activity,physiology,CONVERT(activity_class_5min USING utf8): entropy; across days p90,v2
activity__state_entropy__missing_fraction,activity,quality,CONVERT(activity_class_5min USING utf8): entropy; daily missing fraction,v2
activity__state_transition_rate__median,activity,physiology,CONVERT(activity_class_5min USING utf8): transition_rate; across days median,v2
activity__state_transition_rate__iqr,activity,physiology,CONVERT(activity_class_5min USING utf8): transition_rate; across days iqr,v2
activity__state_transition_rate__p10,activity,physiology,CONVERT(activity_class_5min USING utf8): transition_rate; across days p10,v2
activity__state_transition_rate__p90,activity,physiology,CONVERT(activity_class_5min USING utf8): transition_rate; across days p90,v2
activity__state_transition_rate__missing_fraction,activity,quality,CONVERT(activity_class_5min USING utf8): transition_rate; daily missing fraction,v2
activity__state_valid_fraction__median,activity,quality,CONVERT(activity_class_5min USING utf8): valid_fraction; across days median,v2
activity__state_valid_fraction__iqr,activity,quality,CONVERT(activity_class_5min USING utf8): valid_fraction; across days iqr,v2
activity__state_valid_fraction__p10,activity,quality,CONVERT(activity_class_5min USING utf8): valid_fraction; across days p10,v2
activity__state_valid_fraction__p90,activity,quality,CONVERT(activity_class_5min USING utf8): valid_fraction; across days p90,v2
activity__state_valid_fraction__missing_fraction,activity,quality,CONVERT(activity_class_5min USING utf8): valid_fraction; daily missing fraction,v2
activity__state_length__median,activity,quality,CONVERT(activity_class_5min USING utf8): length; across days median,v2
activity__state_length__iqr,activity,quality,CONVERT(activity_class_5min USING utf8): length; across days iqr,v2
activity__state_length__p10,activity,quality,CONVERT(activity_class_5min USING utf8): length; across days p10,v2
activity__state_length__p90,activity,quality,CONVERT(activity_class_5min USING utf8): length; across days p90,v2
activity__state_length__missing_fraction,activity,quality,CONVERT(activity_class_5min USING utf8): length; daily missing fraction,v2
activity__met_mean__median,activity,physiology,CONVERT(activity_met_1min USING utf8): mean; across days median,v2
activity__met_mean__iqr,activity,physiology,CONVERT(activity_met_1min USING utf8): mean; across days iqr,v2
activity__met_mean__p10,activity,physiology,CONVERT(activity_met_1min USING utf8): mean; across days p10,v2
activity__met_mean__p90,activity,physiology,CONVERT(activity_met_1min USING utf8): mean; across days p90,v2
activity__met_mean__missing_fraction,activity,quality,CONVERT(activity_met_1min USING utf8): mean; daily missing fraction,v2
activity__met_std__median,activity,physiology,CONVERT(activity_met_1min USING utf8): std; across days median,v2
activity__met_std__iqr,activity,physiology,CONVERT(activity_met_1min USING utf8): std; across days iqr,v2
activity__met_std__p10,activity,physiology,CONVERT(activity_met_1min USING utf8): std; across days p10,v2
activity__met_std__p90,activity,physiology,CONVERT(activity_met_1min USING utf8): std; across days p90,v2
activity__met_std__missing_fraction,activity,quality,CONVERT(activity_met_1min USING utf8): std; daily missing fraction,v2
activity__met_p10__median,activity,physiology,CONVERT(activity_met_1min USING utf8): p10; across days median,v2
activity__met_p10__iqr,activity,physiology,CONVERT(activity_met_1min USING utf8): p10; across days iqr,v2
activity__met_p10__p10,activity,physiology,CONVERT(activity_met_1min USING utf8): p10; across days p10,v2
activity__met_p10__p90,activity,physiology,CONVERT(activity_met_1min USING utf8): p10; across days p90,v2
activity__met_p10__missing_fraction,activity,quality,CONVERT(activity_met_1min USING utf8): p10; daily missing fraction,v2
activity__met_p90__median,activity,physiology,CONVERT(activity_met_1min USING utf8): p90; across days median,v2
activity__met_p90__iqr,activity,physiology,CONVERT(activity_met_1min USING utf8): p90; across days iqr,v2
activity__met_p90__p10,activity,physiology,CONVERT(activity_met_1min USING utf8): p90; across days p10,v2
activity__met_p90__p90,activity,physiology,CONVERT(activity_met_1min USING utf8): p90; across days p90,v2
activity__met_p90__missing_fraction,activity,quality,CONVERT(activity_met_1min USING utf8): p90; daily missing fraction,v2
activity__met_rmssd_adjacent__median,activity,physiology,CONVERT(activity_met_1min USING utf8): rmssd_adjacent; across days median,v2
activity__met_rmssd_adjacent__iqr,activity,physiology,CONVERT(activity_met_1min USING utf8): rmssd_adjacent; across days iqr,v2
activity__met_rmssd_adjacent__p10,activity,physiology,CONVERT(activity_met_1min USING utf8): rmssd_adjacent; across days p10,v2
activity__met_rmssd_adjacent__p90,activity,physiology,CONVERT(activity_met_1min USING utf8): rmssd_adjacent; across days p90,v2
activity__met_rmssd_adjacent__missing_fraction,activity,quality,CONVERT(activity_met_1min USING utf8): rmssd_adjacent; daily missing fraction,v2
activity__met_lag1__median,activity,physiology,CONVERT(activity_met_1min USING utf8): lag1; across days median,v2
activity__met_lag1__iqr,activity,physiology,CONVERT(activity_met_1min USING utf8): lag1; across days iqr,v2
activity__met_lag1__p10,activity,physiology,CONVERT(activity_met_1min USING utf8): lag1; across days p10,v2
activity__met_lag1__p90,activity,physiology,CONVERT(activity_met_1min USING utf8): lag1; across days p90,v2
activity__met_lag1__missing_fraction,activity,quality,CONVERT(activity_met_1min USING utf8): lag1; daily missing fraction,v2
activity__met_last_first_third__median,activity,physiology,CONVERT(activity_met_1min USING utf8): last_first_third; across days median,v2
activity__met_last_first_third__iqr,activity,physiology,CONVERT(activity_met_1min USING utf8): last_first_third; across days iqr,v2
activity__met_last_first_third__p10,activity,physiology,CONVERT(activity_met_1min USING utf8): last_first_third; across days p10,v2
activity__met_last_first_third__p90,activity,physiology,CONVERT(activity_met_1min USING utf8): last_first_third; across days p90,v2
activity__met_last_first_third__missing_fraction,activity,quality,CONVERT(activity_met_1min USING utf8): last_first_third; daily missing fraction,v2
activity__met_valid_fraction__median,activity,quality,CONVERT(activity_met_1min USING utf8): valid_fraction; across days median,v2
activity__met_valid_fraction__iqr,activity,quality,CONVERT(activity_met_1min USING utf8): valid_fraction; across days iqr,v2
activity__met_valid_fraction__p10,activity,quality,CONVERT(activity_met_1min USING utf8): valid_fraction; across days p10,v2
activity__met_valid_fraction__p90,activity,quality,CONVERT(activity_met_1min USING utf8): valid_fraction; across days p90,v2
activity__met_valid_fraction__missing_fraction,activity,quality,CONVERT(activity_met_1min USING utf8): valid_fraction; daily missing fraction,v2
activity__met_length__median,activity,quality,CONVERT(activity_met_1min USING utf8): length; across days median,v2
activity__met_length__iqr,activity,quality,CONVERT(activity_met_1min USING utf8): length; across days iqr,v2
activity__met_length__p10,activity,quality,CONVERT(activity_met_1min USING utf8): length; across days p10,v2
activity__met_length__p90,activity,quality,CONVERT(activity_met_1min USING utf8): length; across days p90,v2
activity__met_length__missing_fraction,activity,quality,CONVERT(activity_met_1min USING utf8): length; daily missing fraction,v2
activity__met_cosinor_amplitude__median,activity,physiology,MET clock: cosinor_amplitude; across days median,v2
activity__met_cosinor_amplitude__iqr,activity,physiology,MET clock: cosinor_amplitude; across days iqr,v2
activity__met_cosinor_amplitude__p10,activity,physiology,MET clock: cosinor_amplitude; across days p10,v2
activity__met_cosinor_amplitude__p90,activity,physiology,MET clock: cosinor_amplitude; across days p90,v2
activity__met_cosinor_amplitude__missing_fraction,activity,quality,MET clock: cosinor_amplitude; daily missing fraction,v2
activity__met_cosinor_relative_amplitude__median,activity,physiology,MET clock: cosinor_relative_amplitude; across days median,v2
activity__met_cosinor_relative_amplitude__iqr,activity,physiology,MET clock: cosinor_relative_amplitude; across days iqr,v2
activity__met_cosinor_relative_amplitude__p10,activity,physiology,MET clock: cosinor_relative_amplitude; across days p10,v2
activity__met_cosinor_relative_amplitude__p90,activity,physiology,MET clock: cosinor_relative_amplitude; across days p90,v2
activity__met_cosinor_relative_amplitude__missing_fraction,activity,quality,MET clock: cosinor_relative_amplitude; daily missing fraction,v2
activity__met_cosinor_phase_cos__median,activity,physiology,MET clock: cosinor_phase_cos; across days median,v2
activity__met_cosinor_phase_cos__iqr,activity,physiology,MET clock: cosinor_phase_cos; across days iqr,v2
activity__met_cosinor_phase_cos__p10,activity,physiology,MET clock: cosinor_phase_cos; across days p10,v2
activity__met_cosinor_phase_cos__p90,activity,physiology,MET clock: cosinor_phase_cos; across days p90,v2
activity__met_cosinor_phase_cos__missing_fraction,activity,quality,MET clock: cosinor_phase_cos; daily missing fraction,v2
activity__met_cosinor_phase_sin__median,activity,physiology,MET clock: cosinor_phase_sin; across days median,v2
activity__met_cosinor_phase_sin__iqr,activity,physiology,MET clock: cosinor_phase_sin; across days iqr,v2
activity__met_cosinor_phase_sin__p10,activity,physiology,MET clock: cosinor_phase_sin; across days p10,v2
activity__met_cosinor_phase_sin__p90,activity,physiology,MET clock: cosinor_phase_sin; across days p90,v2
activity__met_cosinor_phase_sin__missing_fraction,activity,quality,MET clock: cosinor_phase_sin; daily missing fraction,v2
activity__met_day_night_difference__median,activity,physiology,MET clock: day_night_difference; across days median,v2
activity__met_day_night_difference__iqr,activity,physiology,MET clock: day_night_difference; across days iqr,v2
activity__met_day_night_difference__p10,activity,physiology,MET clock: day_night_difference; across days p10,v2
activity__met_day_night_difference__p90,activity,physiology,MET clock: day_night_difference; across days p90,v2
activity__met_day_night_difference__missing_fraction,activity,quality,MET clock: day_night_difference; daily missing fraction,v2
activity__met_relative_high10_low5__median,activity,physiology,MET clock: relative_high10_low5; across days median,v2
activity__met_relative_high10_low5__iqr,activity,physiology,MET clock: relative_high10_low5; across days iqr,v2
activity__met_relative_high10_low5__p10,activity,physiology,MET clock: relative_high10_low5; across days p10,v2
activity__met_relative_high10_low5__p90,activity,physiology,MET clock: relative_high10_low5; across days p90,v2
activity__met_relative_high10_low5__missing_fraction,activity,quality,MET clock: relative_high10_low5; daily missing fraction,v2
activity__met_low5_met__median,activity,physiology,MET clock: low5_met; across days median,v2
activity__met_low5_met__iqr,activity,physiology,MET clock: low5_met; across days iqr,v2
activity__met_low5_met__p10,activity,physiology,MET clock: low5_met; across days p10,v2
activity__met_low5_met__p90,activity,physiology,MET clock: low5_met; across days p90,v2
activity__met_low5_met__missing_fraction,activity,quality,MET clock: low5_met; daily missing fraction,v2
activity__met_high10_met__median,activity,physiology,MET clock: high10_met; across days median,v2
activity__met_high10_met__iqr,activity,physiology,MET clock: high10_met; across days iqr,v2
activity__met_high10_met__p10,activity,physiology,MET clock: high10_met; across days p10,v2
activity__met_high10_met__p90,activity,physiology,MET clock: high10_met; across days p90,v2
activity__met_high10_met__missing_fraction,activity,quality,MET clock: high10_met; daily missing fraction,v2
activity__interval_minutes__median,activity,quality,activity__interval_minutes; across days median,v2
activity__interval_minutes__iqr,activity,quality,activity__interval_minutes; across days iqr,v2
activity__interval_minutes__p10,activity,quality,activity__interval_minutes; across days p10,v2
activity__interval_minutes__p90,activity,quality,activity__interval_minutes; across days p90,v2
activity__interval_minutes__missing_fraction,activity,quality,activity__interval_minutes; daily missing fraction,v2
activity__steps_per_wear_hour__median,activity,physiology,steps_per_wear_hour; across days median,v2
activity__steps_per_wear_hour__iqr,activity,physiology,steps_per_wear_hour; across days iqr,v2
activity__steps_per_wear_hour__p10,activity,physiology,steps_per_wear_hour; across days p10,v2
activity__steps_per_wear_hour__p90,activity,physiology,steps_per_wear_hour; across days p90,v2
activity__steps_per_wear_hour__missing_fraction,activity,quality,steps_per_wear_hour; daily missing fraction,v2
activity__moderate_high_fraction__median,activity,physiology,moderate_high_fraction; across days median,v2
activity__moderate_high_fraction__iqr,activity,physiology,moderate_high_fraction; across days iqr,v2
activity__moderate_high_fraction__p10,activity,physiology,moderate_high_fraction; across days p10,v2
activity__moderate_high_fraction__p90,activity,physiology,moderate_high_fraction; across days p90,v2
activity__moderate_high_fraction__missing_fraction,activity,quality,moderate_high_fraction; daily missing fraction,v2
activity__inactive_fraction__median,activity,physiology,inactive_fraction; across days median,v2
activity__inactive_fraction__iqr,activity,physiology,inactive_fraction; across days iqr,v2
activity__inactive_fraction__p10,activity,physiology,inactive_fraction; across days p10,v2
activity__inactive_fraction__p90,activity,physiology,inactive_fraction; across days p90,v2
activity__inactive_fraction__missing_fraction,activity,quality,inactive_fraction; daily missing fraction,v2
activity__quality_n_days,activity,quality,n_days,v2
activity__quality_span_days,activity,quality,span_days,v2
activity__quality_coverage,activity,quality,coverage,v2
activity__steps__day_rmssd,activity,physiology,activity__steps; day_rmssd,v2
activity__steps__trend_per_day,activity,physiology,activity__steps; trend_per_day,v2
activity__steps__consecutive_lag1,activity,physiology,activity__steps; consecutive_lag1,v2
activity__average_met__day_rmssd,activity,physiology,activity__average_met; day_rmssd,v2
activity__average_met__trend_per_day,activity,physiology,activity__average_met; trend_per_day,v2
activity__average_met__consecutive_lag1,activity,physiology,activity__average_met; consecutive_lag1,v2
activity__inactive__day_rmssd,activity,physiology,activity__inactive; day_rmssd,v2
activity__inactive__trend_per_day,activity,physiology,activity__inactive; trend_per_day,v2
activity__inactive__consecutive_lag1,activity,physiology,activity__inactive; consecutive_lag1,v2
activity__met_cosinor_amplitude__day_rmssd,activity,physiology,activity__met_cosinor_amplitude; day_rmssd,v2
activity__met_cosinor_amplitude__trend_per_day,activity,physiology,activity__met_cosinor_amplitude; trend_per_day,v2
activity__met_cosinor_amplitude__consecutive_lag1,activity,physiology,activity__met_cosinor_amplitude; consecutive_lag1,v2
activity__met_relative_high10_low5__day_rmssd,activity,physiology,activity__met_relative_high10_low5; day_rmssd,v2
activity__met_relative_high10_low5__trend_per_day,activity,physiology,activity__met_relative_high10_low5; trend_per_day,v2
activity__met_relative_high10_low5__consecutive_lag1,activity,physiology,activity__met_relative_high10_low5; consecutive_lag1,v2
activity__hourly_profile_stability,activity,physiology,분산 가중 시간대 반복성; 표준 actigraphy IS와 동일한 지표라고 주장하지 않음,v2
sleep__awake__median,sleep,physiology,sleep_awake; across days median,v2
sleep__awake__iqr,sleep,physiology,sleep_awake; across days iqr,v2
sleep__awake__p10,sleep,physiology,sleep_awake; across days p10,v2
sleep__awake__p90,sleep,physiology,sleep_awake; across days p90,v2
sleep__awake__missing_fraction,sleep,quality,sleep_awake; daily missing fraction,v2
sleep__breath_average__median,sleep,physiology,sleep_breath_average; across days median,v2
sleep__breath_average__iqr,sleep,physiology,sleep_breath_average; across days iqr,v2
sleep__breath_average__p10,sleep,physiology,sleep_breath_average; across days p10,v2
sleep__breath_average__p90,sleep,physiology,sleep_breath_average; across days p90,v2
sleep__breath_average__missing_fraction,sleep,quality,sleep_breath_average; daily missing fraction,v2
sleep__deep__median,sleep,physiology,sleep_deep; across days median,v2
sleep__deep__iqr,sleep,physiology,sleep_deep; across days iqr,v2
sleep__deep__p10,sleep,physiology,sleep_deep; across days p10,v2
sleep__deep__p90,sleep,physiology,sleep_deep; across days p90,v2
sleep__deep__missing_fraction,sleep,quality,sleep_deep; daily missing fraction,v2
sleep__duration__median,sleep,physiology,sleep_duration; across days median,v2
sleep__duration__iqr,sleep,physiology,sleep_duration; across days iqr,v2
sleep__duration__p10,sleep,physiology,sleep_duration; across days p10,v2
sleep__duration__p90,sleep,physiology,sleep_duration; across days p90,v2
sleep__duration__missing_fraction,sleep,quality,sleep_duration; daily missing fraction,v2
sleep__efficiency__median,sleep,physiology,sleep_efficiency; across days median,v2
sleep__efficiency__iqr,sleep,physiology,sleep_efficiency; across days iqr,v2
sleep__efficiency__p10,sleep,physiology,sleep_efficiency; across days p10,v2
sleep__efficiency__p90,sleep,physiology,sleep_efficiency; across days p90,v2
sleep__efficiency__missing_fraction,sleep,quality,sleep_efficiency; daily missing fraction,v2
sleep__hr_average__median,sleep,physiology,sleep_hr_average; across days median,v2
sleep__hr_average__iqr,sleep,physiology,sleep_hr_average; across days iqr,v2
sleep__hr_average__p10,sleep,physiology,sleep_hr_average; across days p10,v2
sleep__hr_average__p90,sleep,physiology,sleep_hr_average; across days p90,v2
sleep__hr_average__missing_fraction,sleep,quality,sleep_hr_average; daily missing fraction,v2
sleep__hr_lowest__median,sleep,physiology,sleep_hr_lowest; across days median,v2
sleep__hr_lowest__iqr,sleep,physiology,sleep_hr_lowest; across days iqr,v2
sleep__hr_lowest__p10,sleep,physiology,sleep_hr_lowest; across days p10,v2
sleep__hr_lowest__p90,sleep,physiology,sleep_hr_lowest; across days p90,v2
sleep__hr_lowest__missing_fraction,sleep,quality,sleep_hr_lowest; daily missing fraction,v2
sleep__light__median,sleep,physiology,sleep_light; across days median,v2
sleep__light__iqr,sleep,physiology,sleep_light; across days iqr,v2
sleep__light__p10,sleep,physiology,sleep_light; across days p10,v2
sleep__light__p90,sleep,physiology,sleep_light; across days p90,v2
sleep__light__missing_fraction,sleep,quality,sleep_light; daily missing fraction,v2
sleep__onset_latency__median,sleep,physiology,sleep_onset_latency; across days median,v2
sleep__onset_latency__iqr,sleep,physiology,sleep_onset_latency; across days iqr,v2
sleep__onset_latency__p10,sleep,physiology,sleep_onset_latency; across days p10,v2
sleep__onset_latency__p90,sleep,physiology,sleep_onset_latency; across days p90,v2
sleep__onset_latency__missing_fraction,sleep,quality,sleep_onset_latency; daily missing fraction,v2
sleep__rem__median,sleep,physiology,sleep_rem; across days median,v2
sleep__rem__iqr,sleep,physiology,sleep_rem; across days iqr,v2
sleep__rem__p10,sleep,physiology,sleep_rem; across days p10,v2
sleep__rem__p90,sleep,physiology,sleep_rem; across days p90,v2
sleep__rem__missing_fraction,sleep,quality,sleep_rem; daily missing fraction,v2
sleep__restless__median,sleep,physiology,sleep_restless; across days median,v2
sleep__restless__iqr,sleep,physiology,sleep_restless; across days iqr,v2
sleep__restless__p10,sleep,physiology,sleep_restless; across days p10,v2
sleep__restless__p90,sleep,physiology,sleep_restless; across days p90,v2
sleep__restless__missing_fraction,sleep,quality,sleep_restless; daily missing fraction,v2
sleep__rmssd__median,sleep,physiology,sleep_rmssd; across days median,v2
sleep__rmssd__iqr,sleep,physiology,sleep_rmssd; across days iqr,v2
sleep__rmssd__p10,sleep,physiology,sleep_rmssd; across days p10,v2
sleep__rmssd__p90,sleep,physiology,sleep_rmssd; across days p90,v2
sleep__rmssd__missing_fraction,sleep,quality,sleep_rmssd; daily missing fraction,v2
sleep__score__median,sleep,vendor,sleep_score; across days median,v2
sleep__score__iqr,sleep,vendor,sleep_score; across days iqr,v2
sleep__score__p10,sleep,vendor,sleep_score; across days p10,v2
sleep__score__p90,sleep,vendor,sleep_score; across days p90,v2
sleep__score__missing_fraction,sleep,quality,sleep_score; daily missing fraction,v2
sleep__score_alignment__median,sleep,vendor,sleep_score_alignment; across days median,v2
sleep__score_alignment__iqr,sleep,vendor,sleep_score_alignment; across days iqr,v2
sleep__score_alignment__p10,sleep,vendor,sleep_score_alignment; across days p10,v2
sleep__score_alignment__p90,sleep,vendor,sleep_score_alignment; across days p90,v2
sleep__score_alignment__missing_fraction,sleep,quality,sleep_score_alignment; daily missing fraction,v2
sleep__score_deep__median,sleep,vendor,sleep_score_deep; across days median,v2
sleep__score_deep__iqr,sleep,vendor,sleep_score_deep; across days iqr,v2
sleep__score_deep__p10,sleep,vendor,sleep_score_deep; across days p10,v2
sleep__score_deep__p90,sleep,vendor,sleep_score_deep; across days p90,v2
sleep__score_deep__missing_fraction,sleep,quality,sleep_score_deep; daily missing fraction,v2
sleep__score_disturbances__median,sleep,vendor,sleep_score_disturbances; across days median,v2
sleep__score_disturbances__iqr,sleep,vendor,sleep_score_disturbances; across days iqr,v2
sleep__score_disturbances__p10,sleep,vendor,sleep_score_disturbances; across days p10,v2
sleep__score_disturbances__p90,sleep,vendor,sleep_score_disturbances; across days p90,v2
sleep__score_disturbances__missing_fraction,sleep,quality,sleep_score_disturbances; daily missing fraction,v2
sleep__score_efficiency__median,sleep,vendor,sleep_score_efficiency; across days median,v2
sleep__score_efficiency__iqr,sleep,vendor,sleep_score_efficiency; across days iqr,v2
sleep__score_efficiency__p10,sleep,vendor,sleep_score_efficiency; across days p10,v2
sleep__score_efficiency__p90,sleep,vendor,sleep_score_efficiency; across days p90,v2
sleep__score_efficiency__missing_fraction,sleep,quality,sleep_score_efficiency; daily missing fraction,v2
sleep__score_latency__median,sleep,vendor,sleep_score_latency; across days median,v2
sleep__score_latency__iqr,sleep,vendor,sleep_score_latency; across days iqr,v2
sleep__score_latency__p10,sleep,vendor,sleep_score_latency; across days p10,v2
sleep__score_latency__p90,sleep,vendor,sleep_score_latency; across days p90,v2
sleep__score_latency__missing_fraction,sleep,quality,sleep_score_latency; daily missing fraction,v2
sleep__score_rem__median,sleep,vendor,sleep_score_rem; across days median,v2
sleep__score_rem__iqr,sleep,vendor,sleep_score_rem; across days iqr,v2
sleep__score_rem__p10,sleep,vendor,sleep_score_rem; across days p10,v2
sleep__score_rem__p90,sleep,vendor,sleep_score_rem; across days p90,v2
sleep__score_rem__missing_fraction,sleep,quality,sleep_score_rem; daily missing fraction,v2
sleep__score_total__median,sleep,vendor,sleep_score_total; across days median,v2
sleep__score_total__iqr,sleep,vendor,sleep_score_total; across days iqr,v2
sleep__score_total__p10,sleep,vendor,sleep_score_total; across days p10,v2
sleep__score_total__p90,sleep,vendor,sleep_score_total; across days p90,v2
sleep__score_total__missing_fraction,sleep,quality,sleep_score_total; daily missing fraction,v2
sleep__temperature_delta__median,sleep,physiology,sleep_temperature_delta; across days median,v2
sleep__temperature_delta__iqr,sleep,physiology,sleep_temperature_delta; across days iqr,v2
sleep__temperature_delta__p10,sleep,physiology,sleep_temperature_delta; across days p10,v2
sleep__temperature_delta__p90,sleep,physiology,sleep_temperature_delta; across days p90,v2
sleep__temperature_delta__missing_fraction,sleep,quality,sleep_temperature_delta; daily missing fraction,v2
sleep__temperature_deviation__median,sleep,physiology,sleep_temperature_deviation; across days median,v2
sleep__temperature_deviation__iqr,sleep,physiology,sleep_temperature_deviation; across days iqr,v2
sleep__temperature_deviation__p10,sleep,physiology,sleep_temperature_deviation; across days p10,v2
sleep__temperature_deviation__p90,sleep,physiology,sleep_temperature_deviation; across days p90,v2
sleep__temperature_deviation__missing_fraction,sleep,quality,sleep_temperature_deviation; daily missing fraction,v2
sleep__total__median,sleep,physiology,sleep_total; across days median,v2
sleep__total__iqr,sleep,physiology,sleep_total; across days iqr,v2
sleep__total__p10,sleep,physiology,sleep_total; across days p10,v2
sleep__total__p90,sleep,physiology,sleep_total; across days p90,v2
sleep__total__missing_fraction,sleep,quality,sleep_total; daily missing fraction,v2
sleep__hr_mean__median,sleep,physiology,CONVERT(sleep_hr_5min USING utf8): mean; across days median,v2
sleep__hr_mean__iqr,sleep,physiology,CONVERT(sleep_hr_5min USING utf8): mean; across days iqr,v2
sleep__hr_mean__p10,sleep,physiology,CONVERT(sleep_hr_5min USING utf8): mean; across days p10,v2
sleep__hr_mean__p90,sleep,physiology,CONVERT(sleep_hr_5min USING utf8): mean; across days p90,v2
sleep__hr_mean__missing_fraction,sleep,quality,CONVERT(sleep_hr_5min USING utf8): mean; daily missing fraction,v2
sleep__hr_std__median,sleep,physiology,CONVERT(sleep_hr_5min USING utf8): std; across days median,v2
sleep__hr_std__iqr,sleep,physiology,CONVERT(sleep_hr_5min USING utf8): std; across days iqr,v2
sleep__hr_std__p10,sleep,physiology,CONVERT(sleep_hr_5min USING utf8): std; across days p10,v2
sleep__hr_std__p90,sleep,physiology,CONVERT(sleep_hr_5min USING utf8): std; across days p90,v2
sleep__hr_std__missing_fraction,sleep,quality,CONVERT(sleep_hr_5min USING utf8): std; daily missing fraction,v2
sleep__hr_p10__median,sleep,physiology,CONVERT(sleep_hr_5min USING utf8): p10; across days median,v2
sleep__hr_p10__iqr,sleep,physiology,CONVERT(sleep_hr_5min USING utf8): p10; across days iqr,v2
sleep__hr_p10__p10,sleep,physiology,CONVERT(sleep_hr_5min USING utf8): p10; across days p10,v2
sleep__hr_p10__p90,sleep,physiology,CONVERT(sleep_hr_5min USING utf8): p10; across days p90,v2
sleep__hr_p10__missing_fraction,sleep,quality,CONVERT(sleep_hr_5min USING utf8): p10; daily missing fraction,v2
sleep__hr_p90__median,sleep,physiology,CONVERT(sleep_hr_5min USING utf8): p90; across days median,v2
sleep__hr_p90__iqr,sleep,physiology,CONVERT(sleep_hr_5min USING utf8): p90; across days iqr,v2
sleep__hr_p90__p10,sleep,physiology,CONVERT(sleep_hr_5min USING utf8): p90; across days p10,v2
sleep__hr_p90__p90,sleep,physiology,CONVERT(sleep_hr_5min USING utf8): p90; across days p90,v2
sleep__hr_p90__missing_fraction,sleep,quality,CONVERT(sleep_hr_5min USING utf8): p90; daily missing fraction,v2
sleep__hr_rmssd_adjacent__median,sleep,physiology,CONVERT(sleep_hr_5min USING utf8): rmssd_adjacent; across days median,v2
sleep__hr_rmssd_adjacent__iqr,sleep,physiology,CONVERT(sleep_hr_5min USING utf8): rmssd_adjacent; across days iqr,v2
sleep__hr_rmssd_adjacent__p10,sleep,physiology,CONVERT(sleep_hr_5min USING utf8): rmssd_adjacent; across days p10,v2
sleep__hr_rmssd_adjacent__p90,sleep,physiology,CONVERT(sleep_hr_5min USING utf8): rmssd_adjacent; across days p90,v2
sleep__hr_rmssd_adjacent__missing_fraction,sleep,quality,CONVERT(sleep_hr_5min USING utf8): rmssd_adjacent; daily missing fraction,v2
sleep__hr_lag1__median,sleep,physiology,CONVERT(sleep_hr_5min USING utf8): lag1; across days median,v2
sleep__hr_lag1__iqr,sleep,physiology,CONVERT(sleep_hr_5min USING utf8): lag1; across days iqr,v2
sleep__hr_lag1__p10,sleep,physiology,CONVERT(sleep_hr_5min USING utf8): lag1; across days p10,v2
sleep__hr_lag1__p90,sleep,physiology,CONVERT(sleep_hr_5min USING utf8): lag1; across days p90,v2
sleep__hr_lag1__missing_fraction,sleep,quality,CONVERT(sleep_hr_5min USING utf8): lag1; daily missing fraction,v2
sleep__hr_last_first_third__median,sleep,physiology,CONVERT(sleep_hr_5min USING utf8): last_first_third; across days median,v2
sleep__hr_last_first_third__iqr,sleep,physiology,CONVERT(sleep_hr_5min USING utf8): last_first_third; across days iqr,v2
sleep__hr_last_first_third__p10,sleep,physiology,CONVERT(sleep_hr_5min USING utf8): last_first_third; across days p10,v2
sleep__hr_last_first_third__p90,sleep,physiology,CONVERT(sleep_hr_5min USING utf8): last_first_third; across days p90,v2
sleep__hr_last_first_third__missing_fraction,sleep,quality,CONVERT(sleep_hr_5min USING utf8): last_first_third; daily missing fraction,v2
sleep__hr_valid_fraction__median,sleep,quality,CONVERT(sleep_hr_5min USING utf8): valid_fraction; across days median,v2
sleep__hr_valid_fraction__iqr,sleep,quality,CONVERT(sleep_hr_5min USING utf8): valid_fraction; across days iqr,v2
sleep__hr_valid_fraction__p10,sleep,quality,CONVERT(sleep_hr_5min USING utf8): valid_fraction; across days p10,v2
sleep__hr_valid_fraction__p90,sleep,quality,CONVERT(sleep_hr_5min USING utf8): valid_fraction; across days p90,v2
sleep__hr_valid_fraction__missing_fraction,sleep,quality,CONVERT(sleep_hr_5min USING utf8): valid_fraction; daily missing fraction,v2
sleep__hr_length__median,sleep,quality,CONVERT(sleep_hr_5min USING utf8): length; across days median,v2
sleep__hr_length__iqr,sleep,quality,CONVERT(sleep_hr_5min USING utf8): length; across days iqr,v2
sleep__hr_length__p10,sleep,quality,CONVERT(sleep_hr_5min USING utf8): length; across days p10,v2
sleep__hr_length__p90,sleep,quality,CONVERT(sleep_hr_5min USING utf8): length; across days p90,v2
sleep__hr_length__missing_fraction,sleep,quality,CONVERT(sleep_hr_5min USING utf8): length; daily missing fraction,v2
sleep__state_code_1_fraction__median,sleep,physiology,CONVERT(sleep_hypnogram_5min USING utf8): code_1_fraction; across days median,v2
sleep__state_code_1_fraction__iqr,sleep,physiology,CONVERT(sleep_hypnogram_5min USING utf8): code_1_fraction; across days iqr,v2
sleep__state_code_1_fraction__p10,sleep,physiology,CONVERT(sleep_hypnogram_5min USING utf8): code_1_fraction; across days p10,v2
sleep__state_code_1_fraction__p90,sleep,physiology,CONVERT(sleep_hypnogram_5min USING utf8): code_1_fraction; across days p90,v2
sleep__state_code_1_fraction__missing_fraction,sleep,quality,CONVERT(sleep_hypnogram_5min USING utf8): code_1_fraction; daily missing fraction,v2
sleep__state_code_1_longest_minutes__median,sleep,physiology,CONVERT(sleep_hypnogram_5min USING utf8): code_1_longest_minutes; across days median,v2
sleep__state_code_1_longest_minutes__iqr,sleep,physiology,CONVERT(sleep_hypnogram_5min USING utf8): code_1_longest_minutes; across days iqr,v2
sleep__state_code_1_longest_minutes__p10,sleep,physiology,CONVERT(sleep_hypnogram_5min USING utf8): code_1_longest_minutes; across days p10,v2
sleep__state_code_1_longest_minutes__p90,sleep,physiology,CONVERT(sleep_hypnogram_5min USING utf8): code_1_longest_minutes; across days p90,v2
sleep__state_code_1_longest_minutes__missing_fraction,sleep,quality,CONVERT(sleep_hypnogram_5min USING utf8): code_1_longest_minutes; daily missing fraction,v2
sleep__state_code_2_fraction__median,sleep,physiology,CONVERT(sleep_hypnogram_5min USING utf8): code_2_fraction; across days median,v2
sleep__state_code_2_fraction__iqr,sleep,physiology,CONVERT(sleep_hypnogram_5min USING utf8): code_2_fraction; across days iqr,v2
sleep__state_code_2_fraction__p10,sleep,physiology,CONVERT(sleep_hypnogram_5min USING utf8): code_2_fraction; across days p10,v2
sleep__state_code_2_fraction__p90,sleep,physiology,CONVERT(sleep_hypnogram_5min USING utf8): code_2_fraction; across days p90,v2
sleep__state_code_2_fraction__missing_fraction,sleep,quality,CONVERT(sleep_hypnogram_5min USING utf8): code_2_fraction; daily missing fraction,v2
sleep__state_code_2_longest_minutes__median,sleep,physiology,CONVERT(sleep_hypnogram_5min USING utf8): code_2_longest_minutes; across days median,v2
sleep__state_code_2_longest_minutes__iqr,sleep,physiology,CONVERT(sleep_hypnogram_5min USING utf8): code_2_longest_minutes; across days iqr,v2
sleep__state_code_2_longest_minutes__p10,sleep,physiology,CONVERT(sleep_hypnogram_5min USING utf8): code_2_longest_minutes; across days p10,v2
sleep__state_code_2_longest_minutes__p90,sleep,physiology,CONVERT(sleep_hypnogram_5min USING utf8): code_2_longest_minutes; across days p90,v2
sleep__state_code_2_longest_minutes__missing_fraction,sleep,quality,CONVERT(sleep_hypnogram_5min USING utf8): code_2_longest_minutes; daily missing fraction,v2
sleep__state_code_3_fraction__median,sleep,physiology,CONVERT(sleep_hypnogram_5min USING utf8): code_3_fraction; across days median,v2
sleep__state_code_3_fraction__iqr,sleep,physiology,CONVERT(sleep_hypnogram_5min USING utf8): code_3_fraction; across days iqr,v2
sleep__state_code_3_fraction__p10,sleep,physiology,CONVERT(sleep_hypnogram_5min USING utf8): code_3_fraction; across days p10,v2
sleep__state_code_3_fraction__p90,sleep,physiology,CONVERT(sleep_hypnogram_5min USING utf8): code_3_fraction; across days p90,v2
sleep__state_code_3_fraction__missing_fraction,sleep,quality,CONVERT(sleep_hypnogram_5min USING utf8): code_3_fraction; daily missing fraction,v2
sleep__state_code_3_longest_minutes__median,sleep,physiology,CONVERT(sleep_hypnogram_5min USING utf8): code_3_longest_minutes; across days median,v2
sleep__state_code_3_longest_minutes__iqr,sleep,physiology,CONVERT(sleep_hypnogram_5min USING utf8): code_3_longest_minutes; across days iqr,v2
sleep__state_code_3_longest_minutes__p10,sleep,physiology,CONVERT(sleep_hypnogram_5min USING utf8): code_3_longest_minutes; across days p10,v2
sleep__state_code_3_longest_minutes__p90,sleep,physiology,CONVERT(sleep_hypnogram_5min USING utf8): code_3_longest_minutes; across days p90,v2
sleep__state_code_3_longest_minutes__missing_fraction,sleep,quality,CONVERT(sleep_hypnogram_5min USING utf8): code_3_longest_minutes; daily missing fraction,v2
sleep__state_code_4_fraction__median,sleep,physiology,CONVERT(sleep_hypnogram_5min USING utf8): code_4_fraction; across days median,v2
sleep__state_code_4_fraction__iqr,sleep,physiology,CONVERT(sleep_hypnogram_5min USING utf8): code_4_fraction; across days iqr,v2
sleep__state_code_4_fraction__p10,sleep,physiology,CONVERT(sleep_hypnogram_5min USING utf8): code_4_fraction; across days p10,v2
sleep__state_code_4_fraction__p90,sleep,physiology,CONVERT(sleep_hypnogram_5min USING utf8): code_4_fraction; across days p90,v2
sleep__state_code_4_fraction__missing_fraction,sleep,quality,CONVERT(sleep_hypnogram_5min USING utf8): code_4_fraction; daily missing fraction,v2
sleep__state_code_4_longest_minutes__median,sleep,physiology,CONVERT(sleep_hypnogram_5min USING utf8): code_4_longest_minutes; across days median,v2
sleep__state_code_4_longest_minutes__iqr,sleep,physiology,CONVERT(sleep_hypnogram_5min USING utf8): code_4_longest_minutes; across days iqr,v2
sleep__state_code_4_longest_minutes__p10,sleep,physiology,CONVERT(sleep_hypnogram_5min USING utf8): code_4_longest_minutes; across days p10,v2
sleep__state_code_4_longest_minutes__p90,sleep,physiology,CONVERT(sleep_hypnogram_5min USING utf8): code_4_longest_minutes; across days p90,v2
sleep__state_code_4_longest_minutes__missing_fraction,sleep,quality,CONVERT(sleep_hypnogram_5min USING utf8): code_4_longest_minutes; daily missing fraction,v2
sleep__state_entropy__median,sleep,physiology,CONVERT(sleep_hypnogram_5min USING utf8): entropy; across days median,v2
sleep__state_entropy__iqr,sleep,physiology,CONVERT(sleep_hypnogram_5min USING utf8): entropy; across days iqr,v2
sleep__state_entropy__p10,sleep,physiology,CONVERT(sleep_hypnogram_5min USING utf8): entropy; across days p10,v2
sleep__state_entropy__p90,sleep,physiology,CONVERT(sleep_hypnogram_5min USING utf8): entropy; across days p90,v2
sleep__state_entropy__missing_fraction,sleep,quality,CONVERT(sleep_hypnogram_5min USING utf8): entropy; daily missing fraction,v2
sleep__state_transition_rate__median,sleep,physiology,CONVERT(sleep_hypnogram_5min USING utf8): transition_rate; across days median,v2
sleep__state_transition_rate__iqr,sleep,physiology,CONVERT(sleep_hypnogram_5min USING utf8): transition_rate; across days iqr,v2
sleep__state_transition_rate__p10,sleep,physiology,CONVERT(sleep_hypnogram_5min USING utf8): transition_rate; across days p10,v2
sleep__state_transition_rate__p90,sleep,physiology,CONVERT(sleep_hypnogram_5min USING utf8): transition_rate; across days p90,v2
sleep__state_transition_rate__missing_fraction,sleep,quality,CONVERT(sleep_hypnogram_5min USING utf8): transition_rate; daily missing fraction,v2
sleep__state_valid_fraction__median,sleep,quality,CONVERT(sleep_hypnogram_5min USING utf8): valid_fraction; across days median,v2
sleep__state_valid_fraction__iqr,sleep,quality,CONVERT(sleep_hypnogram_5min USING utf8): valid_fraction; across days iqr,v2
sleep__state_valid_fraction__p10,sleep,quality,CONVERT(sleep_hypnogram_5min USING utf8): valid_fraction; across days p10,v2
sleep__state_valid_fraction__p90,sleep,quality,CONVERT(sleep_hypnogram_5min USING utf8): valid_fraction; across days p90,v2
sleep__state_valid_fraction__missing_fraction,sleep,quality,CONVERT(sleep_hypnogram_5min USING utf8): valid_fraction; daily missing fraction,v2
sleep__state_length__median,sleep,quality,CONVERT(sleep_hypnogram_5min USING utf8): length; across days median,v2
sleep__state_length__iqr,sleep,quality,CONVERT(sleep_hypnogram_5min USING utf8): length; across days iqr,v2
sleep__state_length__p10,sleep,quality,CONVERT(sleep_hypnogram_5min USING utf8): length; across days p10,v2
sleep__state_length__p90,sleep,quality,CONVERT(sleep_hypnogram_5min USING utf8): length; across days p90,v2
sleep__state_length__missing_fraction,sleep,quality,CONVERT(sleep_hypnogram_5min USING utf8): length; daily missing fraction,v2
sleep__hrv_mean__median,sleep,physiology,CONVERT(sleep_rmssd_5min USING utf8): mean; across days median,v2
sleep__hrv_mean__iqr,sleep,physiology,CONVERT(sleep_rmssd_5min USING utf8): mean; across days iqr,v2
sleep__hrv_mean__p10,sleep,physiology,CONVERT(sleep_rmssd_5min USING utf8): mean; across days p10,v2
sleep__hrv_mean__p90,sleep,physiology,CONVERT(sleep_rmssd_5min USING utf8): mean; across days p90,v2
sleep__hrv_mean__missing_fraction,sleep,quality,CONVERT(sleep_rmssd_5min USING utf8): mean; daily missing fraction,v2
sleep__hrv_std__median,sleep,physiology,CONVERT(sleep_rmssd_5min USING utf8): std; across days median,v2
sleep__hrv_std__iqr,sleep,physiology,CONVERT(sleep_rmssd_5min USING utf8): std; across days iqr,v2
sleep__hrv_std__p10,sleep,physiology,CONVERT(sleep_rmssd_5min USING utf8): std; across days p10,v2
sleep__hrv_std__p90,sleep,physiology,CONVERT(sleep_rmssd_5min USING utf8): std; across days p90,v2
sleep__hrv_std__missing_fraction,sleep,quality,CONVERT(sleep_rmssd_5min USING utf8): std; daily missing fraction,v2
sleep__hrv_p10__median,sleep,physiology,CONVERT(sleep_rmssd_5min USING utf8): p10; across days median,v2
sleep__hrv_p10__iqr,sleep,physiology,CONVERT(sleep_rmssd_5min USING utf8): p10; across days iqr,v2
sleep__hrv_p10__p10,sleep,physiology,CONVERT(sleep_rmssd_5min USING utf8): p10; across days p10,v2
sleep__hrv_p10__p90,sleep,physiology,CONVERT(sleep_rmssd_5min USING utf8): p10; across days p90,v2
sleep__hrv_p10__missing_fraction,sleep,quality,CONVERT(sleep_rmssd_5min USING utf8): p10; daily missing fraction,v2
sleep__hrv_p90__median,sleep,physiology,CONVERT(sleep_rmssd_5min USING utf8): p90; across days median,v2
sleep__hrv_p90__iqr,sleep,physiology,CONVERT(sleep_rmssd_5min USING utf8): p90; across days iqr,v2
sleep__hrv_p90__p10,sleep,physiology,CONVERT(sleep_rmssd_5min USING utf8): p90; across days p10,v2
sleep__hrv_p90__p90,sleep,physiology,CONVERT(sleep_rmssd_5min USING utf8): p90; across days p90,v2
sleep__hrv_p90__missing_fraction,sleep,quality,CONVERT(sleep_rmssd_5min USING utf8): p90; daily missing fraction,v2
sleep__hrv_rmssd_adjacent__median,sleep,physiology,CONVERT(sleep_rmssd_5min USING utf8): rmssd_adjacent; across days median,v2
sleep__hrv_rmssd_adjacent__iqr,sleep,physiology,CONVERT(sleep_rmssd_5min USING utf8): rmssd_adjacent; across days iqr,v2
sleep__hrv_rmssd_adjacent__p10,sleep,physiology,CONVERT(sleep_rmssd_5min USING utf8): rmssd_adjacent; across days p10,v2
sleep__hrv_rmssd_adjacent__p90,sleep,physiology,CONVERT(sleep_rmssd_5min USING utf8): rmssd_adjacent; across days p90,v2
sleep__hrv_rmssd_adjacent__missing_fraction,sleep,quality,CONVERT(sleep_rmssd_5min USING utf8): rmssd_adjacent; daily missing fraction,v2
sleep__hrv_lag1__median,sleep,physiology,CONVERT(sleep_rmssd_5min USING utf8): lag1; across days median,v2
sleep__hrv_lag1__iqr,sleep,physiology,CONVERT(sleep_rmssd_5min USING utf8): lag1; across days iqr,v2
sleep__hrv_lag1__p10,sleep,physiology,CONVERT(sleep_rmssd_5min USING utf8): lag1; across days p10,v2
sleep__hrv_lag1__p90,sleep,physiology,CONVERT(sleep_rmssd_5min USING utf8): lag1; across days p90,v2
sleep__hrv_lag1__missing_fraction,sleep,quality,CONVERT(sleep_rmssd_5min USING utf8): lag1; daily missing fraction,v2
sleep__hrv_last_first_third__median,sleep,physiology,CONVERT(sleep_rmssd_5min USING utf8): last_first_third; across days median,v2
sleep__hrv_last_first_third__iqr,sleep,physiology,CONVERT(sleep_rmssd_5min USING utf8): last_first_third; across days iqr,v2
sleep__hrv_last_first_third__p10,sleep,physiology,CONVERT(sleep_rmssd_5min USING utf8): last_first_third; across days p10,v2
sleep__hrv_last_first_third__p90,sleep,physiology,CONVERT(sleep_rmssd_5min USING utf8): last_first_third; across days p90,v2
sleep__hrv_last_first_third__missing_fraction,sleep,quality,CONVERT(sleep_rmssd_5min USING utf8): last_first_third; daily missing fraction,v2
sleep__hrv_valid_fraction__median,sleep,quality,CONVERT(sleep_rmssd_5min USING utf8): valid_fraction; across days median,v2
sleep__hrv_valid_fraction__iqr,sleep,quality,CONVERT(sleep_rmssd_5min USING utf8): valid_fraction; across days iqr,v2
sleep__hrv_valid_fraction__p10,sleep,quality,CONVERT(sleep_rmssd_5min USING utf8): valid_fraction; across days p10,v2
sleep__hrv_valid_fraction__p90,sleep,quality,CONVERT(sleep_rmssd_5min USING utf8): valid_fraction; across days p90,v2
sleep__hrv_valid_fraction__missing_fraction,sleep,quality,CONVERT(sleep_rmssd_5min USING utf8): valid_fraction; daily missing fraction,v2
sleep__hrv_length__median,sleep,quality,CONVERT(sleep_rmssd_5min USING utf8): length; across days median,v2
sleep__hrv_length__iqr,sleep,quality,CONVERT(sleep_rmssd_5min USING utf8): length; across days iqr,v2
sleep__hrv_length__p10,sleep,quality,CONVERT(sleep_rmssd_5min USING utf8): length; across days p10,v2
sleep__hrv_length__p90,sleep,quality,CONVERT(sleep_rmssd_5min USING utf8): length; across days p90,v2
sleep__hrv_length__missing_fraction,sleep,quality,CONVERT(sleep_rmssd_5min USING utf8): length; daily missing fraction,v2
sleep__deep_fraction__median,sleep,physiology,deep_fraction; across days median,v2
sleep__deep_fraction__iqr,sleep,physiology,deep_fraction; across days iqr,v2
sleep__deep_fraction__p10,sleep,physiology,deep_fraction; across days p10,v2
sleep__deep_fraction__p90,sleep,physiology,deep_fraction; across days p90,v2
sleep__deep_fraction__missing_fraction,sleep,quality,deep_fraction; daily missing fraction,v2
sleep__light_fraction__median,sleep,physiology,light_fraction; across days median,v2
sleep__light_fraction__iqr,sleep,physiology,light_fraction; across days iqr,v2
sleep__light_fraction__p10,sleep,physiology,light_fraction; across days p10,v2
sleep__light_fraction__p90,sleep,physiology,light_fraction; across days p90,v2
sleep__light_fraction__missing_fraction,sleep,quality,light_fraction; daily missing fraction,v2
sleep__rem_fraction__median,sleep,physiology,rem_fraction; across days median,v2
sleep__rem_fraction__iqr,sleep,physiology,rem_fraction; across days iqr,v2
sleep__rem_fraction__p10,sleep,physiology,rem_fraction; across days p10,v2
sleep__rem_fraction__p90,sleep,physiology,rem_fraction; across days p90,v2
sleep__rem_fraction__missing_fraction,sleep,quality,rem_fraction; daily missing fraction,v2
sleep__awake_fraction__median,sleep,physiology,awake_fraction; across days median,v2
sleep__awake_fraction__iqr,sleep,physiology,awake_fraction; across days iqr,v2
sleep__awake_fraction__p10,sleep,physiology,awake_fraction; across days p10,v2
sleep__awake_fraction__p90,sleep,physiology,awake_fraction; across days p90,v2
sleep__awake_fraction__missing_fraction,sleep,quality,awake_fraction; daily missing fraction,v2
sleep__latency_fraction__median,sleep,physiology,latency_fraction; across days median,v2
sleep__latency_fraction__iqr,sleep,physiology,latency_fraction; across days iqr,v2
sleep__latency_fraction__p10,sleep,physiology,latency_fraction; across days p10,v2
sleep__latency_fraction__p90,sleep,physiology,latency_fraction; across days p90,v2
sleep__latency_fraction__missing_fraction,sleep,quality,latency_fraction; daily missing fraction,v2
sleep__bedtime_sin__median,sleep,physiology,bedtime_sin; across days median,v2
sleep__bedtime_sin__iqr,sleep,physiology,bedtime_sin; across days iqr,v2
sleep__bedtime_sin__p10,sleep,physiology,bedtime_sin; across days p10,v2
sleep__bedtime_sin__p90,sleep,physiology,bedtime_sin; across days p90,v2
sleep__bedtime_sin__missing_fraction,sleep,quality,bedtime_sin; daily missing fraction,v2
sleep__bedtime_cos__median,sleep,physiology,bedtime_cos; across days median,v2
sleep__bedtime_cos__iqr,sleep,physiology,bedtime_cos; across days iqr,v2
sleep__bedtime_cos__p10,sleep,physiology,bedtime_cos; across days p10,v2
sleep__bedtime_cos__p90,sleep,physiology,bedtime_cos; across days p90,v2
sleep__bedtime_cos__missing_fraction,sleep,quality,bedtime_cos; daily missing fraction,v2
sleep__wake_sin__median,sleep,physiology,wake_sin; across days median,v2
sleep__wake_sin__iqr,sleep,physiology,wake_sin; across days iqr,v2
sleep__wake_sin__p10,sleep,physiology,wake_sin; across days p10,v2
sleep__wake_sin__p90,sleep,physiology,wake_sin; across days p90,v2
sleep__wake_sin__missing_fraction,sleep,quality,wake_sin; daily missing fraction,v2
sleep__wake_cos__median,sleep,physiology,wake_cos; across days median,v2
sleep__wake_cos__iqr,sleep,physiology,wake_cos; across days iqr,v2
sleep__wake_cos__p10,sleep,physiology,wake_cos; across days p10,v2
sleep__wake_cos__p90,sleep,physiology,wake_cos; across days p90,v2
sleep__wake_cos__missing_fraction,sleep,quality,wake_cos; daily missing fraction,v2
sleep__quality_n_days,sleep,quality,n_days,v2
sleep__quality_span_days,sleep,quality,span_days,v2
sleep__quality_coverage,sleep,quality,coverage,v2
sleep__total__day_rmssd,sleep,physiology,sleep__total; day_rmssd,v2
sleep__total__trend_per_day,sleep,physiology,sleep__total; trend_per_day,v2
sleep__total__consecutive_lag1,sleep,physiology,sleep__total; consecutive_lag1,v2
sleep__efficiency__day_rmssd,sleep,physiology,sleep__efficiency; day_rmssd,v2
sleep__efficiency__trend_per_day,sleep,physiology,sleep__efficiency; trend_per_day,v2
sleep__efficiency__consecutive_lag1,sleep,physiology,sleep__efficiency; consecutive_lag1,v2
sleep__hr_average__day_rmssd,sleep,physiology,sleep__hr_average; day_rmssd,v2
sleep__hr_average__trend_per_day,sleep,physiology,sleep__hr_average; trend_per_day,v2
sleep__hr_average__consecutive_lag1,sleep,physiology,sleep__hr_average; consecutive_lag1,v2
sleep__rmssd__day_rmssd,sleep,physiology,sleep__rmssd; day_rmssd,v2
sleep__rmssd__trend_per_day,sleep,physiology,sleep__rmssd; trend_per_day,v2
sleep__rmssd__consecutive_lag1,sleep,physiology,sleep__rmssd; consecutive_lag1,v2
sleep__awake_fraction__day_rmssd,sleep,physiology,sleep__awake_fraction; day_rmssd,v2
sleep__awake_fraction__trend_per_day,sleep,physiology,sleep__awake_fraction; trend_per_day,v2
sleep__awake_fraction__consecutive_lag1,sleep,physiology,sleep__awake_fraction; consecutive_lag1,v2
sleep__deep_fraction__day_rmssd,sleep,physiology,sleep__deep_fraction; day_rmssd,v2
sleep__deep_fraction__trend_per_day,sleep,physiology,sleep__deep_fraction; trend_per_day,v2
sleep__deep_fraction__consecutive_lag1,sleep,physiology,sleep__deep_fraction; consecutive_lag1,v2
sleep__rem_fraction__day_rmssd,sleep,physiology,sleep__rem_fraction; day_rmssd,v2
sleep__rem_fraction__trend_per_day,sleep,physiology,sleep__rem_fraction; trend_per_day,v2
sleep__rem_fraction__consecutive_lag1,sleep,physiology,sleep__rem_fraction; consecutive_lag1,v2
sleep__bedtime_regularity,sleep,physiology,시각 원형 resultant length: 1에 가까울수록 규칙적,v2
sleep__wake_regularity,sleep,physiology,시각 원형 resultant length: 1에 가까울수록 규칙적,v2
coupling__same_wake_day_n_pairs,coupling,quality,same_wake_day paired days,v2
coupling__same_wake_day__steps__total_corr,coupling,physiology,"activity__steps vs sleep__total; same_wake_day; Pearson r, min 7 paired days",v2
coupling__same_wake_day__steps__efficiency_corr,coupling,physiology,"activity__steps vs sleep__efficiency; same_wake_day; Pearson r, min 7 paired days",v2
coupling__same_wake_day__average_met__rmssd_corr,coupling,physiology,"activity__average_met vs sleep__rmssd; same_wake_day; Pearson r, min 7 paired days",v2
coupling__same_wake_day__inactive__awake_fraction_corr,coupling,physiology,"activity__inactive vs sleep__awake_fraction; same_wake_day; Pearson r, min 7 paired days",v2
coupling__next_wake_day_n_pairs,coupling,quality,next_wake_day paired days,v2
coupling__next_wake_day__steps__total_corr,coupling,physiology,"activity__steps vs sleep__total; next_wake_day; Pearson r, min 7 paired days",v2
coupling__next_wake_day__steps__efficiency_corr,coupling,physiology,"activity__steps vs sleep__efficiency; next_wake_day; Pearson r, min 7 paired days",v2
coupling__next_wake_day__average_met__rmssd_corr,coupling,physiology,"activity__average_met vs sleep__rmssd; next_wake_day; Pearson r, min 7 paired days",v2
coupling__next_wake_day__inactive__awake_fraction_corr,coupling,physiology,"activity__inactive vs sleep__awake_fraction; next_wake_day; Pearson r, min 7 paired days",v2
activity__average_met__extra_mean,activity,physiology,activity__average_met: within-person mean,v2
activity__average_met__extra_std,activity,physiology,activity__average_met: within-person std,v2
activity__average_met__extra_mad,activity,physiology,activity__average_met: within-person mad,v2
activity__average_met__extra_cv,activity,physiology,activity__average_met: within-person cv,v2
activity__average_met__extra_weekend_delta,activity,physiology,activity__average_met: within-person weekend_delta,v2
activity__cal_active__extra_mean,activity,physiology,activity__cal_active: within-person mean,v2
activity__cal_active__extra_std,activity,physiology,activity__cal_active: within-person std,v2
activity__cal_active__extra_mad,activity,physiology,activity__cal_active: within-person mad,v2
activity__cal_active__extra_cv,activity,physiology,activity__cal_active: within-person cv,v2
activity__cal_active__extra_weekend_delta,activity,physiology,activity__cal_active: within-person weekend_delta,v2
activity__cal_total__extra_mean,activity,physiology,activity__cal_total: within-person mean,v2
activity__cal_total__extra_std,activity,physiology,activity__cal_total: within-person std,v2
activity__cal_total__extra_mad,activity,physiology,activity__cal_total: within-person mad,v2
activity__cal_total__extra_cv,activity,physiology,activity__cal_total: within-person cv,v2
activity__cal_total__extra_weekend_delta,activity,physiology,activity__cal_total: within-person weekend_delta,v2
activity__daily_movement__extra_mean,activity,physiology,activity__daily_movement: within-person mean,v2
activity__daily_movement__extra_std,activity,physiology,activity__daily_movement: within-person std,v2
activity__daily_movement__extra_mad,activity,physiology,activity__daily_movement: within-person mad,v2
activity__daily_movement__extra_cv,activity,physiology,activity__daily_movement: within-person cv,v2
activity__daily_movement__extra_weekend_delta,activity,physiology,activity__daily_movement: within-person weekend_delta,v2
activity__high__extra_mean,activity,physiology,activity__high: within-person mean,v2
activity__high__extra_std,activity,physiology,activity__high: within-person std,v2
activity__high__extra_mad,activity,physiology,activity__high: within-person mad,v2
activity__high__extra_cv,activity,physiology,activity__high: within-person cv,v2
activity__high__extra_weekend_delta,activity,physiology,activity__high: within-person weekend_delta,v2
activity__inactive__extra_mean,activity,physiology,activity__inactive: within-person mean,v2
activity__inactive__extra_std,activity,physiology,activity__inactive: within-person std,v2
activity__inactive__extra_mad,activity,physiology,activity__inactive: within-person mad,v2
activity__inactive__extra_cv,activity,physiology,activity__inactive: within-person cv,v2
activity__inactive__extra_weekend_delta,activity,physiology,activity__inactive: within-person weekend_delta,v2
activity__inactivity_alerts__extra_mean,activity,physiology,activity__inactivity_alerts: within-person mean,v2
activity__inactivity_alerts__extra_std,activity,physiology,activity__inactivity_alerts: within-person std,v2
activity__inactivity_alerts__extra_mad,activity,physiology,activity__inactivity_alerts: within-person mad,v2
activity__inactivity_alerts__extra_cv,activity,physiology,activity__inactivity_alerts: within-person cv,v2
activity__inactivity_alerts__extra_weekend_delta,activity,physiology,activity__inactivity_alerts: within-person weekend_delta,v2
activity__low__extra_mean,activity,physiology,activity__low: within-person mean,v2
activity__low__extra_std,activity,physiology,activity__low: within-person std,v2
activity__low__extra_mad,activity,physiology,activity__low: within-person mad,v2
activity__low__extra_cv,activity,physiology,activity__low: within-person cv,v2
activity__low__extra_weekend_delta,activity,physiology,activity__low: within-person weekend_delta,v2
activity__medium__extra_mean,activity,physiology,activity__medium: within-person mean,v2
activity__medium__extra_std,activity,physiology,activity__medium: within-person std,v2
activity__medium__extra_mad,activity,physiology,activity__medium: within-person mad,v2
activity__medium__extra_cv,activity,physiology,activity__medium: within-person cv,v2
activity__medium__extra_weekend_delta,activity,physiology,activity__medium: within-person weekend_delta,v2
activity__met_min_high__extra_mean,activity,physiology,activity__met_min_high: within-person mean,v2
activity__met_min_high__extra_std,activity,physiology,activity__met_min_high: within-person std,v2
activity__met_min_high__extra_mad,activity,physiology,activity__met_min_high: within-person mad,v2
activity__met_min_high__extra_cv,activity,physiology,activity__met_min_high: within-person cv,v2
activity__met_min_high__extra_weekend_delta,activity,physiology,activity__met_min_high: within-person weekend_delta,v2
activity__met_min_inactive__extra_mean,activity,physiology,activity__met_min_inactive: within-person mean,v2
activity__met_min_inactive__extra_std,activity,physiology,activity__met_min_inactive: within-person std,v2
activity__met_min_inactive__extra_mad,activity,physiology,activity__met_min_inactive: within-person mad,v2
activity__met_min_inactive__extra_cv,activity,physiology,activity__met_min_inactive: within-person cv,v2
activity__met_min_inactive__extra_weekend_delta,activity,physiology,activity__met_min_inactive: within-person weekend_delta,v2
activity__met_min_low__extra_mean,activity,physiology,activity__met_min_low: within-person mean,v2
activity__met_min_low__extra_std,activity,physiology,activity__met_min_low: within-person std,v2
activity__met_min_low__extra_mad,activity,physiology,activity__met_min_low: within-person mad,v2
activity__met_min_low__extra_cv,activity,physiology,activity__met_min_low: within-person cv,v2
activity__met_min_low__extra_weekend_delta,activity,physiology,activity__met_min_low: within-person weekend_delta,v2
activity__met_min_medium__extra_mean,activity,physiology,activity__met_min_medium: within-person mean,v2
activity__met_min_medium__extra_std,activity,physiology,activity__met_min_medium: within-person std,v2
activity__met_min_medium__extra_mad,activity,physiology,activity__met_min_medium: within-person mad,v2
activity__met_min_medium__extra_cv,activity,physiology,activity__met_min_medium: within-person cv,v2
activity__met_min_medium__extra_weekend_delta,activity,physiology,activity__met_min_medium: within-person weekend_delta,v2
activity__non_wear__extra_mean,activity,quality,activity__non_wear: within-person mean,v2
activity__non_wear__extra_std,activity,quality,activity__non_wear: within-person std,v2
activity__non_wear__extra_mad,activity,quality,activity__non_wear: within-person mad,v2
activity__non_wear__extra_cv,activity,quality,activity__non_wear: within-person cv,v2
activity__non_wear__extra_weekend_delta,activity,quality,activity__non_wear: within-person weekend_delta,v2
activity__rest__extra_mean,activity,physiology,activity__rest: within-person mean,v2
activity__rest__extra_std,activity,physiology,activity__rest: within-person std,v2
activity__rest__extra_mad,activity,physiology,activity__rest: within-person mad,v2
activity__rest__extra_cv,activity,physiology,activity__rest: within-person cv,v2
activity__rest__extra_weekend_delta,activity,physiology,activity__rest: within-person weekend_delta,v2
activity__score__extra_mean,activity,vendor,activity__score: within-person mean,v2
activity__score__extra_std,activity,vendor,activity__score: within-person std,v2
activity__score__extra_mad,activity,vendor,activity__score: within-person mad,v2
activity__score__extra_cv,activity,vendor,activity__score: within-person cv,v2
activity__score__extra_weekend_delta,activity,vendor,activity__score: within-person weekend_delta,v2
activity__score_meet_daily_targets__extra_mean,activity,vendor,activity__score_meet_daily_targets: within-person mean,v2
activity__score_meet_daily_targets__extra_std,activity,vendor,activity__score_meet_daily_targets: within-person std,v2
activity__score_meet_daily_targets__extra_mad,activity,vendor,activity__score_meet_daily_targets: within-person mad,v2
activity__score_meet_daily_targets__extra_cv,activity,vendor,activity__score_meet_daily_targets: within-person cv,v2
activity__score_meet_daily_targets__extra_weekend_delta,activity,vendor,activity__score_meet_daily_targets: within-person weekend_delta,v2
activity__score_move_every_hour__extra_mean,activity,vendor,activity__score_move_every_hour: within-person mean,v2
activity__score_move_every_hour__extra_std,activity,vendor,activity__score_move_every_hour: within-person std,v2
activity__score_move_every_hour__extra_mad,activity,vendor,activity__score_move_every_hour: within-person mad,v2
activity__score_move_every_hour__extra_cv,activity,vendor,activity__score_move_every_hour: within-person cv,v2
activity__score_move_every_hour__extra_weekend_delta,activity,vendor,activity__score_move_every_hour: within-person weekend_delta,v2
activity__score_recovery_time__extra_mean,activity,vendor,activity__score_recovery_time: within-person mean,v2
activity__score_recovery_time__extra_std,activity,vendor,activity__score_recovery_time: within-person std,v2
activity__score_recovery_time__extra_mad,activity,vendor,activity__score_recovery_time: within-person mad,v2
activity__score_recovery_time__extra_cv,activity,vendor,activity__score_recovery_time: within-person cv,v2
activity__score_recovery_time__extra_weekend_delta,activity,vendor,activity__score_recovery_time: within-person weekend_delta,v2
activity__score_stay_active__extra_mean,activity,vendor,activity__score_stay_active: within-person mean,v2
activity__score_stay_active__extra_std,activity,vendor,activity__score_stay_active: within-person std,v2
activity__score_stay_active__extra_mad,activity,vendor,activity__score_stay_active: within-person mad,v2
activity__score_stay_active__extra_cv,activity,vendor,activity__score_stay_active: within-person cv,v2
activity__score_stay_active__extra_weekend_delta,activity,vendor,activity__score_stay_active: within-person weekend_delta,v2
activity__score_training_frequency__extra_mean,activity,vendor,activity__score_training_frequency: within-person mean,v2
activity__score_training_frequency__extra_std,activity,vendor,activity__score_training_frequency: within-person std,v2
activity__score_training_frequency__extra_mad,activity,vendor,activity__score_training_frequency: within-person mad,v2
activity__score_training_frequency__extra_cv,activity,vendor,activity__score_training_frequency: within-person cv,v2
activity__score_training_frequency__extra_weekend_delta,activity,vendor,activity__score_training_frequency: within-person weekend_delta,v2
activity__score_training_volume__extra_mean,activity,vendor,activity__score_training_volume: within-person mean,v2
activity__score_training_volume__extra_std,activity,vendor,activity__score_training_volume: within-person std,v2
activity__score_training_volume__extra_mad,activity,vendor,activity__score_training_volume: within-person mad,v2
activity__score_training_volume__extra_cv,activity,vendor,activity__score_training_volume: within-person cv,v2
activity__score_training_volume__extra_weekend_delta,activity,vendor,activity__score_training_volume: within-person weekend_delta,v2
activity__steps__extra_mean,activity,physiology,activity__steps: within-person mean,v2
activity__steps__extra_std,activity,physiology,activity__steps: within-person std,v2
activity__steps__extra_mad,activity,physiology,activity__steps: within-person mad,v2
activity__steps__extra_cv,activity,physiology,activity__steps: within-person cv,v2
activity__steps__extra_weekend_delta,activity,physiology,activity__steps: within-person weekend_delta,v2
activity__total__extra_mean,activity,physiology,activity__total: within-person mean,v2
activity__total__extra_std,activity,physiology,activity__total: within-person std,v2
activity__total__extra_mad,activity,physiology,activity__total: within-person mad,v2
activity__total__extra_cv,activity,physiology,activity__total: within-person cv,v2
activity__total__extra_weekend_delta,activity,physiology,activity__total: within-person weekend_delta,v2
activity__state_code_0_fraction__extra_mean,activity,physiology,activity__state_code_0_fraction: within-person mean,v2
activity__state_code_0_fraction__extra_std,activity,physiology,activity__state_code_0_fraction: within-person std,v2
activity__state_code_0_fraction__extra_mad,activity,physiology,activity__state_code_0_fraction: within-person mad,v2
activity__state_code_0_fraction__extra_cv,activity,physiology,activity__state_code_0_fraction: within-person cv,v2
activity__state_code_0_fraction__extra_weekend_delta,activity,physiology,activity__state_code_0_fraction: within-person weekend_delta,v2
activity__state_code_0_longest_minutes__extra_mean,activity,physiology,activity__state_code_0_longest_minutes: within-person mean,v2
activity__state_code_0_longest_minutes__extra_std,activity,physiology,activity__state_code_0_longest_minutes: within-person std,v2
activity__state_code_0_longest_minutes__extra_mad,activity,physiology,activity__state_code_0_longest_minutes: within-person mad,v2
activity__state_code_0_longest_minutes__extra_cv,activity,physiology,activity__state_code_0_longest_minutes: within-person cv,v2
activity__state_code_0_longest_minutes__extra_weekend_delta,activity,physiology,activity__state_code_0_longest_minutes: within-person weekend_delta,v2
activity__state_code_1_fraction__extra_mean,activity,physiology,activity__state_code_1_fraction: within-person mean,v2
activity__state_code_1_fraction__extra_std,activity,physiology,activity__state_code_1_fraction: within-person std,v2
activity__state_code_1_fraction__extra_mad,activity,physiology,activity__state_code_1_fraction: within-person mad,v2
activity__state_code_1_fraction__extra_cv,activity,physiology,activity__state_code_1_fraction: within-person cv,v2
activity__state_code_1_fraction__extra_weekend_delta,activity,physiology,activity__state_code_1_fraction: within-person weekend_delta,v2
activity__state_code_1_longest_minutes__extra_mean,activity,physiology,activity__state_code_1_longest_minutes: within-person mean,v2
activity__state_code_1_longest_minutes__extra_std,activity,physiology,activity__state_code_1_longest_minutes: within-person std,v2
activity__state_code_1_longest_minutes__extra_mad,activity,physiology,activity__state_code_1_longest_minutes: within-person mad,v2
activity__state_code_1_longest_minutes__extra_cv,activity,physiology,activity__state_code_1_longest_minutes: within-person cv,v2
activity__state_code_1_longest_minutes__extra_weekend_delta,activity,physiology,activity__state_code_1_longest_minutes: within-person weekend_delta,v2
activity__state_code_2_fraction__extra_mean,activity,physiology,activity__state_code_2_fraction: within-person mean,v2
activity__state_code_2_fraction__extra_std,activity,physiology,activity__state_code_2_fraction: within-person std,v2
activity__state_code_2_fraction__extra_mad,activity,physiology,activity__state_code_2_fraction: within-person mad,v2
activity__state_code_2_fraction__extra_cv,activity,physiology,activity__state_code_2_fraction: within-person cv,v2
activity__state_code_2_fraction__extra_weekend_delta,activity,physiology,activity__state_code_2_fraction: within-person weekend_delta,v2
activity__state_code_2_longest_minutes__extra_mean,activity,physiology,activity__state_code_2_longest_minutes: within-person mean,v2
activity__state_code_2_longest_minutes__extra_std,activity,physiology,activity__state_code_2_longest_minutes: within-person std,v2
activity__state_code_2_longest_minutes__extra_mad,activity,physiology,activity__state_code_2_longest_minutes: within-person mad,v2
activity__state_code_2_longest_minutes__extra_cv,activity,physiology,activity__state_code_2_longest_minutes: within-person cv,v2
activity__state_code_2_longest_minutes__extra_weekend_delta,activity,physiology,activity__state_code_2_longest_minutes: within-person weekend_delta,v2
activity__state_code_3_fraction__extra_mean,activity,physiology,activity__state_code_3_fraction: within-person mean,v2
activity__state_code_3_fraction__extra_std,activity,physiology,activity__state_code_3_fraction: within-person std,v2
activity__state_code_3_fraction__extra_mad,activity,physiology,activity__state_code_3_fraction: within-person mad,v2
activity__state_code_3_fraction__extra_cv,activity,physiology,activity__state_code_3_fraction: within-person cv,v2
activity__state_code_3_fraction__extra_weekend_delta,activity,physiology,activity__state_code_3_fraction: within-person weekend_delta,v2
activity__state_code_3_longest_minutes__extra_mean,activity,physiology,activity__state_code_3_longest_minutes: within-person mean,v2
activity__state_code_3_longest_minutes__extra_std,activity,physiology,activity__state_code_3_longest_minutes: within-person std,v2
activity__state_code_3_longest_minutes__extra_mad,activity,physiology,activity__state_code_3_longest_minutes: within-person mad,v2
activity__state_code_3_longest_minutes__extra_cv,activity,physiology,activity__state_code_3_longest_minutes: within-person cv,v2
activity__state_code_3_longest_minutes__extra_weekend_delta,activity,physiology,activity__state_code_3_longest_minutes: within-person weekend_delta,v2
activity__state_code_4_fraction__extra_mean,activity,physiology,activity__state_code_4_fraction: within-person mean,v2
activity__state_code_4_fraction__extra_std,activity,physiology,activity__state_code_4_fraction: within-person std,v2
activity__state_code_4_fraction__extra_mad,activity,physiology,activity__state_code_4_fraction: within-person mad,v2
activity__state_code_4_fraction__extra_cv,activity,physiology,activity__state_code_4_fraction: within-person cv,v2
activity__state_code_4_fraction__extra_weekend_delta,activity,physiology,activity__state_code_4_fraction: within-person weekend_delta,v2
activity__state_code_4_longest_minutes__extra_mean,activity,physiology,activity__state_code_4_longest_minutes: within-person mean,v2
activity__state_code_4_longest_minutes__extra_std,activity,physiology,activity__state_code_4_longest_minutes: within-person std,v2
activity__state_code_4_longest_minutes__extra_mad,activity,physiology,activity__state_code_4_longest_minutes: within-person mad,v2
activity__state_code_4_longest_minutes__extra_cv,activity,physiology,activity__state_code_4_longest_minutes: within-person cv,v2
activity__state_code_4_longest_minutes__extra_weekend_delta,activity,physiology,activity__state_code_4_longest_minutes: within-person weekend_delta,v2
activity__state_code_5_fraction__extra_mean,activity,physiology,activity__state_code_5_fraction: within-person mean,v2
activity__state_code_5_fraction__extra_std,activity,physiology,activity__state_code_5_fraction: within-person std,v2
activity__state_code_5_fraction__extra_mad,activity,physiology,activity__state_code_5_fraction: within-person mad,v2
activity__state_code_5_fraction__extra_cv,activity,physiology,activity__state_code_5_fraction: within-person cv,v2
activity__state_code_5_fraction__extra_weekend_delta,activity,physiology,activity__state_code_5_fraction: within-person weekend_delta,v2
activity__state_code_5_longest_minutes__extra_mean,activity,physiology,activity__state_code_5_longest_minutes: within-person mean,v2
activity__state_code_5_longest_minutes__extra_std,activity,physiology,activity__state_code_5_longest_minutes: within-person std,v2
activity__state_code_5_longest_minutes__extra_mad,activity,physiology,activity__state_code_5_longest_minutes: within-person mad,v2
activity__state_code_5_longest_minutes__extra_cv,activity,physiology,activity__state_code_5_longest_minutes: within-person cv,v2
activity__state_code_5_longest_minutes__extra_weekend_delta,activity,physiology,activity__state_code_5_longest_minutes: within-person weekend_delta,v2
activity__state_entropy__extra_mean,activity,physiology,activity__state_entropy: within-person mean,v2
activity__state_entropy__extra_std,activity,physiology,activity__state_entropy: within-person std,v2
activity__state_entropy__extra_mad,activity,physiology,activity__state_entropy: within-person mad,v2
activity__state_entropy__extra_cv,activity,physiology,activity__state_entropy: within-person cv,v2
activity__state_entropy__extra_weekend_delta,activity,physiology,activity__state_entropy: within-person weekend_delta,v2
activity__state_transition_rate__extra_mean,activity,physiology,activity__state_transition_rate: within-person mean,v2
activity__state_transition_rate__extra_std,activity,physiology,activity__state_transition_rate: within-person std,v2
activity__state_transition_rate__extra_mad,activity,physiology,activity__state_transition_rate: within-person mad,v2
activity__state_transition_rate__extra_cv,activity,physiology,activity__state_transition_rate: within-person cv,v2
activity__state_transition_rate__extra_weekend_delta,activity,physiology,activity__state_transition_rate: within-person weekend_delta,v2
activity__state_valid_fraction__extra_mean,activity,quality,activity__state_valid_fraction: within-person mean,v2
activity__state_valid_fraction__extra_std,activity,quality,activity__state_valid_fraction: within-person std,v2
activity__state_valid_fraction__extra_mad,activity,quality,activity__state_valid_fraction: within-person mad,v2
activity__state_valid_fraction__extra_cv,activity,quality,activity__state_valid_fraction: within-person cv,v2
activity__state_valid_fraction__extra_weekend_delta,activity,quality,activity__state_valid_fraction: within-person weekend_delta,v2
activity__state_length__extra_mean,activity,quality,activity__state_length: within-person mean,v2
activity__state_length__extra_std,activity,quality,activity__state_length: within-person std,v2
activity__state_length__extra_mad,activity,quality,activity__state_length: within-person mad,v2
activity__state_length__extra_cv,activity,quality,activity__state_length: within-person cv,v2
activity__state_length__extra_weekend_delta,activity,quality,activity__state_length: within-person weekend_delta,v2
activity__met_mean__extra_mean,activity,physiology,activity__met_mean: within-person mean,v2
activity__met_mean__extra_std,activity,physiology,activity__met_mean: within-person std,v2
activity__met_mean__extra_mad,activity,physiology,activity__met_mean: within-person mad,v2
activity__met_mean__extra_cv,activity,physiology,activity__met_mean: within-person cv,v2
activity__met_mean__extra_weekend_delta,activity,physiology,activity__met_mean: within-person weekend_delta,v2
activity__met_std__extra_mean,activity,physiology,activity__met_std: within-person mean,v2
activity__met_std__extra_std,activity,physiology,activity__met_std: within-person std,v2
activity__met_std__extra_mad,activity,physiology,activity__met_std: within-person mad,v2
activity__met_std__extra_cv,activity,physiology,activity__met_std: within-person cv,v2
activity__met_std__extra_weekend_delta,activity,physiology,activity__met_std: within-person weekend_delta,v2
activity__met_p10__extra_mean,activity,physiology,activity__met_p10: within-person mean,v2
activity__met_p10__extra_std,activity,physiology,activity__met_p10: within-person std,v2
activity__met_p10__extra_mad,activity,physiology,activity__met_p10: within-person mad,v2
activity__met_p10__extra_cv,activity,physiology,activity__met_p10: within-person cv,v2
activity__met_p10__extra_weekend_delta,activity,physiology,activity__met_p10: within-person weekend_delta,v2
activity__met_p90__extra_mean,activity,physiology,activity__met_p90: within-person mean,v2
activity__met_p90__extra_std,activity,physiology,activity__met_p90: within-person std,v2
activity__met_p90__extra_mad,activity,physiology,activity__met_p90: within-person mad,v2
activity__met_p90__extra_cv,activity,physiology,activity__met_p90: within-person cv,v2
activity__met_p90__extra_weekend_delta,activity,physiology,activity__met_p90: within-person weekend_delta,v2
activity__met_rmssd_adjacent__extra_mean,activity,physiology,activity__met_rmssd_adjacent: within-person mean,v2
activity__met_rmssd_adjacent__extra_std,activity,physiology,activity__met_rmssd_adjacent: within-person std,v2
activity__met_rmssd_adjacent__extra_mad,activity,physiology,activity__met_rmssd_adjacent: within-person mad,v2
activity__met_rmssd_adjacent__extra_cv,activity,physiology,activity__met_rmssd_adjacent: within-person cv,v2
activity__met_rmssd_adjacent__extra_weekend_delta,activity,physiology,activity__met_rmssd_adjacent: within-person weekend_delta,v2
activity__met_lag1__extra_mean,activity,physiology,activity__met_lag1: within-person mean,v2
activity__met_lag1__extra_std,activity,physiology,activity__met_lag1: within-person std,v2
activity__met_lag1__extra_mad,activity,physiology,activity__met_lag1: within-person mad,v2
activity__met_lag1__extra_cv,activity,physiology,activity__met_lag1: within-person cv,v2
activity__met_lag1__extra_weekend_delta,activity,physiology,activity__met_lag1: within-person weekend_delta,v2
activity__met_last_first_third__extra_mean,activity,physiology,activity__met_last_first_third: within-person mean,v2
activity__met_last_first_third__extra_std,activity,physiology,activity__met_last_first_third: within-person std,v2
activity__met_last_first_third__extra_mad,activity,physiology,activity__met_last_first_third: within-person mad,v2
activity__met_last_first_third__extra_cv,activity,physiology,activity__met_last_first_third: within-person cv,v2
activity__met_last_first_third__extra_weekend_delta,activity,physiology,activity__met_last_first_third: within-person weekend_delta,v2
activity__met_valid_fraction__extra_mean,activity,quality,activity__met_valid_fraction: within-person mean,v2
activity__met_valid_fraction__extra_std,activity,quality,activity__met_valid_fraction: within-person std,v2
activity__met_valid_fraction__extra_mad,activity,quality,activity__met_valid_fraction: within-person mad,v2
activity__met_valid_fraction__extra_cv,activity,quality,activity__met_valid_fraction: within-person cv,v2
activity__met_valid_fraction__extra_weekend_delta,activity,quality,activity__met_valid_fraction: within-person weekend_delta,v2
activity__met_length__extra_mean,activity,quality,activity__met_length: within-person mean,v2
activity__met_length__extra_std,activity,quality,activity__met_length: within-person std,v2
activity__met_length__extra_mad,activity,quality,activity__met_length: within-person mad,v2
activity__met_length__extra_cv,activity,quality,activity__met_length: within-person cv,v2
activity__met_length__extra_weekend_delta,activity,quality,activity__met_length: within-person weekend_delta,v2
activity__met_cosinor_amplitude__extra_mean,activity,physiology,activity__met_cosinor_amplitude: within-person mean,v2
activity__met_cosinor_amplitude__extra_std,activity,physiology,activity__met_cosinor_amplitude: within-person std,v2
activity__met_cosinor_amplitude__extra_mad,activity,physiology,activity__met_cosinor_amplitude: within-person mad,v2
activity__met_cosinor_amplitude__extra_cv,activity,physiology,activity__met_cosinor_amplitude: within-person cv,v2
activity__met_cosinor_amplitude__extra_weekend_delta,activity,physiology,activity__met_cosinor_amplitude: within-person weekend_delta,v2
activity__met_cosinor_relative_amplitude__extra_mean,activity,physiology,activity__met_cosinor_relative_amplitude: within-person mean,v2
activity__met_cosinor_relative_amplitude__extra_std,activity,physiology,activity__met_cosinor_relative_amplitude: within-person std,v2
activity__met_cosinor_relative_amplitude__extra_mad,activity,physiology,activity__met_cosinor_relative_amplitude: within-person mad,v2
activity__met_cosinor_relative_amplitude__extra_cv,activity,physiology,activity__met_cosinor_relative_amplitude: within-person cv,v2
activity__met_cosinor_relative_amplitude__extra_weekend_delta,activity,physiology,activity__met_cosinor_relative_amplitude: within-person weekend_delta,v2
activity__met_cosinor_phase_cos__extra_mean,activity,physiology,activity__met_cosinor_phase_cos: within-person mean,v2
activity__met_cosinor_phase_cos__extra_std,activity,physiology,activity__met_cosinor_phase_cos: within-person std,v2
activity__met_cosinor_phase_cos__extra_mad,activity,physiology,activity__met_cosinor_phase_cos: within-person mad,v2
activity__met_cosinor_phase_cos__extra_cv,activity,physiology,activity__met_cosinor_phase_cos: within-person cv,v2
activity__met_cosinor_phase_cos__extra_weekend_delta,activity,physiology,activity__met_cosinor_phase_cos: within-person weekend_delta,v2
activity__met_cosinor_phase_sin__extra_mean,activity,physiology,activity__met_cosinor_phase_sin: within-person mean,v2
activity__met_cosinor_phase_sin__extra_std,activity,physiology,activity__met_cosinor_phase_sin: within-person std,v2
activity__met_cosinor_phase_sin__extra_mad,activity,physiology,activity__met_cosinor_phase_sin: within-person mad,v2
activity__met_cosinor_phase_sin__extra_cv,activity,physiology,activity__met_cosinor_phase_sin: within-person cv,v2
activity__met_cosinor_phase_sin__extra_weekend_delta,activity,physiology,activity__met_cosinor_phase_sin: within-person weekend_delta,v2
activity__met_day_night_difference__extra_mean,activity,physiology,activity__met_day_night_difference: within-person mean,v2
activity__met_day_night_difference__extra_std,activity,physiology,activity__met_day_night_difference: within-person std,v2
activity__met_day_night_difference__extra_mad,activity,physiology,activity__met_day_night_difference: within-person mad,v2
activity__met_day_night_difference__extra_cv,activity,physiology,activity__met_day_night_difference: within-person cv,v2
activity__met_day_night_difference__extra_weekend_delta,activity,physiology,activity__met_day_night_difference: within-person weekend_delta,v2
activity__met_relative_high10_low5__extra_mean,activity,physiology,activity__met_relative_high10_low5: within-person mean,v2
activity__met_relative_high10_low5__extra_std,activity,physiology,activity__met_relative_high10_low5: within-person std,v2
activity__met_relative_high10_low5__extra_mad,activity,physiology,activity__met_relative_high10_low5: within-person mad,v2
activity__met_relative_high10_low5__extra_cv,activity,physiology,activity__met_relative_high10_low5: within-person cv,v2
activity__met_relative_high10_low5__extra_weekend_delta,activity,physiology,activity__met_relative_high10_low5: within-person weekend_delta,v2
activity__met_low5_met__extra_mean,activity,physiology,activity__met_low5_met: within-person mean,v2
activity__met_low5_met__extra_std,activity,physiology,activity__met_low5_met: within-person std,v2
activity__met_low5_met__extra_mad,activity,physiology,activity__met_low5_met: within-person mad,v2
activity__met_low5_met__extra_cv,activity,physiology,activity__met_low5_met: within-person cv,v2
activity__met_low5_met__extra_weekend_delta,activity,physiology,activity__met_low5_met: within-person weekend_delta,v2
activity__met_high10_met__extra_mean,activity,physiology,activity__met_high10_met: within-person mean,v2
activity__met_high10_met__extra_std,activity,physiology,activity__met_high10_met: within-person std,v2
activity__met_high10_met__extra_mad,activity,physiology,activity__met_high10_met: within-person mad,v2
activity__met_high10_met__extra_cv,activity,physiology,activity__met_high10_met: within-person cv,v2
activity__met_high10_met__extra_weekend_delta,activity,physiology,activity__met_high10_met: within-person weekend_delta,v2
activity__interval_minutes__extra_mean,activity,quality,activity__interval_minutes: within-person mean,v2
activity__interval_minutes__extra_std,activity,quality,activity__interval_minutes: within-person std,v2
activity__interval_minutes__extra_mad,activity,quality,activity__interval_minutes: within-person mad,v2
activity__interval_minutes__extra_cv,activity,quality,activity__interval_minutes: within-person cv,v2
activity__interval_minutes__extra_weekend_delta,activity,quality,activity__interval_minutes: within-person weekend_delta,v2
activity__steps_per_wear_hour__extra_mean,activity,physiology,activity__steps_per_wear_hour: within-person mean,v2
activity__steps_per_wear_hour__extra_std,activity,physiology,activity__steps_per_wear_hour: within-person std,v2
activity__steps_per_wear_hour__extra_mad,activity,physiology,activity__steps_per_wear_hour: within-person mad,v2
activity__steps_per_wear_hour__extra_cv,activity,physiology,activity__steps_per_wear_hour: within-person cv,v2
activity__steps_per_wear_hour__extra_weekend_delta,activity,physiology,activity__steps_per_wear_hour: within-person weekend_delta,v2
activity__moderate_high_fraction__extra_mean,activity,physiology,activity__moderate_high_fraction: within-person mean,v2
activity__moderate_high_fraction__extra_std,activity,physiology,activity__moderate_high_fraction: within-person std,v2
activity__moderate_high_fraction__extra_mad,activity,physiology,activity__moderate_high_fraction: within-person mad,v2
activity__moderate_high_fraction__extra_cv,activity,physiology,activity__moderate_high_fraction: within-person cv,v2
activity__moderate_high_fraction__extra_weekend_delta,activity,physiology,activity__moderate_high_fraction: within-person weekend_delta,v2
activity__inactive_fraction__extra_mean,activity,physiology,activity__inactive_fraction: within-person mean,v2
activity__inactive_fraction__extra_std,activity,physiology,activity__inactive_fraction: within-person std,v2
activity__inactive_fraction__extra_mad,activity,physiology,activity__inactive_fraction: within-person mad,v2
activity__inactive_fraction__extra_cv,activity,physiology,activity__inactive_fraction: within-person cv,v2
activity__inactive_fraction__extra_weekend_delta,activity,physiology,activity__inactive_fraction: within-person weekend_delta,v2
activity__hour_00__mean,activity,physiology,Local hour 0: across-day MET mean,v2
activity__hour_00__std,activity,physiology,Local hour 0: across-day MET std,v2
activity__hour_01__mean,activity,physiology,Local hour 1: across-day MET mean,v2
activity__hour_01__std,activity,physiology,Local hour 1: across-day MET std,v2
activity__hour_02__mean,activity,physiology,Local hour 2: across-day MET mean,v2
activity__hour_02__std,activity,physiology,Local hour 2: across-day MET std,v2
activity__hour_03__mean,activity,physiology,Local hour 3: across-day MET mean,v2
activity__hour_03__std,activity,physiology,Local hour 3: across-day MET std,v2
activity__hour_04__mean,activity,physiology,Local hour 4: across-day MET mean,v2
activity__hour_04__std,activity,physiology,Local hour 4: across-day MET std,v2
activity__hour_05__mean,activity,physiology,Local hour 5: across-day MET mean,v2
activity__hour_05__std,activity,physiology,Local hour 5: across-day MET std,v2
activity__hour_06__mean,activity,physiology,Local hour 6: across-day MET mean,v2
activity__hour_06__std,activity,physiology,Local hour 6: across-day MET std,v2
activity__hour_07__mean,activity,physiology,Local hour 7: across-day MET mean,v2
activity__hour_07__std,activity,physiology,Local hour 7: across-day MET std,v2
activity__hour_08__mean,activity,physiology,Local hour 8: across-day MET mean,v2
activity__hour_08__std,activity,physiology,Local hour 8: across-day MET std,v2
activity__hour_09__mean,activity,physiology,Local hour 9: across-day MET mean,v2
activity__hour_09__std,activity,physiology,Local hour 9: across-day MET std,v2
activity__hour_10__mean,activity,physiology,Local hour 10: across-day MET mean,v2
activity__hour_10__std,activity,physiology,Local hour 10: across-day MET std,v2
activity__hour_11__mean,activity,physiology,Local hour 11: across-day MET mean,v2
activity__hour_11__std,activity,physiology,Local hour 11: across-day MET std,v2
activity__hour_12__mean,activity,physiology,Local hour 12: across-day MET mean,v2
activity__hour_12__std,activity,physiology,Local hour 12: across-day MET std,v2
activity__hour_13__mean,activity,physiology,Local hour 13: across-day MET mean,v2
activity__hour_13__std,activity,physiology,Local hour 13: across-day MET std,v2
activity__hour_14__mean,activity,physiology,Local hour 14: across-day MET mean,v2
activity__hour_14__std,activity,physiology,Local hour 14: across-day MET std,v2
activity__hour_15__mean,activity,physiology,Local hour 15: across-day MET mean,v2
activity__hour_15__std,activity,physiology,Local hour 15: across-day MET std,v2
activity__hour_16__mean,activity,physiology,Local hour 16: across-day MET mean,v2
activity__hour_16__std,activity,physiology,Local hour 16: across-day MET std,v2
activity__hour_17__mean,activity,physiology,Local hour 17: across-day MET mean,v2
activity__hour_17__std,activity,physiology,Local hour 17: across-day MET std,v2
activity__hour_18__mean,activity,physiology,Local hour 18: across-day MET mean,v2
activity__hour_18__std,activity,physiology,Local hour 18: across-day MET std,v2
activity__hour_19__mean,activity,physiology,Local hour 19: across-day MET mean,v2
activity__hour_19__std,activity,physiology,Local hour 19: across-day MET std,v2
activity__hour_20__mean,activity,physiology,Local hour 20: across-day MET mean,v2
activity__hour_20__std,activity,physiology,Local hour 20: across-day MET std,v2
activity__hour_21__mean,activity,physiology,Local hour 21: across-day MET mean,v2
activity__hour_21__std,activity,physiology,Local hour 21: across-day MET std,v2
activity__hour_22__mean,activity,physiology,Local hour 22: across-day MET mean,v2
activity__hour_22__std,activity,physiology,Local hour 22: across-day MET std,v2
activity__hour_23__mean,activity,physiology,Local hour 23: across-day MET mean,v2
activity__hour_23__std,activity,physiology,Local hour 23: across-day MET std,v2
sleep__awake__extra_mean,sleep,physiology,sleep__awake: within-person mean,v2
sleep__awake__extra_std,sleep,physiology,sleep__awake: within-person std,v2
sleep__awake__extra_mad,sleep,physiology,sleep__awake: within-person mad,v2
sleep__awake__extra_cv,sleep,physiology,sleep__awake: within-person cv,v2
sleep__awake__extra_weekend_delta,sleep,physiology,sleep__awake: within-person weekend_delta,v2
sleep__breath_average__extra_mean,sleep,physiology,sleep__breath_average: within-person mean,v2
sleep__breath_average__extra_std,sleep,physiology,sleep__breath_average: within-person std,v2
sleep__breath_average__extra_mad,sleep,physiology,sleep__breath_average: within-person mad,v2
sleep__breath_average__extra_cv,sleep,physiology,sleep__breath_average: within-person cv,v2
sleep__breath_average__extra_weekend_delta,sleep,physiology,sleep__breath_average: within-person weekend_delta,v2
sleep__deep__extra_mean,sleep,physiology,sleep__deep: within-person mean,v2
sleep__deep__extra_std,sleep,physiology,sleep__deep: within-person std,v2
sleep__deep__extra_mad,sleep,physiology,sleep__deep: within-person mad,v2
sleep__deep__extra_cv,sleep,physiology,sleep__deep: within-person cv,v2
sleep__deep__extra_weekend_delta,sleep,physiology,sleep__deep: within-person weekend_delta,v2
sleep__duration__extra_mean,sleep,physiology,sleep__duration: within-person mean,v2
sleep__duration__extra_std,sleep,physiology,sleep__duration: within-person std,v2
sleep__duration__extra_mad,sleep,physiology,sleep__duration: within-person mad,v2
sleep__duration__extra_cv,sleep,physiology,sleep__duration: within-person cv,v2
sleep__duration__extra_weekend_delta,sleep,physiology,sleep__duration: within-person weekend_delta,v2
sleep__efficiency__extra_mean,sleep,physiology,sleep__efficiency: within-person mean,v2
sleep__efficiency__extra_std,sleep,physiology,sleep__efficiency: within-person std,v2
sleep__efficiency__extra_mad,sleep,physiology,sleep__efficiency: within-person mad,v2
sleep__efficiency__extra_cv,sleep,physiology,sleep__efficiency: within-person cv,v2
sleep__efficiency__extra_weekend_delta,sleep,physiology,sleep__efficiency: within-person weekend_delta,v2
sleep__hr_average__extra_mean,sleep,physiology,sleep__hr_average: within-person mean,v2
sleep__hr_average__extra_std,sleep,physiology,sleep__hr_average: within-person std,v2
sleep__hr_average__extra_mad,sleep,physiology,sleep__hr_average: within-person mad,v2
sleep__hr_average__extra_cv,sleep,physiology,sleep__hr_average: within-person cv,v2
sleep__hr_average__extra_weekend_delta,sleep,physiology,sleep__hr_average: within-person weekend_delta,v2
sleep__hr_lowest__extra_mean,sleep,physiology,sleep__hr_lowest: within-person mean,v2
sleep__hr_lowest__extra_std,sleep,physiology,sleep__hr_lowest: within-person std,v2
sleep__hr_lowest__extra_mad,sleep,physiology,sleep__hr_lowest: within-person mad,v2
sleep__hr_lowest__extra_cv,sleep,physiology,sleep__hr_lowest: within-person cv,v2
sleep__hr_lowest__extra_weekend_delta,sleep,physiology,sleep__hr_lowest: within-person weekend_delta,v2
sleep__light__extra_mean,sleep,physiology,sleep__light: within-person mean,v2
sleep__light__extra_std,sleep,physiology,sleep__light: within-person std,v2
sleep__light__extra_mad,sleep,physiology,sleep__light: within-person mad,v2
sleep__light__extra_cv,sleep,physiology,sleep__light: within-person cv,v2
sleep__light__extra_weekend_delta,sleep,physiology,sleep__light: within-person weekend_delta,v2
sleep__onset_latency__extra_mean,sleep,physiology,sleep__onset_latency: within-person mean,v2
sleep__onset_latency__extra_std,sleep,physiology,sleep__onset_latency: within-person std,v2
sleep__onset_latency__extra_mad,sleep,physiology,sleep__onset_latency: within-person mad,v2
sleep__onset_latency__extra_cv,sleep,physiology,sleep__onset_latency: within-person cv,v2
sleep__onset_latency__extra_weekend_delta,sleep,physiology,sleep__onset_latency: within-person weekend_delta,v2
sleep__rem__extra_mean,sleep,physiology,sleep__rem: within-person mean,v2
sleep__rem__extra_std,sleep,physiology,sleep__rem: within-person std,v2
sleep__rem__extra_mad,sleep,physiology,sleep__rem: within-person mad,v2
sleep__rem__extra_cv,sleep,physiology,sleep__rem: within-person cv,v2
sleep__rem__extra_weekend_delta,sleep,physiology,sleep__rem: within-person weekend_delta,v2
sleep__restless__extra_mean,sleep,physiology,sleep__restless: within-person mean,v2
sleep__restless__extra_std,sleep,physiology,sleep__restless: within-person std,v2
sleep__restless__extra_mad,sleep,physiology,sleep__restless: within-person mad,v2
sleep__restless__extra_cv,sleep,physiology,sleep__restless: within-person cv,v2
sleep__restless__extra_weekend_delta,sleep,physiology,sleep__restless: within-person weekend_delta,v2
sleep__rmssd__extra_mean,sleep,physiology,sleep__rmssd: within-person mean,v2
sleep__rmssd__extra_std,sleep,physiology,sleep__rmssd: within-person std,v2
sleep__rmssd__extra_mad,sleep,physiology,sleep__rmssd: within-person mad,v2
sleep__rmssd__extra_cv,sleep,physiology,sleep__rmssd: within-person cv,v2
sleep__rmssd__extra_weekend_delta,sleep,physiology,sleep__rmssd: within-person weekend_delta,v2
sleep__score__extra_mean,sleep,vendor,sleep__score: within-person mean,v2
sleep__score__extra_std,sleep,vendor,sleep__score: within-person std,v2
sleep__score__extra_mad,sleep,vendor,sleep__score: within-person mad,v2
sleep__score__extra_cv,sleep,vendor,sleep__score: within-person cv,v2
sleep__score__extra_weekend_delta,sleep,vendor,sleep__score: within-person weekend_delta,v2
sleep__score_alignment__extra_mean,sleep,vendor,sleep__score_alignment: within-person mean,v2
sleep__score_alignment__extra_std,sleep,vendor,sleep__score_alignment: within-person std,v2
sleep__score_alignment__extra_mad,sleep,vendor,sleep__score_alignment: within-person mad,v2
sleep__score_alignment__extra_cv,sleep,vendor,sleep__score_alignment: within-person cv,v2
sleep__score_alignment__extra_weekend_delta,sleep,vendor,sleep__score_alignment: within-person weekend_delta,v2
sleep__score_deep__extra_mean,sleep,vendor,sleep__score_deep: within-person mean,v2
sleep__score_deep__extra_std,sleep,vendor,sleep__score_deep: within-person std,v2
sleep__score_deep__extra_mad,sleep,vendor,sleep__score_deep: within-person mad,v2
sleep__score_deep__extra_cv,sleep,vendor,sleep__score_deep: within-person cv,v2
sleep__score_deep__extra_weekend_delta,sleep,vendor,sleep__score_deep: within-person weekend_delta,v2
sleep__score_disturbances__extra_mean,sleep,vendor,sleep__score_disturbances: within-person mean,v2
sleep__score_disturbances__extra_std,sleep,vendor,sleep__score_disturbances: within-person std,v2
sleep__score_disturbances__extra_mad,sleep,vendor,sleep__score_disturbances: within-person mad,v2
sleep__score_disturbances__extra_cv,sleep,vendor,sleep__score_disturbances: within-person cv,v2
sleep__score_disturbances__extra_weekend_delta,sleep,vendor,sleep__score_disturbances: within-person weekend_delta,v2
sleep__score_efficiency__extra_mean,sleep,vendor,sleep__score_efficiency: within-person mean,v2
sleep__score_efficiency__extra_std,sleep,vendor,sleep__score_efficiency: within-person std,v2
sleep__score_efficiency__extra_mad,sleep,vendor,sleep__score_efficiency: within-person mad,v2
sleep__score_efficiency__extra_cv,sleep,vendor,sleep__score_efficiency: within-person cv,v2
sleep__score_efficiency__extra_weekend_delta,sleep,vendor,sleep__score_efficiency: within-person weekend_delta,v2
sleep__score_latency__extra_mean,sleep,vendor,sleep__score_latency: within-person mean,v2
sleep__score_latency__extra_std,sleep,vendor,sleep__score_latency: within-person std,v2
sleep__score_latency__extra_mad,sleep,vendor,sleep__score_latency: within-person mad,v2
sleep__score_latency__extra_cv,sleep,vendor,sleep__score_latency: within-person cv,v2
sleep__score_latency__extra_weekend_delta,sleep,vendor,sleep__score_latency: within-person weekend_delta,v2
sleep__score_rem__extra_mean,sleep,vendor,sleep__score_rem: within-person mean,v2
sleep__score_rem__extra_std,sleep,vendor,sleep__score_rem: within-person std,v2
sleep__score_rem__extra_mad,sleep,vendor,sleep__score_rem: within-person mad,v2
sleep__score_rem__extra_cv,sleep,vendor,sleep__score_rem: within-person cv,v2
sleep__score_rem__extra_weekend_delta,sleep,vendor,sleep__score_rem: within-person weekend_delta,v2
sleep__score_total__extra_mean,sleep,vendor,sleep__score_total: within-person mean,v2
sleep__score_total__extra_std,sleep,vendor,sleep__score_total: within-person std,v2
sleep__score_total__extra_mad,sleep,vendor,sleep__score_total: within-person mad,v2
sleep__score_total__extra_cv,sleep,vendor,sleep__score_total: within-person cv,v2
sleep__score_total__extra_weekend_delta,sleep,vendor,sleep__score_total: within-person weekend_delta,v2
sleep__temperature_delta__extra_mean,sleep,physiology,sleep__temperature_delta: within-person mean,v2
sleep__temperature_delta__extra_std,sleep,physiology,sleep__temperature_delta: within-person std,v2
sleep__temperature_delta__extra_mad,sleep,physiology,sleep__temperature_delta: within-person mad,v2
sleep__temperature_delta__extra_cv,sleep,physiology,sleep__temperature_delta: within-person cv,v2
sleep__temperature_delta__extra_weekend_delta,sleep,physiology,sleep__temperature_delta: within-person weekend_delta,v2
sleep__temperature_deviation__extra_mean,sleep,physiology,sleep__temperature_deviation: within-person mean,v2
sleep__temperature_deviation__extra_std,sleep,physiology,sleep__temperature_deviation: within-person std,v2
sleep__temperature_deviation__extra_mad,sleep,physiology,sleep__temperature_deviation: within-person mad,v2
sleep__temperature_deviation__extra_cv,sleep,physiology,sleep__temperature_deviation: within-person cv,v2
sleep__temperature_deviation__extra_weekend_delta,sleep,physiology,sleep__temperature_deviation: within-person weekend_delta,v2
sleep__total__extra_mean,sleep,physiology,sleep__total: within-person mean,v2
sleep__total__extra_std,sleep,physiology,sleep__total: within-person std,v2
sleep__total__extra_mad,sleep,physiology,sleep__total: within-person mad,v2
sleep__total__extra_cv,sleep,physiology,sleep__total: within-person cv,v2
sleep__total__extra_weekend_delta,sleep,physiology,sleep__total: within-person weekend_delta,v2
sleep__hr_mean__extra_mean,sleep,physiology,sleep__hr_mean: within-person mean,v2
sleep__hr_mean__extra_std,sleep,physiology,sleep__hr_mean: within-person std,v2
sleep__hr_mean__extra_mad,sleep,physiology,sleep__hr_mean: within-person mad,v2
sleep__hr_mean__extra_cv,sleep,physiology,sleep__hr_mean: within-person cv,v2
sleep__hr_mean__extra_weekend_delta,sleep,physiology,sleep__hr_mean: within-person weekend_delta,v2
sleep__hr_std__extra_mean,sleep,physiology,sleep__hr_std: within-person mean,v2
sleep__hr_std__extra_std,sleep,physiology,sleep__hr_std: within-person std,v2
sleep__hr_std__extra_mad,sleep,physiology,sleep__hr_std: within-person mad,v2
sleep__hr_std__extra_cv,sleep,physiology,sleep__hr_std: within-person cv,v2
sleep__hr_std__extra_weekend_delta,sleep,physiology,sleep__hr_std: within-person weekend_delta,v2
sleep__hr_p10__extra_mean,sleep,physiology,sleep__hr_p10: within-person mean,v2
sleep__hr_p10__extra_std,sleep,physiology,sleep__hr_p10: within-person std,v2
sleep__hr_p10__extra_mad,sleep,physiology,sleep__hr_p10: within-person mad,v2
sleep__hr_p10__extra_cv,sleep,physiology,sleep__hr_p10: within-person cv,v2
sleep__hr_p10__extra_weekend_delta,sleep,physiology,sleep__hr_p10: within-person weekend_delta,v2
sleep__hr_p90__extra_mean,sleep,physiology,sleep__hr_p90: within-person mean,v2
sleep__hr_p90__extra_std,sleep,physiology,sleep__hr_p90: within-person std,v2
sleep__hr_p90__extra_mad,sleep,physiology,sleep__hr_p90: within-person mad,v2
sleep__hr_p90__extra_cv,sleep,physiology,sleep__hr_p90: within-person cv,v2
sleep__hr_p90__extra_weekend_delta,sleep,physiology,sleep__hr_p90: within-person weekend_delta,v2
sleep__hr_rmssd_adjacent__extra_mean,sleep,physiology,sleep__hr_rmssd_adjacent: within-person mean,v2
sleep__hr_rmssd_adjacent__extra_std,sleep,physiology,sleep__hr_rmssd_adjacent: within-person std,v2
sleep__hr_rmssd_adjacent__extra_mad,sleep,physiology,sleep__hr_rmssd_adjacent: within-person mad,v2
sleep__hr_rmssd_adjacent__extra_cv,sleep,physiology,sleep__hr_rmssd_adjacent: within-person cv,v2
sleep__hr_rmssd_adjacent__extra_weekend_delta,sleep,physiology,sleep__hr_rmssd_adjacent: within-person weekend_delta,v2
sleep__hr_lag1__extra_mean,sleep,physiology,sleep__hr_lag1: within-person mean,v2
sleep__hr_lag1__extra_std,sleep,physiology,sleep__hr_lag1: within-person std,v2
sleep__hr_lag1__extra_mad,sleep,physiology,sleep__hr_lag1: within-person mad,v2
sleep__hr_lag1__extra_cv,sleep,physiology,sleep__hr_lag1: within-person cv,v2
sleep__hr_lag1__extra_weekend_delta,sleep,physiology,sleep__hr_lag1: within-person weekend_delta,v2
sleep__hr_last_first_third__extra_mean,sleep,physiology,sleep__hr_last_first_third: within-person mean,v2
sleep__hr_last_first_third__extra_std,sleep,physiology,sleep__hr_last_first_third: within-person std,v2
sleep__hr_last_first_third__extra_mad,sleep,physiology,sleep__hr_last_first_third: within-person mad,v2
sleep__hr_last_first_third__extra_cv,sleep,physiology,sleep__hr_last_first_third: within-person cv,v2
sleep__hr_last_first_third__extra_weekend_delta,sleep,physiology,sleep__hr_last_first_third: within-person weekend_delta,v2
sleep__hr_valid_fraction__extra_mean,sleep,quality,sleep__hr_valid_fraction: within-person mean,v2
sleep__hr_valid_fraction__extra_std,sleep,quality,sleep__hr_valid_fraction: within-person std,v2
sleep__hr_valid_fraction__extra_mad,sleep,quality,sleep__hr_valid_fraction: within-person mad,v2
sleep__hr_valid_fraction__extra_cv,sleep,quality,sleep__hr_valid_fraction: within-person cv,v2
sleep__hr_valid_fraction__extra_weekend_delta,sleep,quality,sleep__hr_valid_fraction: within-person weekend_delta,v2
sleep__hr_length__extra_mean,sleep,quality,sleep__hr_length: within-person mean,v2
sleep__hr_length__extra_std,sleep,quality,sleep__hr_length: within-person std,v2
sleep__hr_length__extra_mad,sleep,quality,sleep__hr_length: within-person mad,v2
sleep__hr_length__extra_cv,sleep,quality,sleep__hr_length: within-person cv,v2
sleep__hr_length__extra_weekend_delta,sleep,quality,sleep__hr_length: within-person weekend_delta,v2
sleep__state_code_1_fraction__extra_mean,sleep,physiology,sleep__state_code_1_fraction: within-person mean,v2
sleep__state_code_1_fraction__extra_std,sleep,physiology,sleep__state_code_1_fraction: within-person std,v2
sleep__state_code_1_fraction__extra_mad,sleep,physiology,sleep__state_code_1_fraction: within-person mad,v2
sleep__state_code_1_fraction__extra_cv,sleep,physiology,sleep__state_code_1_fraction: within-person cv,v2
sleep__state_code_1_fraction__extra_weekend_delta,sleep,physiology,sleep__state_code_1_fraction: within-person weekend_delta,v2
sleep__state_code_1_longest_minutes__extra_mean,sleep,physiology,sleep__state_code_1_longest_minutes: within-person mean,v2
sleep__state_code_1_longest_minutes__extra_std,sleep,physiology,sleep__state_code_1_longest_minutes: within-person std,v2
sleep__state_code_1_longest_minutes__extra_mad,sleep,physiology,sleep__state_code_1_longest_minutes: within-person mad,v2
sleep__state_code_1_longest_minutes__extra_cv,sleep,physiology,sleep__state_code_1_longest_minutes: within-person cv,v2
sleep__state_code_1_longest_minutes__extra_weekend_delta,sleep,physiology,sleep__state_code_1_longest_minutes: within-person weekend_delta,v2
sleep__state_code_2_fraction__extra_mean,sleep,physiology,sleep__state_code_2_fraction: within-person mean,v2
sleep__state_code_2_fraction__extra_std,sleep,physiology,sleep__state_code_2_fraction: within-person std,v2
sleep__state_code_2_fraction__extra_mad,sleep,physiology,sleep__state_code_2_fraction: within-person mad,v2
sleep__state_code_2_fraction__extra_cv,sleep,physiology,sleep__state_code_2_fraction: within-person cv,v2
sleep__state_code_2_fraction__extra_weekend_delta,sleep,physiology,sleep__state_code_2_fraction: within-person weekend_delta,v2
sleep__state_code_2_longest_minutes__extra_mean,sleep,physiology,sleep__state_code_2_longest_minutes: within-person mean,v2
sleep__state_code_2_longest_minutes__extra_std,sleep,physiology,sleep__state_code_2_longest_minutes: within-person std,v2
sleep__state_code_2_longest_minutes__extra_mad,sleep,physiology,sleep__state_code_2_longest_minutes: within-person mad,v2
sleep__state_code_2_longest_minutes__extra_cv,sleep,physiology,sleep__state_code_2_longest_minutes: within-person cv,v2
sleep__state_code_2_longest_minutes__extra_weekend_delta,sleep,physiology,sleep__state_code_2_longest_minutes: within-person weekend_delta,v2
sleep__state_code_3_fraction__extra_mean,sleep,physiology,sleep__state_code_3_fraction: within-person mean,v2
sleep__state_code_3_fraction__extra_std,sleep,physiology,sleep__state_code_3_fraction: within-person std,v2
sleep__state_code_3_fraction__extra_mad,sleep,physiology,sleep__state_code_3_fraction: within-person mad,v2
sleep__state_code_3_fraction__extra_cv,sleep,physiology,sleep__state_code_3_fraction: within-person cv,v2
sleep__state_code_3_fraction__extra_weekend_delta,sleep,physiology,sleep__state_code_3_fraction: within-person weekend_delta,v2
sleep__state_code_3_longest_minutes__extra_mean,sleep,physiology,sleep__state_code_3_longest_minutes: within-person mean,v2
sleep__state_code_3_longest_minutes__extra_std,sleep,physiology,sleep__state_code_3_longest_minutes: within-person std,v2
sleep__state_code_3_longest_minutes__extra_mad,sleep,physiology,sleep__state_code_3_longest_minutes: within-person mad,v2
sleep__state_code_3_longest_minutes__extra_cv,sleep,physiology,sleep__state_code_3_longest_minutes: within-person cv,v2
sleep__state_code_3_longest_minutes__extra_weekend_delta,sleep,physiology,sleep__state_code_3_longest_minutes: within-person weekend_delta,v2
sleep__state_code_4_fraction__extra_mean,sleep,physiology,sleep__state_code_4_fraction: within-person mean,v2
sleep__state_code_4_fraction__extra_std,sleep,physiology,sleep__state_code_4_fraction: within-person std,v2
sleep__state_code_4_fraction__extra_mad,sleep,physiology,sleep__state_code_4_fraction: within-person mad,v2
sleep__state_code_4_fraction__extra_cv,sleep,physiology,sleep__state_code_4_fraction: within-person cv,v2
sleep__state_code_4_fraction__extra_weekend_delta,sleep,physiology,sleep__state_code_4_fraction: within-person weekend_delta,v2
sleep__state_code_4_longest_minutes__extra_mean,sleep,physiology,sleep__state_code_4_longest_minutes: within-person mean,v2
sleep__state_code_4_longest_minutes__extra_std,sleep,physiology,sleep__state_code_4_longest_minutes: within-person std,v2
sleep__state_code_4_longest_minutes__extra_mad,sleep,physiology,sleep__state_code_4_longest_minutes: within-person mad,v2
sleep__state_code_4_longest_minutes__extra_cv,sleep,physiology,sleep__state_code_4_longest_minutes: within-person cv,v2
sleep__state_code_4_longest_minutes__extra_weekend_delta,sleep,physiology,sleep__state_code_4_longest_minutes: within-person weekend_delta,v2
sleep__state_entropy__extra_mean,sleep,physiology,sleep__state_entropy: within-person mean,v2
sleep__state_entropy__extra_std,sleep,physiology,sleep__state_entropy: within-person std,v2
sleep__state_entropy__extra_mad,sleep,physiology,sleep__state_entropy: within-person mad,v2
sleep__state_entropy__extra_cv,sleep,physiology,sleep__state_entropy: within-person cv,v2
sleep__state_entropy__extra_weekend_delta,sleep,physiology,sleep__state_entropy: within-person weekend_delta,v2
sleep__state_transition_rate__extra_mean,sleep,physiology,sleep__state_transition_rate: within-person mean,v2
sleep__state_transition_rate__extra_std,sleep,physiology,sleep__state_transition_rate: within-person std,v2
sleep__state_transition_rate__extra_mad,sleep,physiology,sleep__state_transition_rate: within-person mad,v2
sleep__state_transition_rate__extra_cv,sleep,physiology,sleep__state_transition_rate: within-person cv,v2
sleep__state_transition_rate__extra_weekend_delta,sleep,physiology,sleep__state_transition_rate: within-person weekend_delta,v2
sleep__state_valid_fraction__extra_mean,sleep,quality,sleep__state_valid_fraction: within-person mean,v2
sleep__state_valid_fraction__extra_std,sleep,quality,sleep__state_valid_fraction: within-person std,v2
sleep__state_valid_fraction__extra_mad,sleep,quality,sleep__state_valid_fraction: within-person mad,v2
sleep__state_valid_fraction__extra_cv,sleep,quality,sleep__state_valid_fraction: within-person cv,v2
sleep__state_valid_fraction__extra_weekend_delta,sleep,quality,sleep__state_valid_fraction: within-person weekend_delta,v2
sleep__state_length__extra_mean,sleep,quality,sleep__state_length: within-person mean,v2
sleep__state_length__extra_std,sleep,quality,sleep__state_length: within-person std,v2
sleep__state_length__extra_mad,sleep,quality,sleep__state_length: within-person mad,v2
sleep__state_length__extra_cv,sleep,quality,sleep__state_length: within-person cv,v2
sleep__state_length__extra_weekend_delta,sleep,quality,sleep__state_length: within-person weekend_delta,v2
sleep__hrv_mean__extra_mean,sleep,physiology,sleep__hrv_mean: within-person mean,v2
sleep__hrv_mean__extra_std,sleep,physiology,sleep__hrv_mean: within-person std,v2
sleep__hrv_mean__extra_mad,sleep,physiology,sleep__hrv_mean: within-person mad,v2
sleep__hrv_mean__extra_cv,sleep,physiology,sleep__hrv_mean: within-person cv,v2
sleep__hrv_mean__extra_weekend_delta,sleep,physiology,sleep__hrv_mean: within-person weekend_delta,v2
sleep__hrv_std__extra_mean,sleep,physiology,sleep__hrv_std: within-person mean,v2
sleep__hrv_std__extra_std,sleep,physiology,sleep__hrv_std: within-person std,v2
sleep__hrv_std__extra_mad,sleep,physiology,sleep__hrv_std: within-person mad,v2
sleep__hrv_std__extra_cv,sleep,physiology,sleep__hrv_std: within-person cv,v2
sleep__hrv_std__extra_weekend_delta,sleep,physiology,sleep__hrv_std: within-person weekend_delta,v2
sleep__hrv_p10__extra_mean,sleep,physiology,sleep__hrv_p10: within-person mean,v2
sleep__hrv_p10__extra_std,sleep,physiology,sleep__hrv_p10: within-person std,v2
sleep__hrv_p10__extra_mad,sleep,physiology,sleep__hrv_p10: within-person mad,v2
sleep__hrv_p10__extra_cv,sleep,physiology,sleep__hrv_p10: within-person cv,v2
sleep__hrv_p10__extra_weekend_delta,sleep,physiology,sleep__hrv_p10: within-person weekend_delta,v2
sleep__hrv_p90__extra_mean,sleep,physiology,sleep__hrv_p90: within-person mean,v2
sleep__hrv_p90__extra_std,sleep,physiology,sleep__hrv_p90: within-person std,v2
sleep__hrv_p90__extra_mad,sleep,physiology,sleep__hrv_p90: within-person mad,v2
sleep__hrv_p90__extra_cv,sleep,physiology,sleep__hrv_p90: within-person cv,v2
sleep__hrv_p90__extra_weekend_delta,sleep,physiology,sleep__hrv_p90: within-person weekend_delta,v2
sleep__hrv_rmssd_adjacent__extra_mean,sleep,physiology,sleep__hrv_rmssd_adjacent: within-person mean,v2
sleep__hrv_rmssd_adjacent__extra_std,sleep,physiology,sleep__hrv_rmssd_adjacent: within-person std,v2
sleep__hrv_rmssd_adjacent__extra_mad,sleep,physiology,sleep__hrv_rmssd_adjacent: within-person mad,v2
sleep__hrv_rmssd_adjacent__extra_cv,sleep,physiology,sleep__hrv_rmssd_adjacent: within-person cv,v2
sleep__hrv_rmssd_adjacent__extra_weekend_delta,sleep,physiology,sleep__hrv_rmssd_adjacent: within-person weekend_delta,v2
sleep__hrv_lag1__extra_mean,sleep,physiology,sleep__hrv_lag1: within-person mean,v2
sleep__hrv_lag1__extra_std,sleep,physiology,sleep__hrv_lag1: within-person std,v2
sleep__hrv_lag1__extra_mad,sleep,physiology,sleep__hrv_lag1: within-person mad,v2
sleep__hrv_lag1__extra_cv,sleep,physiology,sleep__hrv_lag1: within-person cv,v2
sleep__hrv_lag1__extra_weekend_delta,sleep,physiology,sleep__hrv_lag1: within-person weekend_delta,v2
sleep__hrv_last_first_third__extra_mean,sleep,physiology,sleep__hrv_last_first_third: within-person mean,v2
sleep__hrv_last_first_third__extra_std,sleep,physiology,sleep__hrv_last_first_third: within-person std,v2
sleep__hrv_last_first_third__extra_mad,sleep,physiology,sleep__hrv_last_first_third: within-person mad,v2
sleep__hrv_last_first_third__extra_cv,sleep,physiology,sleep__hrv_last_first_third: within-person cv,v2
sleep__hrv_last_first_third__extra_weekend_delta,sleep,physiology,sleep__hrv_last_first_third: within-person weekend_delta,v2
sleep__hrv_valid_fraction__extra_mean,sleep,quality,sleep__hrv_valid_fraction: within-person mean,v2
sleep__hrv_valid_fraction__extra_std,sleep,quality,sleep__hrv_valid_fraction: within-person std,v2
sleep__hrv_valid_fraction__extra_mad,sleep,quality,sleep__hrv_valid_fraction: within-person mad,v2
sleep__hrv_valid_fraction__extra_cv,sleep,quality,sleep__hrv_valid_fraction: within-person cv,v2
sleep__hrv_valid_fraction__extra_weekend_delta,sleep,quality,sleep__hrv_valid_fraction: within-person weekend_delta,v2
sleep__hrv_length__extra_mean,sleep,quality,sleep__hrv_length: within-person mean,v2
sleep__hrv_length__extra_std,sleep,quality,sleep__hrv_length: within-person std,v2
sleep__hrv_length__extra_mad,sleep,quality,sleep__hrv_length: within-person mad,v2
sleep__hrv_length__extra_cv,sleep,quality,sleep__hrv_length: within-person cv,v2
sleep__hrv_length__extra_weekend_delta,sleep,quality,sleep__hrv_length: within-person weekend_delta,v2
sleep__deep_fraction__extra_mean,sleep,physiology,sleep__deep_fraction: within-person mean,v2
sleep__deep_fraction__extra_std,sleep,physiology,sleep__deep_fraction: within-person std,v2
sleep__deep_fraction__extra_mad,sleep,physiology,sleep__deep_fraction: within-person mad,v2
sleep__deep_fraction__extra_cv,sleep,physiology,sleep__deep_fraction: within-person cv,v2
sleep__deep_fraction__extra_weekend_delta,sleep,physiology,sleep__deep_fraction: within-person weekend_delta,v2
sleep__light_fraction__extra_mean,sleep,physiology,sleep__light_fraction: within-person mean,v2
sleep__light_fraction__extra_std,sleep,physiology,sleep__light_fraction: within-person std,v2
sleep__light_fraction__extra_mad,sleep,physiology,sleep__light_fraction: within-person mad,v2
sleep__light_fraction__extra_cv,sleep,physiology,sleep__light_fraction: within-person cv,v2
sleep__light_fraction__extra_weekend_delta,sleep,physiology,sleep__light_fraction: within-person weekend_delta,v2
sleep__rem_fraction__extra_mean,sleep,physiology,sleep__rem_fraction: within-person mean,v2
sleep__rem_fraction__extra_std,sleep,physiology,sleep__rem_fraction: within-person std,v2
sleep__rem_fraction__extra_mad,sleep,physiology,sleep__rem_fraction: within-person mad,v2
sleep__rem_fraction__extra_cv,sleep,physiology,sleep__rem_fraction: within-person cv,v2
sleep__rem_fraction__extra_weekend_delta,sleep,physiology,sleep__rem_fraction: within-person weekend_delta,v2
sleep__awake_fraction__extra_mean,sleep,physiology,sleep__awake_fraction: within-person mean,v2
sleep__awake_fraction__extra_std,sleep,physiology,sleep__awake_fraction: within-person std,v2
sleep__awake_fraction__extra_mad,sleep,physiology,sleep__awake_fraction: within-person mad,v2
sleep__awake_fraction__extra_cv,sleep,physiology,sleep__awake_fraction: within-person cv,v2
sleep__awake_fraction__extra_weekend_delta,sleep,physiology,sleep__awake_fraction: within-person weekend_delta,v2
sleep__latency_fraction__extra_mean,sleep,physiology,sleep__latency_fraction: within-person mean,v2
sleep__latency_fraction__extra_std,sleep,physiology,sleep__latency_fraction: within-person std,v2
sleep__latency_fraction__extra_mad,sleep,physiology,sleep__latency_fraction: within-person mad,v2
sleep__latency_fraction__extra_cv,sleep,physiology,sleep__latency_fraction: within-person cv,v2
sleep__latency_fraction__extra_weekend_delta,sleep,physiology,sleep__latency_fraction: within-person weekend_delta,v2
sleep__bedtime_sin__extra_mean,sleep,physiology,sleep__bedtime_sin: within-person mean,v2
sleep__bedtime_sin__extra_std,sleep,physiology,sleep__bedtime_sin: within-person std,v2
sleep__bedtime_sin__extra_mad,sleep,physiology,sleep__bedtime_sin: within-person mad,v2
sleep__bedtime_sin__extra_cv,sleep,physiology,sleep__bedtime_sin: within-person cv,v2
sleep__bedtime_sin__extra_weekend_delta,sleep,physiology,sleep__bedtime_sin: within-person weekend_delta,v2
sleep__bedtime_cos__extra_mean,sleep,physiology,sleep__bedtime_cos: within-person mean,v2
sleep__bedtime_cos__extra_std,sleep,physiology,sleep__bedtime_cos: within-person std,v2
sleep__bedtime_cos__extra_mad,sleep,physiology,sleep__bedtime_cos: within-person mad,v2
sleep__bedtime_cos__extra_cv,sleep,physiology,sleep__bedtime_cos: within-person cv,v2
sleep__bedtime_cos__extra_weekend_delta,sleep,physiology,sleep__bedtime_cos: within-person weekend_delta,v2
sleep__wake_sin__extra_mean,sleep,physiology,sleep__wake_sin: within-person mean,v2
sleep__wake_sin__extra_std,sleep,physiology,sleep__wake_sin: within-person std,v2
sleep__wake_sin__extra_mad,sleep,physiology,sleep__wake_sin: within-person mad,v2
sleep__wake_sin__extra_cv,sleep,physiology,sleep__wake_sin: within-person cv,v2
sleep__wake_sin__extra_weekend_delta,sleep,physiology,sleep__wake_sin: within-person weekend_delta,v2
sleep__wake_cos__extra_mean,sleep,physiology,sleep__wake_cos: within-person mean,v2
sleep__wake_cos__extra_std,sleep,physiology,sleep__wake_cos: within-person std,v2
sleep__wake_cos__extra_mad,sleep,physiology,sleep__wake_cos: within-person mad,v2
sleep__wake_cos__extra_cv,sleep,physiology,sleep__wake_cos: within-person cv,v2
sleep__wake_cos__extra_weekend_delta,sleep,physiology,sleep__wake_cos: within-person weekend_delta,v2
context__activity__first_epochday,activity,collection_context,"Acquisition timing, not a physiological biomarker: first_epochday",collection_context
context__activity__last_epochday,activity,collection_context,"Acquisition timing, not a physiological biomarker: last_epochday",collection_context
context__activity__median_epochday,activity,collection_context,"Acquisition timing, not a physiological biomarker: median_epochday",collection_context
context__activity__season_sin,activity,collection_context,"Acquisition timing, not a physiological biomarker: season_sin",collection_context
context__activity__season_cos,activity,collection_context,"Acquisition timing, not a physiological biomarker: season_cos",collection_context
context__activity__weekend_fraction,activity,collection_context,"Acquisition timing, not a physiological biomarker: weekend_fraction",collection_context
v3__activity__average_met__mean,activity,physiology,activity__average_met: within-person mean; calendar windows where applicable,temporal_v3
v3__activity__average_met__std,activity,physiology,activity__average_met: within-person std; calendar windows where applicable,temporal_v3
v3__activity__average_met__median,activity,physiology,activity__average_met: within-person median; calendar windows where applicable,temporal_v3
v3__activity__average_met__trimmed_mean,activity,physiology,activity__average_met: within-person trimmed_mean; calendar windows where applicable,temporal_v3
v3__activity__average_met__mode,activity,physiology,activity__average_met: within-person mode; calendar windows where applicable,temporal_v3
v3__activity__average_met__minimum,activity,physiology,activity__average_met: within-person minimum; calendar windows where applicable,temporal_v3
v3__activity__average_met__maximum,activity,physiology,activity__average_met: within-person maximum; calendar windows where applicable,temporal_v3
v3__activity__average_met__range,activity,physiology,activity__average_met: within-person range; calendar windows where applicable,temporal_v3
v3__activity__average_met__mad,activity,physiology,activity__average_met: within-person mad; calendar windows where applicable,temporal_v3
v3__activity__average_met__cv,activity,physiology,activity__average_met: within-person cv; calendar windows where applicable,temporal_v3
v3__activity__average_met__skew,activity,physiology,activity__average_met: within-person skew; calendar windows where applicable,temporal_v3
v3__activity__average_met__kurtosis,activity,physiology,activity__average_met: within-person kurtosis; calendar windows where applicable,temporal_v3
v3__activity__average_met__q05,activity,physiology,activity__average_met: within-person q05; calendar windows where applicable,temporal_v3
v3__activity__average_met__q95,activity,physiology,activity__average_met: within-person q95; calendar windows where applicable,temporal_v3
v3__activity__average_met__rmssd,activity,physiology,activity__average_met: within-person rmssd; calendar windows where applicable,temporal_v3
v3__activity__average_met__moving_range,activity,physiology,activity__average_met: within-person moving_range; calendar windows where applicable,temporal_v3
v3__activity__average_met__lag1,activity,physiology,activity__average_met: within-person lag1; calendar windows where applicable,temporal_v3
v3__activity__average_met__trend,activity,physiology,activity__average_met: within-person trend; calendar windows where applicable,temporal_v3
v3__activity__average_met__bin_variance4,activity,physiology,activity__average_met: within-person bin_variance4; calendar windows where applicable,temporal_v3
v3__activity__average_met__bin_change4,activity,physiology,activity__average_met: within-person bin_change4; calendar windows where applicable,temporal_v3
v3__activity__average_met__stv7,activity,physiology,activity__average_met: within-person stv7; calendar windows where applicable,temporal_v3
v3__activity__average_met__rolling_cv7,activity,physiology,activity__average_met: within-person rolling_cv7; calendar windows where applicable,temporal_v3
v3__activity__average_met__rolling_range7,activity,physiology,activity__average_met: within-person rolling_range7; calendar windows where applicable,temporal_v3
v3__activity__average_met__stv14,activity,physiology,activity__average_met: within-person stv14; calendar windows where applicable,temporal_v3
v3__activity__average_met__rolling_cv14,activity,physiology,activity__average_met: within-person rolling_cv14; calendar windows where applicable,temporal_v3
v3__activity__average_met__rolling_range14,activity,physiology,activity__average_met: within-person rolling_range14; calendar windows where applicable,temporal_v3
v3__activity__average_met__stv28,activity,physiology,activity__average_met: within-person stv28; calendar windows where applicable,temporal_v3
v3__activity__average_met__rolling_cv28,activity,physiology,activity__average_met: within-person rolling_cv28; calendar windows where applicable,temporal_v3
v3__activity__average_met__rolling_range28,activity,physiology,activity__average_met: within-person rolling_range28; calendar windows where applicable,temporal_v3
v3__activity__cal_active__mean,activity,physiology,activity__cal_active: within-person mean; calendar windows where applicable,temporal_v3
v3__activity__cal_active__std,activity,physiology,activity__cal_active: within-person std; calendar windows where applicable,temporal_v3
v3__activity__cal_active__median,activity,physiology,activity__cal_active: within-person median; calendar windows where applicable,temporal_v3
v3__activity__cal_active__trimmed_mean,activity,physiology,activity__cal_active: within-person trimmed_mean; calendar windows where applicable,temporal_v3
v3__activity__cal_active__mode,activity,physiology,activity__cal_active: within-person mode; calendar windows where applicable,temporal_v3
v3__activity__cal_active__minimum,activity,physiology,activity__cal_active: within-person minimum; calendar windows where applicable,temporal_v3
v3__activity__cal_active__maximum,activity,physiology,activity__cal_active: within-person maximum; calendar windows where applicable,temporal_v3
v3__activity__cal_active__range,activity,physiology,activity__cal_active: within-person range; calendar windows where applicable,temporal_v3
v3__activity__cal_active__mad,activity,physiology,activity__cal_active: within-person mad; calendar windows where applicable,temporal_v3
v3__activity__cal_active__cv,activity,physiology,activity__cal_active: within-person cv; calendar windows where applicable,temporal_v3
v3__activity__cal_active__skew,activity,physiology,activity__cal_active: within-person skew; calendar windows where applicable,temporal_v3
v3__activity__cal_active__kurtosis,activity,physiology,activity__cal_active: within-person kurtosis; calendar windows where applicable,temporal_v3
v3__activity__cal_active__q05,activity,physiology,activity__cal_active: within-person q05; calendar windows where applicable,temporal_v3
v3__activity__cal_active__q95,activity,physiology,activity__cal_active: within-person q95; calendar windows where applicable,temporal_v3
v3__activity__cal_active__rmssd,activity,physiology,activity__cal_active: within-person rmssd; calendar windows where applicable,temporal_v3
v3__activity__cal_active__moving_range,activity,physiology,activity__cal_active: within-person moving_range; calendar windows where applicable,temporal_v3
v3__activity__cal_active__lag1,activity,physiology,activity__cal_active: within-person lag1; calendar windows where applicable,temporal_v3
v3__activity__cal_active__trend,activity,physiology,activity__cal_active: within-person trend; calendar windows where applicable,temporal_v3
v3__activity__cal_active__bin_variance4,activity,physiology,activity__cal_active: within-person bin_variance4; calendar windows where applicable,temporal_v3
v3__activity__cal_active__bin_change4,activity,physiology,activity__cal_active: within-person bin_change4; calendar windows where applicable,temporal_v3
v3__activity__cal_active__stv7,activity,physiology,activity__cal_active: within-person stv7; calendar windows where applicable,temporal_v3
v3__activity__cal_active__rolling_cv7,activity,physiology,activity__cal_active: within-person rolling_cv7; calendar windows where applicable,temporal_v3
v3__activity__cal_active__rolling_range7,activity,physiology,activity__cal_active: within-person rolling_range7; calendar windows where applicable,temporal_v3
v3__activity__cal_active__stv14,activity,physiology,activity__cal_active: within-person stv14; calendar windows where applicable,temporal_v3
v3__activity__cal_active__rolling_cv14,activity,physiology,activity__cal_active: within-person rolling_cv14; calendar windows where applicable,temporal_v3
v3__activity__cal_active__rolling_range14,activity,physiology,activity__cal_active: within-person rolling_range14; calendar windows where applicable,temporal_v3
v3__activity__cal_active__stv28,activity,physiology,activity__cal_active: within-person stv28; calendar windows where applicable,temporal_v3
v3__activity__cal_active__rolling_cv28,activity,physiology,activity__cal_active: within-person rolling_cv28; calendar windows where applicable,temporal_v3
v3__activity__cal_active__rolling_range28,activity,physiology,activity__cal_active: within-person rolling_range28; calendar windows where applicable,temporal_v3
v3__activity__cal_total__mean,activity,physiology,activity__cal_total: within-person mean; calendar windows where applicable,temporal_v3
v3__activity__cal_total__std,activity,physiology,activity__cal_total: within-person std; calendar windows where applicable,temporal_v3
v3__activity__cal_total__median,activity,physiology,activity__cal_total: within-person median; calendar windows where applicable,temporal_v3
v3__activity__cal_total__trimmed_mean,activity,physiology,activity__cal_total: within-person trimmed_mean; calendar windows where applicable,temporal_v3
v3__activity__cal_total__mode,activity,physiology,activity__cal_total: within-person mode; calendar windows where applicable,temporal_v3
v3__activity__cal_total__minimum,activity,physiology,activity__cal_total: within-person minimum; calendar windows where applicable,temporal_v3
v3__activity__cal_total__maximum,activity,physiology,activity__cal_total: within-person maximum; calendar windows where applicable,temporal_v3
v3__activity__cal_total__range,activity,physiology,activity__cal_total: within-person range; calendar windows where applicable,temporal_v3
v3__activity__cal_total__mad,activity,physiology,activity__cal_total: within-person mad; calendar windows where applicable,temporal_v3
v3__activity__cal_total__cv,activity,physiology,activity__cal_total: within-person cv; calendar windows where applicable,temporal_v3
v3__activity__cal_total__skew,activity,physiology,activity__cal_total: within-person skew; calendar windows where applicable,temporal_v3
v3__activity__cal_total__kurtosis,activity,physiology,activity__cal_total: within-person kurtosis; calendar windows where applicable,temporal_v3
v3__activity__cal_total__q05,activity,physiology,activity__cal_total: within-person q05; calendar windows where applicable,temporal_v3
v3__activity__cal_total__q95,activity,physiology,activity__cal_total: within-person q95; calendar windows where applicable,temporal_v3
v3__activity__cal_total__rmssd,activity,physiology,activity__cal_total: within-person rmssd; calendar windows where applicable,temporal_v3
v3__activity__cal_total__moving_range,activity,physiology,activity__cal_total: within-person moving_range; calendar windows where applicable,temporal_v3
v3__activity__cal_total__lag1,activity,physiology,activity__cal_total: within-person lag1; calendar windows where applicable,temporal_v3
v3__activity__cal_total__trend,activity,physiology,activity__cal_total: within-person trend; calendar windows where applicable,temporal_v3
v3__activity__cal_total__bin_variance4,activity,physiology,activity__cal_total: within-person bin_variance4; calendar windows where applicable,temporal_v3
v3__activity__cal_total__bin_change4,activity,physiology,activity__cal_total: within-person bin_change4; calendar windows where applicable,temporal_v3
v3__activity__cal_total__stv7,activity,physiology,activity__cal_total: within-person stv7; calendar windows where applicable,temporal_v3
v3__activity__cal_total__rolling_cv7,activity,physiology,activity__cal_total: within-person rolling_cv7; calendar windows where applicable,temporal_v3
v3__activity__cal_total__rolling_range7,activity,physiology,activity__cal_total: within-person rolling_range7; calendar windows where applicable,temporal_v3
v3__activity__cal_total__stv14,activity,physiology,activity__cal_total: within-person stv14; calendar windows where applicable,temporal_v3
v3__activity__cal_total__rolling_cv14,activity,physiology,activity__cal_total: within-person rolling_cv14; calendar windows where applicable,temporal_v3
v3__activity__cal_total__rolling_range14,activity,physiology,activity__cal_total: within-person rolling_range14; calendar windows where applicable,temporal_v3
v3__activity__cal_total__stv28,activity,physiology,activity__cal_total: within-person stv28; calendar windows where applicable,temporal_v3
v3__activity__cal_total__rolling_cv28,activity,physiology,activity__cal_total: within-person rolling_cv28; calendar windows where applicable,temporal_v3
v3__activity__cal_total__rolling_range28,activity,physiology,activity__cal_total: within-person rolling_range28; calendar windows where applicable,temporal_v3
v3__activity__daily_movement__mean,activity,physiology,activity__daily_movement: within-person mean; calendar windows where applicable,temporal_v3
v3__activity__daily_movement__std,activity,physiology,activity__daily_movement: within-person std; calendar windows where applicable,temporal_v3
v3__activity__daily_movement__median,activity,physiology,activity__daily_movement: within-person median; calendar windows where applicable,temporal_v3
v3__activity__daily_movement__trimmed_mean,activity,physiology,activity__daily_movement: within-person trimmed_mean; calendar windows where applicable,temporal_v3
v3__activity__daily_movement__mode,activity,physiology,activity__daily_movement: within-person mode; calendar windows where applicable,temporal_v3
v3__activity__daily_movement__minimum,activity,physiology,activity__daily_movement: within-person minimum; calendar windows where applicable,temporal_v3
v3__activity__daily_movement__maximum,activity,physiology,activity__daily_movement: within-person maximum; calendar windows where applicable,temporal_v3
v3__activity__daily_movement__range,activity,physiology,activity__daily_movement: within-person range; calendar windows where applicable,temporal_v3
v3__activity__daily_movement__mad,activity,physiology,activity__daily_movement: within-person mad; calendar windows where applicable,temporal_v3
v3__activity__daily_movement__cv,activity,physiology,activity__daily_movement: within-person cv; calendar windows where applicable,temporal_v3
v3__activity__daily_movement__skew,activity,physiology,activity__daily_movement: within-person skew; calendar windows where applicable,temporal_v3
v3__activity__daily_movement__kurtosis,activity,physiology,activity__daily_movement: within-person kurtosis; calendar windows where applicable,temporal_v3
v3__activity__daily_movement__q05,activity,physiology,activity__daily_movement: within-person q05; calendar windows where applicable,temporal_v3
v3__activity__daily_movement__q95,activity,physiology,activity__daily_movement: within-person q95; calendar windows where applicable,temporal_v3
v3__activity__daily_movement__rmssd,activity,physiology,activity__daily_movement: within-person rmssd; calendar windows where applicable,temporal_v3
v3__activity__daily_movement__moving_range,activity,physiology,activity__daily_movement: within-person moving_range; calendar windows where applicable,temporal_v3
v3__activity__daily_movement__lag1,activity,physiology,activity__daily_movement: within-person lag1; calendar windows where applicable,temporal_v3
v3__activity__daily_movement__trend,activity,physiology,activity__daily_movement: within-person trend; calendar windows where applicable,temporal_v3
v3__activity__daily_movement__bin_variance4,activity,physiology,activity__daily_movement: within-person bin_variance4; calendar windows where applicable,temporal_v3
v3__activity__daily_movement__bin_change4,activity,physiology,activity__daily_movement: within-person bin_change4; calendar windows where applicable,temporal_v3
v3__activity__daily_movement__stv7,activity,physiology,activity__daily_movement: within-person stv7; calendar windows where applicable,temporal_v3
v3__activity__daily_movement__rolling_cv7,activity,physiology,activity__daily_movement: within-person rolling_cv7; calendar windows where applicable,temporal_v3
v3__activity__daily_movement__rolling_range7,activity,physiology,activity__daily_movement: within-person rolling_range7; calendar windows where applicable,temporal_v3
v3__activity__daily_movement__stv14,activity,physiology,activity__daily_movement: within-person stv14; calendar windows where applicable,temporal_v3
v3__activity__daily_movement__rolling_cv14,activity,physiology,activity__daily_movement: within-person rolling_cv14; calendar windows where applicable,temporal_v3
v3__activity__daily_movement__rolling_range14,activity,physiology,activity__daily_movement: within-person rolling_range14; calendar windows where applicable,temporal_v3
v3__activity__daily_movement__stv28,activity,physiology,activity__daily_movement: within-person stv28; calendar windows where applicable,temporal_v3
v3__activity__daily_movement__rolling_cv28,activity,physiology,activity__daily_movement: within-person rolling_cv28; calendar windows where applicable,temporal_v3
v3__activity__daily_movement__rolling_range28,activity,physiology,activity__daily_movement: within-person rolling_range28; calendar windows where applicable,temporal_v3
v3__activity__high__mean,activity,physiology,activity__high: within-person mean; calendar windows where applicable,temporal_v3
v3__activity__high__std,activity,physiology,activity__high: within-person std; calendar windows where applicable,temporal_v3
v3__activity__high__median,activity,physiology,activity__high: within-person median; calendar windows where applicable,temporal_v3
v3__activity__high__trimmed_mean,activity,physiology,activity__high: within-person trimmed_mean; calendar windows where applicable,temporal_v3
v3__activity__high__mode,activity,physiology,activity__high: within-person mode; calendar windows where applicable,temporal_v3
v3__activity__high__minimum,activity,physiology,activity__high: within-person minimum; calendar windows where applicable,temporal_v3
v3__activity__high__maximum,activity,physiology,activity__high: within-person maximum; calendar windows where applicable,temporal_v3
v3__activity__high__range,activity,physiology,activity__high: within-person range; calendar windows where applicable,temporal_v3
v3__activity__high__mad,activity,physiology,activity__high: within-person mad; calendar windows where applicable,temporal_v3
v3__activity__high__cv,activity,physiology,activity__high: within-person cv; calendar windows where applicable,temporal_v3
v3__activity__high__skew,activity,physiology,activity__high: within-person skew; calendar windows where applicable,temporal_v3
v3__activity__high__kurtosis,activity,physiology,activity__high: within-person kurtosis; calendar windows where applicable,temporal_v3
v3__activity__high__q05,activity,physiology,activity__high: within-person q05; calendar windows where applicable,temporal_v3
v3__activity__high__q95,activity,physiology,activity__high: within-person q95; calendar windows where applicable,temporal_v3
v3__activity__high__rmssd,activity,physiology,activity__high: within-person rmssd; calendar windows where applicable,temporal_v3
v3__activity__high__moving_range,activity,physiology,activity__high: within-person moving_range; calendar windows where applicable,temporal_v3
v3__activity__high__lag1,activity,physiology,activity__high: within-person lag1; calendar windows where applicable,temporal_v3
v3__activity__high__trend,activity,physiology,activity__high: within-person trend; calendar windows where applicable,temporal_v3
v3__activity__high__bin_variance4,activity,physiology,activity__high: within-person bin_variance4; calendar windows where applicable,temporal_v3
v3__activity__high__bin_change4,activity,physiology,activity__high: within-person bin_change4; calendar windows where applicable,temporal_v3
v3__activity__high__stv7,activity,physiology,activity__high: within-person stv7; calendar windows where applicable,temporal_v3
v3__activity__high__rolling_cv7,activity,physiology,activity__high: within-person rolling_cv7; calendar windows where applicable,temporal_v3
v3__activity__high__rolling_range7,activity,physiology,activity__high: within-person rolling_range7; calendar windows where applicable,temporal_v3
v3__activity__high__stv14,activity,physiology,activity__high: within-person stv14; calendar windows where applicable,temporal_v3
v3__activity__high__rolling_cv14,activity,physiology,activity__high: within-person rolling_cv14; calendar windows where applicable,temporal_v3
v3__activity__high__rolling_range14,activity,physiology,activity__high: within-person rolling_range14; calendar windows where applicable,temporal_v3
v3__activity__high__stv28,activity,physiology,activity__high: within-person stv28; calendar windows where applicable,temporal_v3
v3__activity__high__rolling_cv28,activity,physiology,activity__high: within-person rolling_cv28; calendar windows where applicable,temporal_v3
v3__activity__high__rolling_range28,activity,physiology,activity__high: within-person rolling_range28; calendar windows where applicable,temporal_v3
v3__activity__inactive__mean,activity,physiology,activity__inactive: within-person mean; calendar windows where applicable,temporal_v3
v3__activity__inactive__std,activity,physiology,activity__inactive: within-person std; calendar windows where applicable,temporal_v3
v3__activity__inactive__median,activity,physiology,activity__inactive: within-person median; calendar windows where applicable,temporal_v3
v3__activity__inactive__trimmed_mean,activity,physiology,activity__inactive: within-person trimmed_mean; calendar windows where applicable,temporal_v3
v3__activity__inactive__mode,activity,physiology,activity__inactive: within-person mode; calendar windows where applicable,temporal_v3
v3__activity__inactive__minimum,activity,physiology,activity__inactive: within-person minimum; calendar windows where applicable,temporal_v3
v3__activity__inactive__maximum,activity,physiology,activity__inactive: within-person maximum; calendar windows where applicable,temporal_v3
v3__activity__inactive__range,activity,physiology,activity__inactive: within-person range; calendar windows where applicable,temporal_v3
v3__activity__inactive__mad,activity,physiology,activity__inactive: within-person mad; calendar windows where applicable,temporal_v3
v3__activity__inactive__cv,activity,physiology,activity__inactive: within-person cv; calendar windows where applicable,temporal_v3
v3__activity__inactive__skew,activity,physiology,activity__inactive: within-person skew; calendar windows where applicable,temporal_v3
v3__activity__inactive__kurtosis,activity,physiology,activity__inactive: within-person kurtosis; calendar windows where applicable,temporal_v3
v3__activity__inactive__q05,activity,physiology,activity__inactive: within-person q05; calendar windows where applicable,temporal_v3
v3__activity__inactive__q95,activity,physiology,activity__inactive: within-person q95; calendar windows where applicable,temporal_v3
v3__activity__inactive__rmssd,activity,physiology,activity__inactive: within-person rmssd; calendar windows where applicable,temporal_v3
v3__activity__inactive__moving_range,activity,physiology,activity__inactive: within-person moving_range; calendar windows where applicable,temporal_v3
v3__activity__inactive__lag1,activity,physiology,activity__inactive: within-person lag1; calendar windows where applicable,temporal_v3
v3__activity__inactive__trend,activity,physiology,activity__inactive: within-person trend; calendar windows where applicable,temporal_v3
v3__activity__inactive__bin_variance4,activity,physiology,activity__inactive: within-person bin_variance4; calendar windows where applicable,temporal_v3
v3__activity__inactive__bin_change4,activity,physiology,activity__inactive: within-person bin_change4; calendar windows where applicable,temporal_v3
v3__activity__inactive__stv7,activity,physiology,activity__inactive: within-person stv7; calendar windows where applicable,temporal_v3
v3__activity__inactive__rolling_cv7,activity,physiology,activity__inactive: within-person rolling_cv7; calendar windows where applicable,temporal_v3
v3__activity__inactive__rolling_range7,activity,physiology,activity__inactive: within-person rolling_range7; calendar windows where applicable,temporal_v3
v3__activity__inactive__stv14,activity,physiology,activity__inactive: within-person stv14; calendar windows where applicable,temporal_v3
v3__activity__inactive__rolling_cv14,activity,physiology,activity__inactive: within-person rolling_cv14; calendar windows where applicable,temporal_v3
v3__activity__inactive__rolling_range14,activity,physiology,activity__inactive: within-person rolling_range14; calendar windows where applicable,temporal_v3
v3__activity__inactive__stv28,activity,physiology,activity__inactive: within-person stv28; calendar windows where applicable,temporal_v3
v3__activity__inactive__rolling_cv28,activity,physiology,activity__inactive: within-person rolling_cv28; calendar windows where applicable,temporal_v3
v3__activity__inactive__rolling_range28,activity,physiology,activity__inactive: within-person rolling_range28; calendar windows where applicable,temporal_v3
v3__activity__inactivity_alerts__mean,activity,physiology,activity__inactivity_alerts: within-person mean; calendar windows where applicable,temporal_v3
v3__activity__inactivity_alerts__std,activity,physiology,activity__inactivity_alerts: within-person std; calendar windows where applicable,temporal_v3
v3__activity__inactivity_alerts__median,activity,physiology,activity__inactivity_alerts: within-person median; calendar windows where applicable,temporal_v3
v3__activity__inactivity_alerts__trimmed_mean,activity,physiology,activity__inactivity_alerts: within-person trimmed_mean; calendar windows where applicable,temporal_v3
v3__activity__inactivity_alerts__mode,activity,physiology,activity__inactivity_alerts: within-person mode; calendar windows where applicable,temporal_v3
v3__activity__inactivity_alerts__minimum,activity,physiology,activity__inactivity_alerts: within-person minimum; calendar windows where applicable,temporal_v3
v3__activity__inactivity_alerts__maximum,activity,physiology,activity__inactivity_alerts: within-person maximum; calendar windows where applicable,temporal_v3
v3__activity__inactivity_alerts__range,activity,physiology,activity__inactivity_alerts: within-person range; calendar windows where applicable,temporal_v3
v3__activity__inactivity_alerts__mad,activity,physiology,activity__inactivity_alerts: within-person mad; calendar windows where applicable,temporal_v3
v3__activity__inactivity_alerts__cv,activity,physiology,activity__inactivity_alerts: within-person cv; calendar windows where applicable,temporal_v3
v3__activity__inactivity_alerts__skew,activity,physiology,activity__inactivity_alerts: within-person skew; calendar windows where applicable,temporal_v3
v3__activity__inactivity_alerts__kurtosis,activity,physiology,activity__inactivity_alerts: within-person kurtosis; calendar windows where applicable,temporal_v3
v3__activity__inactivity_alerts__q05,activity,physiology,activity__inactivity_alerts: within-person q05; calendar windows where applicable,temporal_v3
v3__activity__inactivity_alerts__q95,activity,physiology,activity__inactivity_alerts: within-person q95; calendar windows where applicable,temporal_v3
v3__activity__inactivity_alerts__rmssd,activity,physiology,activity__inactivity_alerts: within-person rmssd; calendar windows where applicable,temporal_v3
v3__activity__inactivity_alerts__moving_range,activity,physiology,activity__inactivity_alerts: within-person moving_range; calendar windows where applicable,temporal_v3
v3__activity__inactivity_alerts__lag1,activity,physiology,activity__inactivity_alerts: within-person lag1; calendar windows where applicable,temporal_v3
v3__activity__inactivity_alerts__trend,activity,physiology,activity__inactivity_alerts: within-person trend; calendar windows where applicable,temporal_v3
v3__activity__inactivity_alerts__bin_variance4,activity,physiology,activity__inactivity_alerts: within-person bin_variance4; calendar windows where applicable,temporal_v3
v3__activity__inactivity_alerts__bin_change4,activity,physiology,activity__inactivity_alerts: within-person bin_change4; calendar windows where applicable,temporal_v3
v3__activity__inactivity_alerts__stv7,activity,physiology,activity__inactivity_alerts: within-person stv7; calendar windows where applicable,temporal_v3
v3__activity__inactivity_alerts__rolling_cv7,activity,physiology,activity__inactivity_alerts: within-person rolling_cv7; calendar windows where applicable,temporal_v3
v3__activity__inactivity_alerts__rolling_range7,activity,physiology,activity__inactivity_alerts: within-person rolling_range7; calendar windows where applicable,temporal_v3
v3__activity__inactivity_alerts__stv14,activity,physiology,activity__inactivity_alerts: within-person stv14; calendar windows where applicable,temporal_v3
v3__activity__inactivity_alerts__rolling_cv14,activity,physiology,activity__inactivity_alerts: within-person rolling_cv14; calendar windows where applicable,temporal_v3
v3__activity__inactivity_alerts__rolling_range14,activity,physiology,activity__inactivity_alerts: within-person rolling_range14; calendar windows where applicable,temporal_v3
v3__activity__inactivity_alerts__stv28,activity,physiology,activity__inactivity_alerts: within-person stv28; calendar windows where applicable,temporal_v3
v3__activity__inactivity_alerts__rolling_cv28,activity,physiology,activity__inactivity_alerts: within-person rolling_cv28; calendar windows where applicable,temporal_v3
v3__activity__inactivity_alerts__rolling_range28,activity,physiology,activity__inactivity_alerts: within-person rolling_range28; calendar windows where applicable,temporal_v3
v3__activity__low__mean,activity,physiology,activity__low: within-person mean; calendar windows where applicable,temporal_v3
v3__activity__low__std,activity,physiology,activity__low: within-person std; calendar windows where applicable,temporal_v3
v3__activity__low__median,activity,physiology,activity__low: within-person median; calendar windows where applicable,temporal_v3
v3__activity__low__trimmed_mean,activity,physiology,activity__low: within-person trimmed_mean; calendar windows where applicable,temporal_v3
v3__activity__low__mode,activity,physiology,activity__low: within-person mode; calendar windows where applicable,temporal_v3
v3__activity__low__minimum,activity,physiology,activity__low: within-person minimum; calendar windows where applicable,temporal_v3
v3__activity__low__maximum,activity,physiology,activity__low: within-person maximum; calendar windows where applicable,temporal_v3
v3__activity__low__range,activity,physiology,activity__low: within-person range; calendar windows where applicable,temporal_v3
v3__activity__low__mad,activity,physiology,activity__low: within-person mad; calendar windows where applicable,temporal_v3
v3__activity__low__cv,activity,physiology,activity__low: within-person cv; calendar windows where applicable,temporal_v3
v3__activity__low__skew,activity,physiology,activity__low: within-person skew; calendar windows where applicable,temporal_v3
v3__activity__low__kurtosis,activity,physiology,activity__low: within-person kurtosis; calendar windows where applicable,temporal_v3
v3__activity__low__q05,activity,physiology,activity__low: within-person q05; calendar windows where applicable,temporal_v3
v3__activity__low__q95,activity,physiology,activity__low: within-person q95; calendar windows where applicable,temporal_v3
v3__activity__low__rmssd,activity,physiology,activity__low: within-person rmssd; calendar windows where applicable,temporal_v3
v3__activity__low__moving_range,activity,physiology,activity__low: within-person moving_range; calendar windows where applicable,temporal_v3
v3__activity__low__lag1,activity,physiology,activity__low: within-person lag1; calendar windows where applicable,temporal_v3
v3__activity__low__trend,activity,physiology,activity__low: within-person trend; calendar windows where applicable,temporal_v3
v3__activity__low__bin_variance4,activity,physiology,activity__low: within-person bin_variance4; calendar windows where applicable,temporal_v3
v3__activity__low__bin_change4,activity,physiology,activity__low: within-person bin_change4; calendar windows where applicable,temporal_v3
v3__activity__low__stv7,activity,physiology,activity__low: within-person stv7; calendar windows where applicable,temporal_v3
v3__activity__low__rolling_cv7,activity,physiology,activity__low: within-person rolling_cv7; calendar windows where applicable,temporal_v3
v3__activity__low__rolling_range7,activity,physiology,activity__low: within-person rolling_range7; calendar windows where applicable,temporal_v3
v3__activity__low__stv14,activity,physiology,activity__low: within-person stv14; calendar windows where applicable,temporal_v3
v3__activity__low__rolling_cv14,activity,physiology,activity__low: within-person rolling_cv14; calendar windows where applicable,temporal_v3
v3__activity__low__rolling_range14,activity,physiology,activity__low: within-person rolling_range14; calendar windows where applicable,temporal_v3
v3__activity__low__stv28,activity,physiology,activity__low: within-person stv28; calendar windows where applicable,temporal_v3
v3__activity__low__rolling_cv28,activity,physiology,activity__low: within-person rolling_cv28; calendar windows where applicable,temporal_v3
v3__activity__low__rolling_range28,activity,physiology,activity__low: within-person rolling_range28; calendar windows where applicable,temporal_v3
v3__activity__medium__mean,activity,physiology,activity__medium: within-person mean; calendar windows where applicable,temporal_v3
v3__activity__medium__std,activity,physiology,activity__medium: within-person std; calendar windows where applicable,temporal_v3
v3__activity__medium__median,activity,physiology,activity__medium: within-person median; calendar windows where applicable,temporal_v3
v3__activity__medium__trimmed_mean,activity,physiology,activity__medium: within-person trimmed_mean; calendar windows where applicable,temporal_v3
v3__activity__medium__mode,activity,physiology,activity__medium: within-person mode; calendar windows where applicable,temporal_v3
v3__activity__medium__minimum,activity,physiology,activity__medium: within-person minimum; calendar windows where applicable,temporal_v3
v3__activity__medium__maximum,activity,physiology,activity__medium: within-person maximum; calendar windows where applicable,temporal_v3
v3__activity__medium__range,activity,physiology,activity__medium: within-person range; calendar windows where applicable,temporal_v3
v3__activity__medium__mad,activity,physiology,activity__medium: within-person mad; calendar windows where applicable,temporal_v3
v3__activity__medium__cv,activity,physiology,activity__medium: within-person cv; calendar windows where applicable,temporal_v3
v3__activity__medium__skew,activity,physiology,activity__medium: within-person skew; calendar windows where applicable,temporal_v3
v3__activity__medium__kurtosis,activity,physiology,activity__medium: within-person kurtosis; calendar windows where applicable,temporal_v3
v3__activity__medium__q05,activity,physiology,activity__medium: within-person q05; calendar windows where applicable,temporal_v3
v3__activity__medium__q95,activity,physiology,activity__medium: within-person q95; calendar windows where applicable,temporal_v3
v3__activity__medium__rmssd,activity,physiology,activity__medium: within-person rmssd; calendar windows where applicable,temporal_v3
v3__activity__medium__moving_range,activity,physiology,activity__medium: within-person moving_range; calendar windows where applicable,temporal_v3
v3__activity__medium__lag1,activity,physiology,activity__medium: within-person lag1; calendar windows where applicable,temporal_v3
v3__activity__medium__trend,activity,physiology,activity__medium: within-person trend; calendar windows where applicable,temporal_v3
v3__activity__medium__bin_variance4,activity,physiology,activity__medium: within-person bin_variance4; calendar windows where applicable,temporal_v3
v3__activity__medium__bin_change4,activity,physiology,activity__medium: within-person bin_change4; calendar windows where applicable,temporal_v3
v3__activity__medium__stv7,activity,physiology,activity__medium: within-person stv7; calendar windows where applicable,temporal_v3
v3__activity__medium__rolling_cv7,activity,physiology,activity__medium: within-person rolling_cv7; calendar windows where applicable,temporal_v3
v3__activity__medium__rolling_range7,activity,physiology,activity__medium: within-person rolling_range7; calendar windows where applicable,temporal_v3
v3__activity__medium__stv14,activity,physiology,activity__medium: within-person stv14; calendar windows where applicable,temporal_v3
v3__activity__medium__rolling_cv14,activity,physiology,activity__medium: within-person rolling_cv14; calendar windows where applicable,temporal_v3
v3__activity__medium__rolling_range14,activity,physiology,activity__medium: within-person rolling_range14; calendar windows where applicable,temporal_v3
v3__activity__medium__stv28,activity,physiology,activity__medium: within-person stv28; calendar windows where applicable,temporal_v3
v3__activity__medium__rolling_cv28,activity,physiology,activity__medium: within-person rolling_cv28; calendar windows where applicable,temporal_v3
v3__activity__medium__rolling_range28,activity,physiology,activity__medium: within-person rolling_range28; calendar windows where applicable,temporal_v3
v3__activity__met_min_high__mean,activity,physiology,activity__met_min_high: within-person mean; calendar windows where applicable,temporal_v3
v3__activity__met_min_high__std,activity,physiology,activity__met_min_high: within-person std; calendar windows where applicable,temporal_v3
v3__activity__met_min_high__median,activity,physiology,activity__met_min_high: within-person median; calendar windows where applicable,temporal_v3
v3__activity__met_min_high__trimmed_mean,activity,physiology,activity__met_min_high: within-person trimmed_mean; calendar windows where applicable,temporal_v3
v3__activity__met_min_high__mode,activity,physiology,activity__met_min_high: within-person mode; calendar windows where applicable,temporal_v3
v3__activity__met_min_high__minimum,activity,physiology,activity__met_min_high: within-person minimum; calendar windows where applicable,temporal_v3
v3__activity__met_min_high__maximum,activity,physiology,activity__met_min_high: within-person maximum; calendar windows where applicable,temporal_v3
v3__activity__met_min_high__range,activity,physiology,activity__met_min_high: within-person range; calendar windows where applicable,temporal_v3
v3__activity__met_min_high__mad,activity,physiology,activity__met_min_high: within-person mad; calendar windows where applicable,temporal_v3
v3__activity__met_min_high__cv,activity,physiology,activity__met_min_high: within-person cv; calendar windows where applicable,temporal_v3
v3__activity__met_min_high__skew,activity,physiology,activity__met_min_high: within-person skew; calendar windows where applicable,temporal_v3
v3__activity__met_min_high__kurtosis,activity,physiology,activity__met_min_high: within-person kurtosis; calendar windows where applicable,temporal_v3
v3__activity__met_min_high__q05,activity,physiology,activity__met_min_high: within-person q05; calendar windows where applicable,temporal_v3
v3__activity__met_min_high__q95,activity,physiology,activity__met_min_high: within-person q95; calendar windows where applicable,temporal_v3
v3__activity__met_min_high__rmssd,activity,physiology,activity__met_min_high: within-person rmssd; calendar windows where applicable,temporal_v3
v3__activity__met_min_high__moving_range,activity,physiology,activity__met_min_high: within-person moving_range; calendar windows where applicable,temporal_v3
v3__activity__met_min_high__lag1,activity,physiology,activity__met_min_high: within-person lag1; calendar windows where applicable,temporal_v3
v3__activity__met_min_high__trend,activity,physiology,activity__met_min_high: within-person trend; calendar windows where applicable,temporal_v3
v3__activity__met_min_high__bin_variance4,activity,physiology,activity__met_min_high: within-person bin_variance4; calendar windows where applicable,temporal_v3
v3__activity__met_min_high__bin_change4,activity,physiology,activity__met_min_high: within-person bin_change4; calendar windows where applicable,temporal_v3
v3__activity__met_min_high__stv7,activity,physiology,activity__met_min_high: within-person stv7; calendar windows where applicable,temporal_v3
v3__activity__met_min_high__rolling_cv7,activity,physiology,activity__met_min_high: within-person rolling_cv7; calendar windows where applicable,temporal_v3
v3__activity__met_min_high__rolling_range7,activity,physiology,activity__met_min_high: within-person rolling_range7; calendar windows where applicable,temporal_v3
v3__activity__met_min_high__stv14,activity,physiology,activity__met_min_high: within-person stv14; calendar windows where applicable,temporal_v3
v3__activity__met_min_high__rolling_cv14,activity,physiology,activity__met_min_high: within-person rolling_cv14; calendar windows where applicable,temporal_v3
v3__activity__met_min_high__rolling_range14,activity,physiology,activity__met_min_high: within-person rolling_range14; calendar windows where applicable,temporal_v3
v3__activity__met_min_high__stv28,activity,physiology,activity__met_min_high: within-person stv28; calendar windows where applicable,temporal_v3
v3__activity__met_min_high__rolling_cv28,activity,physiology,activity__met_min_high: within-person rolling_cv28; calendar windows where applicable,temporal_v3
v3__activity__met_min_high__rolling_range28,activity,physiology,activity__met_min_high: within-person rolling_range28; calendar windows where applicable,temporal_v3
v3__activity__met_min_inactive__mean,activity,physiology,activity__met_min_inactive: within-person mean; calendar windows where applicable,temporal_v3
v3__activity__met_min_inactive__std,activity,physiology,activity__met_min_inactive: within-person std; calendar windows where applicable,temporal_v3
v3__activity__met_min_inactive__median,activity,physiology,activity__met_min_inactive: within-person median; calendar windows where applicable,temporal_v3
v3__activity__met_min_inactive__trimmed_mean,activity,physiology,activity__met_min_inactive: within-person trimmed_mean; calendar windows where applicable,temporal_v3
v3__activity__met_min_inactive__mode,activity,physiology,activity__met_min_inactive: within-person mode; calendar windows where applicable,temporal_v3
v3__activity__met_min_inactive__minimum,activity,physiology,activity__met_min_inactive: within-person minimum; calendar windows where applicable,temporal_v3
v3__activity__met_min_inactive__maximum,activity,physiology,activity__met_min_inactive: within-person maximum; calendar windows where applicable,temporal_v3
v3__activity__met_min_inactive__range,activity,physiology,activity__met_min_inactive: within-person range; calendar windows where applicable,temporal_v3
v3__activity__met_min_inactive__mad,activity,physiology,activity__met_min_inactive: within-person mad; calendar windows where applicable,temporal_v3
v3__activity__met_min_inactive__cv,activity,physiology,activity__met_min_inactive: within-person cv; calendar windows where applicable,temporal_v3
v3__activity__met_min_inactive__skew,activity,physiology,activity__met_min_inactive: within-person skew; calendar windows where applicable,temporal_v3
v3__activity__met_min_inactive__kurtosis,activity,physiology,activity__met_min_inactive: within-person kurtosis; calendar windows where applicable,temporal_v3
v3__activity__met_min_inactive__q05,activity,physiology,activity__met_min_inactive: within-person q05; calendar windows where applicable,temporal_v3
v3__activity__met_min_inactive__q95,activity,physiology,activity__met_min_inactive: within-person q95; calendar windows where applicable,temporal_v3
v3__activity__met_min_inactive__rmssd,activity,physiology,activity__met_min_inactive: within-person rmssd; calendar windows where applicable,temporal_v3
v3__activity__met_min_inactive__moving_range,activity,physiology,activity__met_min_inactive: within-person moving_range; calendar windows where applicable,temporal_v3
v3__activity__met_min_inactive__lag1,activity,physiology,activity__met_min_inactive: within-person lag1; calendar windows where applicable,temporal_v3
v3__activity__met_min_inactive__trend,activity,physiology,activity__met_min_inactive: within-person trend; calendar windows where applicable,temporal_v3
v3__activity__met_min_inactive__bin_variance4,activity,physiology,activity__met_min_inactive: within-person bin_variance4; calendar windows where applicable,temporal_v3
v3__activity__met_min_inactive__bin_change4,activity,physiology,activity__met_min_inactive: within-person bin_change4; calendar windows where applicable,temporal_v3
v3__activity__met_min_inactive__stv7,activity,physiology,activity__met_min_inactive: within-person stv7; calendar windows where applicable,temporal_v3
v3__activity__met_min_inactive__rolling_cv7,activity,physiology,activity__met_min_inactive: within-person rolling_cv7; calendar windows where applicable,temporal_v3
v3__activity__met_min_inactive__rolling_range7,activity,physiology,activity__met_min_inactive: within-person rolling_range7; calendar windows where applicable,temporal_v3
v3__activity__met_min_inactive__stv14,activity,physiology,activity__met_min_inactive: within-person stv14; calendar windows where applicable,temporal_v3
v3__activity__met_min_inactive__rolling_cv14,activity,physiology,activity__met_min_inactive: within-person rolling_cv14; calendar windows where applicable,temporal_v3
v3__activity__met_min_inactive__rolling_range14,activity,physiology,activity__met_min_inactive: within-person rolling_range14; calendar windows where applicable,temporal_v3
v3__activity__met_min_inactive__stv28,activity,physiology,activity__met_min_inactive: within-person stv28; calendar windows where applicable,temporal_v3
v3__activity__met_min_inactive__rolling_cv28,activity,physiology,activity__met_min_inactive: within-person rolling_cv28; calendar windows where applicable,temporal_v3
v3__activity__met_min_inactive__rolling_range28,activity,physiology,activity__met_min_inactive: within-person rolling_range28; calendar windows where applicable,temporal_v3
v3__activity__met_min_low__mean,activity,physiology,activity__met_min_low: within-person mean; calendar windows where applicable,temporal_v3
v3__activity__met_min_low__std,activity,physiology,activity__met_min_low: within-person std; calendar windows where applicable,temporal_v3
v3__activity__met_min_low__median,activity,physiology,activity__met_min_low: within-person median; calendar windows where applicable,temporal_v3
v3__activity__met_min_low__trimmed_mean,activity,physiology,activity__met_min_low: within-person trimmed_mean; calendar windows where applicable,temporal_v3
v3__activity__met_min_low__mode,activity,physiology,activity__met_min_low: within-person mode; calendar windows where applicable,temporal_v3
v3__activity__met_min_low__minimum,activity,physiology,activity__met_min_low: within-person minimum; calendar windows where applicable,temporal_v3
v3__activity__met_min_low__maximum,activity,physiology,activity__met_min_low: within-person maximum; calendar windows where applicable,temporal_v3
v3__activity__met_min_low__range,activity,physiology,activity__met_min_low: within-person range; calendar windows where applicable,temporal_v3
v3__activity__met_min_low__mad,activity,physiology,activity__met_min_low: within-person mad; calendar windows where applicable,temporal_v3
v3__activity__met_min_low__cv,activity,physiology,activity__met_min_low: within-person cv; calendar windows where applicable,temporal_v3
v3__activity__met_min_low__skew,activity,physiology,activity__met_min_low: within-person skew; calendar windows where applicable,temporal_v3
v3__activity__met_min_low__kurtosis,activity,physiology,activity__met_min_low: within-person kurtosis; calendar windows where applicable,temporal_v3
v3__activity__met_min_low__q05,activity,physiology,activity__met_min_low: within-person q05; calendar windows where applicable,temporal_v3
v3__activity__met_min_low__q95,activity,physiology,activity__met_min_low: within-person q95; calendar windows where applicable,temporal_v3
v3__activity__met_min_low__rmssd,activity,physiology,activity__met_min_low: within-person rmssd; calendar windows where applicable,temporal_v3
v3__activity__met_min_low__moving_range,activity,physiology,activity__met_min_low: within-person moving_range; calendar windows where applicable,temporal_v3
v3__activity__met_min_low__lag1,activity,physiology,activity__met_min_low: within-person lag1; calendar windows where applicable,temporal_v3
v3__activity__met_min_low__trend,activity,physiology,activity__met_min_low: within-person trend; calendar windows where applicable,temporal_v3
v3__activity__met_min_low__bin_variance4,activity,physiology,activity__met_min_low: within-person bin_variance4; calendar windows where applicable,temporal_v3
v3__activity__met_min_low__bin_change4,activity,physiology,activity__met_min_low: within-person bin_change4; calendar windows where applicable,temporal_v3
v3__activity__met_min_low__stv7,activity,physiology,activity__met_min_low: within-person stv7; calendar windows where applicable,temporal_v3
v3__activity__met_min_low__rolling_cv7,activity,physiology,activity__met_min_low: within-person rolling_cv7; calendar windows where applicable,temporal_v3
v3__activity__met_min_low__rolling_range7,activity,physiology,activity__met_min_low: within-person rolling_range7; calendar windows where applicable,temporal_v3
v3__activity__met_min_low__stv14,activity,physiology,activity__met_min_low: within-person stv14; calendar windows where applicable,temporal_v3
v3__activity__met_min_low__rolling_cv14,activity,physiology,activity__met_min_low: within-person rolling_cv14; calendar windows where applicable,temporal_v3
v3__activity__met_min_low__rolling_range14,activity,physiology,activity__met_min_low: within-person rolling_range14; calendar windows where applicable,temporal_v3
v3__activity__met_min_low__stv28,activity,physiology,activity__met_min_low: within-person stv28; calendar windows where applicable,temporal_v3
v3__activity__met_min_low__rolling_cv28,activity,physiology,activity__met_min_low: within-person rolling_cv28; calendar windows where applicable,temporal_v3
v3__activity__met_min_low__rolling_range28,activity,physiology,activity__met_min_low: within-person rolling_range28; calendar windows where applicable,temporal_v3
v3__activity__met_min_medium__mean,activity,physiology,activity__met_min_medium: within-person mean; calendar windows where applicable,temporal_v3
v3__activity__met_min_medium__std,activity,physiology,activity__met_min_medium: within-person std; calendar windows where applicable,temporal_v3
v3__activity__met_min_medium__median,activity,physiology,activity__met_min_medium: within-person median; calendar windows where applicable,temporal_v3
v3__activity__met_min_medium__trimmed_mean,activity,physiology,activity__met_min_medium: within-person trimmed_mean; calendar windows where applicable,temporal_v3
v3__activity__met_min_medium__mode,activity,physiology,activity__met_min_medium: within-person mode; calendar windows where applicable,temporal_v3
v3__activity__met_min_medium__minimum,activity,physiology,activity__met_min_medium: within-person minimum; calendar windows where applicable,temporal_v3
v3__activity__met_min_medium__maximum,activity,physiology,activity__met_min_medium: within-person maximum; calendar windows where applicable,temporal_v3
v3__activity__met_min_medium__range,activity,physiology,activity__met_min_medium: within-person range; calendar windows where applicable,temporal_v3
v3__activity__met_min_medium__mad,activity,physiology,activity__met_min_medium: within-person mad; calendar windows where applicable,temporal_v3
v3__activity__met_min_medium__cv,activity,physiology,activity__met_min_medium: within-person cv; calendar windows where applicable,temporal_v3
v3__activity__met_min_medium__skew,activity,physiology,activity__met_min_medium: within-person skew; calendar windows where applicable,temporal_v3
v3__activity__met_min_medium__kurtosis,activity,physiology,activity__met_min_medium: within-person kurtosis; calendar windows where applicable,temporal_v3
v3__activity__met_min_medium__q05,activity,physiology,activity__met_min_medium: within-person q05; calendar windows where applicable,temporal_v3
v3__activity__met_min_medium__q95,activity,physiology,activity__met_min_medium: within-person q95; calendar windows where applicable,temporal_v3
v3__activity__met_min_medium__rmssd,activity,physiology,activity__met_min_medium: within-person rmssd; calendar windows where applicable,temporal_v3
v3__activity__met_min_medium__moving_range,activity,physiology,activity__met_min_medium: within-person moving_range; calendar windows where applicable,temporal_v3
v3__activity__met_min_medium__lag1,activity,physiology,activity__met_min_medium: within-person lag1; calendar windows where applicable,temporal_v3
v3__activity__met_min_medium__trend,activity,physiology,activity__met_min_medium: within-person trend; calendar windows where applicable,temporal_v3
v3__activity__met_min_medium__bin_variance4,activity,physiology,activity__met_min_medium: within-person bin_variance4; calendar windows where applicable,temporal_v3
v3__activity__met_min_medium__bin_change4,activity,physiology,activity__met_min_medium: within-person bin_change4; calendar windows where applicable,temporal_v3
v3__activity__met_min_medium__stv7,activity,physiology,activity__met_min_medium: within-person stv7; calendar windows where applicable,temporal_v3
v3__activity__met_min_medium__rolling_cv7,activity,physiology,activity__met_min_medium: within-person rolling_cv7; calendar windows where applicable,temporal_v3
v3__activity__met_min_medium__rolling_range7,activity,physiology,activity__met_min_medium: within-person rolling_range7; calendar windows where applicable,temporal_v3
v3__activity__met_min_medium__stv14,activity,physiology,activity__met_min_medium: within-person stv14; calendar windows where applicable,temporal_v3
v3__activity__met_min_medium__rolling_cv14,activity,physiology,activity__met_min_medium: within-person rolling_cv14; calendar windows where applicable,temporal_v3
v3__activity__met_min_medium__rolling_range14,activity,physiology,activity__met_min_medium: within-person rolling_range14; calendar windows where applicable,temporal_v3
v3__activity__met_min_medium__stv28,activity,physiology,activity__met_min_medium: within-person stv28; calendar windows where applicable,temporal_v3
v3__activity__met_min_medium__rolling_cv28,activity,physiology,activity__met_min_medium: within-person rolling_cv28; calendar windows where applicable,temporal_v3
v3__activity__met_min_medium__rolling_range28,activity,physiology,activity__met_min_medium: within-person rolling_range28; calendar windows where applicable,temporal_v3
v3__activity__rest__mean,activity,physiology,activity__rest: within-person mean; calendar windows where applicable,temporal_v3
v3__activity__rest__std,activity,physiology,activity__rest: within-person std; calendar windows where applicable,temporal_v3
v3__activity__rest__median,activity,physiology,activity__rest: within-person median; calendar windows where applicable,temporal_v3
v3__activity__rest__trimmed_mean,activity,physiology,activity__rest: within-person trimmed_mean; calendar windows where applicable,temporal_v3
v3__activity__rest__mode,activity,physiology,activity__rest: within-person mode; calendar windows where applicable,temporal_v3
v3__activity__rest__minimum,activity,physiology,activity__rest: within-person minimum; calendar windows where applicable,temporal_v3
v3__activity__rest__maximum,activity,physiology,activity__rest: within-person maximum; calendar windows where applicable,temporal_v3
v3__activity__rest__range,activity,physiology,activity__rest: within-person range; calendar windows where applicable,temporal_v3
v3__activity__rest__mad,activity,physiology,activity__rest: within-person mad; calendar windows where applicable,temporal_v3
v3__activity__rest__cv,activity,physiology,activity__rest: within-person cv; calendar windows where applicable,temporal_v3
v3__activity__rest__skew,activity,physiology,activity__rest: within-person skew; calendar windows where applicable,temporal_v3
v3__activity__rest__kurtosis,activity,physiology,activity__rest: within-person kurtosis; calendar windows where applicable,temporal_v3
v3__activity__rest__q05,activity,physiology,activity__rest: within-person q05; calendar windows where applicable,temporal_v3
v3__activity__rest__q95,activity,physiology,activity__rest: within-person q95; calendar windows where applicable,temporal_v3
v3__activity__rest__rmssd,activity,physiology,activity__rest: within-person rmssd; calendar windows where applicable,temporal_v3
v3__activity__rest__moving_range,activity,physiology,activity__rest: within-person moving_range; calendar windows where applicable,temporal_v3
v3__activity__rest__lag1,activity,physiology,activity__rest: within-person lag1; calendar windows where applicable,temporal_v3
v3__activity__rest__trend,activity,physiology,activity__rest: within-person trend; calendar windows where applicable,temporal_v3
v3__activity__rest__bin_variance4,activity,physiology,activity__rest: within-person bin_variance4; calendar windows where applicable,temporal_v3
v3__activity__rest__bin_change4,activity,physiology,activity__rest: within-person bin_change4; calendar windows where applicable,temporal_v3
v3__activity__rest__stv7,activity,physiology,activity__rest: within-person stv7; calendar windows where applicable,temporal_v3
v3__activity__rest__rolling_cv7,activity,physiology,activity__rest: within-person rolling_cv7; calendar windows where applicable,temporal_v3
v3__activity__rest__rolling_range7,activity,physiology,activity__rest: within-person rolling_range7; calendar windows where applicable,temporal_v3
v3__activity__rest__stv14,activity,physiology,activity__rest: within-person stv14; calendar windows where applicable,temporal_v3
v3__activity__rest__rolling_cv14,activity,physiology,activity__rest: within-person rolling_cv14; calendar windows where applicable,temporal_v3
v3__activity__rest__rolling_range14,activity,physiology,activity__rest: within-person rolling_range14; calendar windows where applicable,temporal_v3
v3__activity__rest__stv28,activity,physiology,activity__rest: within-person stv28; calendar windows where applicable,temporal_v3
v3__activity__rest__rolling_cv28,activity,physiology,activity__rest: within-person rolling_cv28; calendar windows where applicable,temporal_v3
v3__activity__rest__rolling_range28,activity,physiology,activity__rest: within-person rolling_range28; calendar windows where applicable,temporal_v3
v3__activity__score__mean,activity,vendor,activity__score: within-person mean; calendar windows where applicable,temporal_v3
v3__activity__score__std,activity,vendor,activity__score: within-person std; calendar windows where applicable,temporal_v3
v3__activity__score__median,activity,vendor,activity__score: within-person median; calendar windows where applicable,temporal_v3
v3__activity__score__trimmed_mean,activity,vendor,activity__score: within-person trimmed_mean; calendar windows where applicable,temporal_v3
v3__activity__score__mode,activity,vendor,activity__score: within-person mode; calendar windows where applicable,temporal_v3
v3__activity__score__minimum,activity,vendor,activity__score: within-person minimum; calendar windows where applicable,temporal_v3
v3__activity__score__maximum,activity,vendor,activity__score: within-person maximum; calendar windows where applicable,temporal_v3
v3__activity__score__range,activity,vendor,activity__score: within-person range; calendar windows where applicable,temporal_v3
v3__activity__score__mad,activity,vendor,activity__score: within-person mad; calendar windows where applicable,temporal_v3
v3__activity__score__cv,activity,vendor,activity__score: within-person cv; calendar windows where applicable,temporal_v3
v3__activity__score__skew,activity,vendor,activity__score: within-person skew; calendar windows where applicable,temporal_v3
v3__activity__score__kurtosis,activity,vendor,activity__score: within-person kurtosis; calendar windows where applicable,temporal_v3
v3__activity__score__q05,activity,vendor,activity__score: within-person q05; calendar windows where applicable,temporal_v3
v3__activity__score__q95,activity,vendor,activity__score: within-person q95; calendar windows where applicable,temporal_v3
v3__activity__score__rmssd,activity,vendor,activity__score: within-person rmssd; calendar windows where applicable,temporal_v3
v3__activity__score__moving_range,activity,vendor,activity__score: within-person moving_range; calendar windows where applicable,temporal_v3
v3__activity__score__lag1,activity,vendor,activity__score: within-person lag1; calendar windows where applicable,temporal_v3
v3__activity__score__trend,activity,vendor,activity__score: within-person trend; calendar windows where applicable,temporal_v3
v3__activity__score__bin_variance4,activity,vendor,activity__score: within-person bin_variance4; calendar windows where applicable,temporal_v3
v3__activity__score__bin_change4,activity,vendor,activity__score: within-person bin_change4; calendar windows where applicable,temporal_v3
v3__activity__score__stv7,activity,vendor,activity__score: within-person stv7; calendar windows where applicable,temporal_v3
v3__activity__score__rolling_cv7,activity,vendor,activity__score: within-person rolling_cv7; calendar windows where applicable,temporal_v3
v3__activity__score__rolling_range7,activity,vendor,activity__score: within-person rolling_range7; calendar windows where applicable,temporal_v3
v3__activity__score__stv14,activity,vendor,activity__score: within-person stv14; calendar windows where applicable,temporal_v3
v3__activity__score__rolling_cv14,activity,vendor,activity__score: within-person rolling_cv14; calendar windows where applicable,temporal_v3
v3__activity__score__rolling_range14,activity,vendor,activity__score: within-person rolling_range14; calendar windows where applicable,temporal_v3
v3__activity__score__stv28,activity,vendor,activity__score: within-person stv28; calendar windows where applicable,temporal_v3
v3__activity__score__rolling_cv28,activity,vendor,activity__score: within-person rolling_cv28; calendar windows where applicable,temporal_v3
v3__activity__score__rolling_range28,activity,vendor,activity__score: within-person rolling_range28; calendar windows where applicable,temporal_v3
v3__activity__score_meet_daily_targets__mean,activity,vendor,activity__score_meet_daily_targets: within-person mean; calendar windows where applicable,temporal_v3
v3__activity__score_meet_daily_targets__std,activity,vendor,activity__score_meet_daily_targets: within-person std; calendar windows where applicable,temporal_v3
v3__activity__score_meet_daily_targets__median,activity,vendor,activity__score_meet_daily_targets: within-person median; calendar windows where applicable,temporal_v3
v3__activity__score_meet_daily_targets__trimmed_mean,activity,vendor,activity__score_meet_daily_targets: within-person trimmed_mean; calendar windows where applicable,temporal_v3
v3__activity__score_meet_daily_targets__mode,activity,vendor,activity__score_meet_daily_targets: within-person mode; calendar windows where applicable,temporal_v3
v3__activity__score_meet_daily_targets__minimum,activity,vendor,activity__score_meet_daily_targets: within-person minimum; calendar windows where applicable,temporal_v3
v3__activity__score_meet_daily_targets__maximum,activity,vendor,activity__score_meet_daily_targets: within-person maximum; calendar windows where applicable,temporal_v3
v3__activity__score_meet_daily_targets__range,activity,vendor,activity__score_meet_daily_targets: within-person range; calendar windows where applicable,temporal_v3
v3__activity__score_meet_daily_targets__mad,activity,vendor,activity__score_meet_daily_targets: within-person mad; calendar windows where applicable,temporal_v3
v3__activity__score_meet_daily_targets__cv,activity,vendor,activity__score_meet_daily_targets: within-person cv; calendar windows where applicable,temporal_v3
v3__activity__score_meet_daily_targets__skew,activity,vendor,activity__score_meet_daily_targets: within-person skew; calendar windows where applicable,temporal_v3
v3__activity__score_meet_daily_targets__kurtosis,activity,vendor,activity__score_meet_daily_targets: within-person kurtosis; calendar windows where applicable,temporal_v3
v3__activity__score_meet_daily_targets__q05,activity,vendor,activity__score_meet_daily_targets: within-person q05; calendar windows where applicable,temporal_v3
v3__activity__score_meet_daily_targets__q95,activity,vendor,activity__score_meet_daily_targets: within-person q95; calendar windows where applicable,temporal_v3
v3__activity__score_meet_daily_targets__rmssd,activity,vendor,activity__score_meet_daily_targets: within-person rmssd; calendar windows where applicable,temporal_v3
v3__activity__score_meet_daily_targets__moving_range,activity,vendor,activity__score_meet_daily_targets: within-person moving_range; calendar windows where applicable,temporal_v3
v3__activity__score_meet_daily_targets__lag1,activity,vendor,activity__score_meet_daily_targets: within-person lag1; calendar windows where applicable,temporal_v3
v3__activity__score_meet_daily_targets__trend,activity,vendor,activity__score_meet_daily_targets: within-person trend; calendar windows where applicable,temporal_v3
v3__activity__score_meet_daily_targets__bin_variance4,activity,vendor,activity__score_meet_daily_targets: within-person bin_variance4; calendar windows where applicable,temporal_v3
v3__activity__score_meet_daily_targets__bin_change4,activity,vendor,activity__score_meet_daily_targets: within-person bin_change4; calendar windows where applicable,temporal_v3
v3__activity__score_meet_daily_targets__stv7,activity,vendor,activity__score_meet_daily_targets: within-person stv7; calendar windows where applicable,temporal_v3
v3__activity__score_meet_daily_targets__rolling_cv7,activity,vendor,activity__score_meet_daily_targets: within-person rolling_cv7; calendar windows where applicable,temporal_v3
v3__activity__score_meet_daily_targets__rolling_range7,activity,vendor,activity__score_meet_daily_targets: within-person rolling_range7; calendar windows where applicable,temporal_v3
v3__activity__score_meet_daily_targets__stv14,activity,vendor,activity__score_meet_daily_targets: within-person stv14; calendar windows where applicable,temporal_v3
v3__activity__score_meet_daily_targets__rolling_cv14,activity,vendor,activity__score_meet_daily_targets: within-person rolling_cv14; calendar windows where applicable,temporal_v3
v3__activity__score_meet_daily_targets__rolling_range14,activity,vendor,activity__score_meet_daily_targets: within-person rolling_range14; calendar windows where applicable,temporal_v3
v3__activity__score_meet_daily_targets__stv28,activity,vendor,activity__score_meet_daily_targets: within-person stv28; calendar windows where applicable,temporal_v3
v3__activity__score_meet_daily_targets__rolling_cv28,activity,vendor,activity__score_meet_daily_targets: within-person rolling_cv28; calendar windows where applicable,temporal_v3
v3__activity__score_meet_daily_targets__rolling_range28,activity,vendor,activity__score_meet_daily_targets: within-person rolling_range28; calendar windows where applicable,temporal_v3
v3__activity__score_move_every_hour__mean,activity,vendor,activity__score_move_every_hour: within-person mean; calendar windows where applicable,temporal_v3
v3__activity__score_move_every_hour__std,activity,vendor,activity__score_move_every_hour: within-person std; calendar windows where applicable,temporal_v3
v3__activity__score_move_every_hour__median,activity,vendor,activity__score_move_every_hour: within-person median; calendar windows where applicable,temporal_v3
v3__activity__score_move_every_hour__trimmed_mean,activity,vendor,activity__score_move_every_hour: within-person trimmed_mean; calendar windows where applicable,temporal_v3
v3__activity__score_move_every_hour__mode,activity,vendor,activity__score_move_every_hour: within-person mode; calendar windows where applicable,temporal_v3
v3__activity__score_move_every_hour__minimum,activity,vendor,activity__score_move_every_hour: within-person minimum; calendar windows where applicable,temporal_v3
v3__activity__score_move_every_hour__maximum,activity,vendor,activity__score_move_every_hour: within-person maximum; calendar windows where applicable,temporal_v3
v3__activity__score_move_every_hour__range,activity,vendor,activity__score_move_every_hour: within-person range; calendar windows where applicable,temporal_v3
v3__activity__score_move_every_hour__mad,activity,vendor,activity__score_move_every_hour: within-person mad; calendar windows where applicable,temporal_v3
v3__activity__score_move_every_hour__cv,activity,vendor,activity__score_move_every_hour: within-person cv; calendar windows where applicable,temporal_v3
v3__activity__score_move_every_hour__skew,activity,vendor,activity__score_move_every_hour: within-person skew; calendar windows where applicable,temporal_v3
v3__activity__score_move_every_hour__kurtosis,activity,vendor,activity__score_move_every_hour: within-person kurtosis; calendar windows where applicable,temporal_v3
v3__activity__score_move_every_hour__q05,activity,vendor,activity__score_move_every_hour: within-person q05; calendar windows where applicable,temporal_v3
v3__activity__score_move_every_hour__q95,activity,vendor,activity__score_move_every_hour: within-person q95; calendar windows where applicable,temporal_v3
v3__activity__score_move_every_hour__rmssd,activity,vendor,activity__score_move_every_hour: within-person rmssd; calendar windows where applicable,temporal_v3
v3__activity__score_move_every_hour__moving_range,activity,vendor,activity__score_move_every_hour: within-person moving_range; calendar windows where applicable,temporal_v3
v3__activity__score_move_every_hour__lag1,activity,vendor,activity__score_move_every_hour: within-person lag1; calendar windows where applicable,temporal_v3
v3__activity__score_move_every_hour__trend,activity,vendor,activity__score_move_every_hour: within-person trend; calendar windows where applicable,temporal_v3
v3__activity__score_move_every_hour__bin_variance4,activity,vendor,activity__score_move_every_hour: within-person bin_variance4; calendar windows where applicable,temporal_v3
v3__activity__score_move_every_hour__bin_change4,activity,vendor,activity__score_move_every_hour: within-person bin_change4; calendar windows where applicable,temporal_v3
v3__activity__score_move_every_hour__stv7,activity,vendor,activity__score_move_every_hour: within-person stv7; calendar windows where applicable,temporal_v3
v3__activity__score_move_every_hour__rolling_cv7,activity,vendor,activity__score_move_every_hour: within-person rolling_cv7; calendar windows where applicable,temporal_v3
v3__activity__score_move_every_hour__rolling_range7,activity,vendor,activity__score_move_every_hour: within-person rolling_range7; calendar windows where applicable,temporal_v3
v3__activity__score_move_every_hour__stv14,activity,vendor,activity__score_move_every_hour: within-person stv14; calendar windows where applicable,temporal_v3
v3__activity__score_move_every_hour__rolling_cv14,activity,vendor,activity__score_move_every_hour: within-person rolling_cv14; calendar windows where applicable,temporal_v3
v3__activity__score_move_every_hour__rolling_range14,activity,vendor,activity__score_move_every_hour: within-person rolling_range14; calendar windows where applicable,temporal_v3
v3__activity__score_move_every_hour__stv28,activity,vendor,activity__score_move_every_hour: within-person stv28; calendar windows where applicable,temporal_v3
v3__activity__score_move_every_hour__rolling_cv28,activity,vendor,activity__score_move_every_hour: within-person rolling_cv28; calendar windows where applicable,temporal_v3
v3__activity__score_move_every_hour__rolling_range28,activity,vendor,activity__score_move_every_hour: within-person rolling_range28; calendar windows where applicable,temporal_v3
v3__activity__score_recovery_time__mean,activity,vendor,activity__score_recovery_time: within-person mean; calendar windows where applicable,temporal_v3
v3__activity__score_recovery_time__std,activity,vendor,activity__score_recovery_time: within-person std; calendar windows where applicable,temporal_v3
v3__activity__score_recovery_time__median,activity,vendor,activity__score_recovery_time: within-person median; calendar windows where applicable,temporal_v3
v3__activity__score_recovery_time__trimmed_mean,activity,vendor,activity__score_recovery_time: within-person trimmed_mean; calendar windows where applicable,temporal_v3
v3__activity__score_recovery_time__mode,activity,vendor,activity__score_recovery_time: within-person mode; calendar windows where applicable,temporal_v3
v3__activity__score_recovery_time__minimum,activity,vendor,activity__score_recovery_time: within-person minimum; calendar windows where applicable,temporal_v3
v3__activity__score_recovery_time__maximum,activity,vendor,activity__score_recovery_time: within-person maximum; calendar windows where applicable,temporal_v3
v3__activity__score_recovery_time__range,activity,vendor,activity__score_recovery_time: within-person range; calendar windows where applicable,temporal_v3
v3__activity__score_recovery_time__mad,activity,vendor,activity__score_recovery_time: within-person mad; calendar windows where applicable,temporal_v3
v3__activity__score_recovery_time__cv,activity,vendor,activity__score_recovery_time: within-person cv; calendar windows where applicable,temporal_v3
v3__activity__score_recovery_time__skew,activity,vendor,activity__score_recovery_time: within-person skew; calendar windows where applicable,temporal_v3
v3__activity__score_recovery_time__kurtosis,activity,vendor,activity__score_recovery_time: within-person kurtosis; calendar windows where applicable,temporal_v3
v3__activity__score_recovery_time__q05,activity,vendor,activity__score_recovery_time: within-person q05; calendar windows where applicable,temporal_v3
v3__activity__score_recovery_time__q95,activity,vendor,activity__score_recovery_time: within-person q95; calendar windows where applicable,temporal_v3
v3__activity__score_recovery_time__rmssd,activity,vendor,activity__score_recovery_time: within-person rmssd; calendar windows where applicable,temporal_v3
v3__activity__score_recovery_time__moving_range,activity,vendor,activity__score_recovery_time: within-person moving_range; calendar windows where applicable,temporal_v3
v3__activity__score_recovery_time__lag1,activity,vendor,activity__score_recovery_time: within-person lag1; calendar windows where applicable,temporal_v3
v3__activity__score_recovery_time__trend,activity,vendor,activity__score_recovery_time: within-person trend; calendar windows where applicable,temporal_v3
v3__activity__score_recovery_time__bin_variance4,activity,vendor,activity__score_recovery_time: within-person bin_variance4; calendar windows where applicable,temporal_v3
v3__activity__score_recovery_time__bin_change4,activity,vendor,activity__score_recovery_time: within-person bin_change4; calendar windows where applicable,temporal_v3
v3__activity__score_recovery_time__stv7,activity,vendor,activity__score_recovery_time: within-person stv7; calendar windows where applicable,temporal_v3
v3__activity__score_recovery_time__rolling_cv7,activity,vendor,activity__score_recovery_time: within-person rolling_cv7; calendar windows where applicable,temporal_v3
v3__activity__score_recovery_time__rolling_range7,activity,vendor,activity__score_recovery_time: within-person rolling_range7; calendar windows where applicable,temporal_v3
v3__activity__score_recovery_time__stv14,activity,vendor,activity__score_recovery_time: within-person stv14; calendar windows where applicable,temporal_v3
v3__activity__score_recovery_time__rolling_cv14,activity,vendor,activity__score_recovery_time: within-person rolling_cv14; calendar windows where applicable,temporal_v3
v3__activity__score_recovery_time__rolling_range14,activity,vendor,activity__score_recovery_time: within-person rolling_range14; calendar windows where applicable,temporal_v3
v3__activity__score_recovery_time__stv28,activity,vendor,activity__score_recovery_time: within-person stv28; calendar windows where applicable,temporal_v3
v3__activity__score_recovery_time__rolling_cv28,activity,vendor,activity__score_recovery_time: within-person rolling_cv28; calendar windows where applicable,temporal_v3
v3__activity__score_recovery_time__rolling_range28,activity,vendor,activity__score_recovery_time: within-person rolling_range28; calendar windows where applicable,temporal_v3
v3__activity__score_stay_active__mean,activity,vendor,activity__score_stay_active: within-person mean; calendar windows where applicable,temporal_v3
v3__activity__score_stay_active__std,activity,vendor,activity__score_stay_active: within-person std; calendar windows where applicable,temporal_v3
v3__activity__score_stay_active__median,activity,vendor,activity__score_stay_active: within-person median; calendar windows where applicable,temporal_v3
v3__activity__score_stay_active__trimmed_mean,activity,vendor,activity__score_stay_active: within-person trimmed_mean; calendar windows where applicable,temporal_v3
v3__activity__score_stay_active__mode,activity,vendor,activity__score_stay_active: within-person mode; calendar windows where applicable,temporal_v3
v3__activity__score_stay_active__minimum,activity,vendor,activity__score_stay_active: within-person minimum; calendar windows where applicable,temporal_v3
v3__activity__score_stay_active__maximum,activity,vendor,activity__score_stay_active: within-person maximum; calendar windows where applicable,temporal_v3
v3__activity__score_stay_active__range,activity,vendor,activity__score_stay_active: within-person range; calendar windows where applicable,temporal_v3
v3__activity__score_stay_active__mad,activity,vendor,activity__score_stay_active: within-person mad; calendar windows where applicable,temporal_v3
v3__activity__score_stay_active__cv,activity,vendor,activity__score_stay_active: within-person cv; calendar windows where applicable,temporal_v3
v3__activity__score_stay_active__skew,activity,vendor,activity__score_stay_active: within-person skew; calendar windows where applicable,temporal_v3
v3__activity__score_stay_active__kurtosis,activity,vendor,activity__score_stay_active: within-person kurtosis; calendar windows where applicable,temporal_v3
v3__activity__score_stay_active__q05,activity,vendor,activity__score_stay_active: within-person q05; calendar windows where applicable,temporal_v3
v3__activity__score_stay_active__q95,activity,vendor,activity__score_stay_active: within-person q95; calendar windows where applicable,temporal_v3
v3__activity__score_stay_active__rmssd,activity,vendor,activity__score_stay_active: within-person rmssd; calendar windows where applicable,temporal_v3
v3__activity__score_stay_active__moving_range,activity,vendor,activity__score_stay_active: within-person moving_range; calendar windows where applicable,temporal_v3
v3__activity__score_stay_active__lag1,activity,vendor,activity__score_stay_active: within-person lag1; calendar windows where applicable,temporal_v3
v3__activity__score_stay_active__trend,activity,vendor,activity__score_stay_active: within-person trend; calendar windows where applicable,temporal_v3
v3__activity__score_stay_active__bin_variance4,activity,vendor,activity__score_stay_active: within-person bin_variance4; calendar windows where applicable,temporal_v3
v3__activity__score_stay_active__bin_change4,activity,vendor,activity__score_stay_active: within-person bin_change4; calendar windows where applicable,temporal_v3
v3__activity__score_stay_active__stv7,activity,vendor,activity__score_stay_active: within-person stv7; calendar windows where applicable,temporal_v3
v3__activity__score_stay_active__rolling_cv7,activity,vendor,activity__score_stay_active: within-person rolling_cv7; calendar windows where applicable,temporal_v3
v3__activity__score_stay_active__rolling_range7,activity,vendor,activity__score_stay_active: within-person rolling_range7; calendar windows where applicable,temporal_v3
v3__activity__score_stay_active__stv14,activity,vendor,activity__score_stay_active: within-person stv14; calendar windows where applicable,temporal_v3
v3__activity__score_stay_active__rolling_cv14,activity,vendor,activity__score_stay_active: within-person rolling_cv14; calendar windows where applicable,temporal_v3
v3__activity__score_stay_active__rolling_range14,activity,vendor,activity__score_stay_active: within-person rolling_range14; calendar windows where applicable,temporal_v3
v3__activity__score_stay_active__stv28,activity,vendor,activity__score_stay_active: within-person stv28; calendar windows where applicable,temporal_v3
v3__activity__score_stay_active__rolling_cv28,activity,vendor,activity__score_stay_active: within-person rolling_cv28; calendar windows where applicable,temporal_v3
v3__activity__score_stay_active__rolling_range28,activity,vendor,activity__score_stay_active: within-person rolling_range28; calendar windows where applicable,temporal_v3
v3__activity__score_training_frequency__mean,activity,vendor,activity__score_training_frequency: within-person mean; calendar windows where applicable,temporal_v3
v3__activity__score_training_frequency__std,activity,vendor,activity__score_training_frequency: within-person std; calendar windows where applicable,temporal_v3
v3__activity__score_training_frequency__median,activity,vendor,activity__score_training_frequency: within-person median; calendar windows where applicable,temporal_v3
v3__activity__score_training_frequency__trimmed_mean,activity,vendor,activity__score_training_frequency: within-person trimmed_mean; calendar windows where applicable,temporal_v3
v3__activity__score_training_frequency__mode,activity,vendor,activity__score_training_frequency: within-person mode; calendar windows where applicable,temporal_v3
v3__activity__score_training_frequency__minimum,activity,vendor,activity__score_training_frequency: within-person minimum; calendar windows where applicable,temporal_v3
v3__activity__score_training_frequency__maximum,activity,vendor,activity__score_training_frequency: within-person maximum; calendar windows where applicable,temporal_v3
v3__activity__score_training_frequency__range,activity,vendor,activity__score_training_frequency: within-person range; calendar windows where applicable,temporal_v3
v3__activity__score_training_frequency__mad,activity,vendor,activity__score_training_frequency: within-person mad; calendar windows where applicable,temporal_v3
v3__activity__score_training_frequency__cv,activity,vendor,activity__score_training_frequency: within-person cv; calendar windows where applicable,temporal_v3
v3__activity__score_training_frequency__skew,activity,vendor,activity__score_training_frequency: within-person skew; calendar windows where applicable,temporal_v3
v3__activity__score_training_frequency__kurtosis,activity,vendor,activity__score_training_frequency: within-person kurtosis; calendar windows where applicable,temporal_v3
v3__activity__score_training_frequency__q05,activity,vendor,activity__score_training_frequency: within-person q05; calendar windows where applicable,temporal_v3
v3__activity__score_training_frequency__q95,activity,vendor,activity__score_training_frequency: within-person q95; calendar windows where applicable,temporal_v3
v3__activity__score_training_frequency__rmssd,activity,vendor,activity__score_training_frequency: within-person rmssd; calendar windows where applicable,temporal_v3
v3__activity__score_training_frequency__moving_range,activity,vendor,activity__score_training_frequency: within-person moving_range; calendar windows where applicable,temporal_v3
v3__activity__score_training_frequency__lag1,activity,vendor,activity__score_training_frequency: within-person lag1; calendar windows where applicable,temporal_v3
v3__activity__score_training_frequency__trend,activity,vendor,activity__score_training_frequency: within-person trend; calendar windows where applicable,temporal_v3
v3__activity__score_training_frequency__bin_variance4,activity,vendor,activity__score_training_frequency: within-person bin_variance4; calendar windows where applicable,temporal_v3
v3__activity__score_training_frequency__bin_change4,activity,vendor,activity__score_training_frequency: within-person bin_change4; calendar windows where applicable,temporal_v3
v3__activity__score_training_frequency__stv7,activity,vendor,activity__score_training_frequency: within-person stv7; calendar windows where applicable,temporal_v3
v3__activity__score_training_frequency__rolling_cv7,activity,vendor,activity__score_training_frequency: within-person rolling_cv7; calendar windows where applicable,temporal_v3
v3__activity__score_training_frequency__rolling_range7,activity,vendor,activity__score_training_frequency: within-person rolling_range7; calendar windows where applicable,temporal_v3
v3__activity__score_training_frequency__stv14,activity,vendor,activity__score_training_frequency: within-person stv14; calendar windows where applicable,temporal_v3
v3__activity__score_training_frequency__rolling_cv14,activity,vendor,activity__score_training_frequency: within-person rolling_cv14; calendar windows where applicable,temporal_v3
v3__activity__score_training_frequency__rolling_range14,activity,vendor,activity__score_training_frequency: within-person rolling_range14; calendar windows where applicable,temporal_v3
v3__activity__score_training_frequency__stv28,activity,vendor,activity__score_training_frequency: within-person stv28; calendar windows where applicable,temporal_v3
v3__activity__score_training_frequency__rolling_cv28,activity,vendor,activity__score_training_frequency: within-person rolling_cv28; calendar windows where applicable,temporal_v3
v3__activity__score_training_frequency__rolling_range28,activity,vendor,activity__score_training_frequency: within-person rolling_range28; calendar windows where applicable,temporal_v3
v3__activity__score_training_volume__mean,activity,vendor,activity__score_training_volume: within-person mean; calendar windows where applicable,temporal_v3
v3__activity__score_training_volume__std,activity,vendor,activity__score_training_volume: within-person std; calendar windows where applicable,temporal_v3
v3__activity__score_training_volume__median,activity,vendor,activity__score_training_volume: within-person median; calendar windows where applicable,temporal_v3
v3__activity__score_training_volume__trimmed_mean,activity,vendor,activity__score_training_volume: within-person trimmed_mean; calendar windows where applicable,temporal_v3
v3__activity__score_training_volume__mode,activity,vendor,activity__score_training_volume: within-person mode; calendar windows where applicable,temporal_v3
v3__activity__score_training_volume__minimum,activity,vendor,activity__score_training_volume: within-person minimum; calendar windows where applicable,temporal_v3
v3__activity__score_training_volume__maximum,activity,vendor,activity__score_training_volume: within-person maximum; calendar windows where applicable,temporal_v3
v3__activity__score_training_volume__range,activity,vendor,activity__score_training_volume: within-person range; calendar windows where applicable,temporal_v3
v3__activity__score_training_volume__mad,activity,vendor,activity__score_training_volume: within-person mad; calendar windows where applicable,temporal_v3
v3__activity__score_training_volume__cv,activity,vendor,activity__score_training_volume: within-person cv; calendar windows where applicable,temporal_v3
v3__activity__score_training_volume__skew,activity,vendor,activity__score_training_volume: within-person skew; calendar windows where applicable,temporal_v3
v3__activity__score_training_volume__kurtosis,activity,vendor,activity__score_training_volume: within-person kurtosis; calendar windows where applicable,temporal_v3
v3__activity__score_training_volume__q05,activity,vendor,activity__score_training_volume: within-person q05; calendar windows where applicable,temporal_v3
v3__activity__score_training_volume__q95,activity,vendor,activity__score_training_volume: within-person q95; calendar windows where applicable,temporal_v3
v3__activity__score_training_volume__rmssd,activity,vendor,activity__score_training_volume: within-person rmssd; calendar windows where applicable,temporal_v3
v3__activity__score_training_volume__moving_range,activity,vendor,activity__score_training_volume: within-person moving_range; calendar windows where applicable,temporal_v3
v3__activity__score_training_volume__lag1,activity,vendor,activity__score_training_volume: within-person lag1; calendar windows where applicable,temporal_v3
v3__activity__score_training_volume__trend,activity,vendor,activity__score_training_volume: within-person trend; calendar windows where applicable,temporal_v3
v3__activity__score_training_volume__bin_variance4,activity,vendor,activity__score_training_volume: within-person bin_variance4; calendar windows where applicable,temporal_v3
v3__activity__score_training_volume__bin_change4,activity,vendor,activity__score_training_volume: within-person bin_change4; calendar windows where applicable,temporal_v3
v3__activity__score_training_volume__stv7,activity,vendor,activity__score_training_volume: within-person stv7; calendar windows where applicable,temporal_v3
v3__activity__score_training_volume__rolling_cv7,activity,vendor,activity__score_training_volume: within-person rolling_cv7; calendar windows where applicable,temporal_v3
v3__activity__score_training_volume__rolling_range7,activity,vendor,activity__score_training_volume: within-person rolling_range7; calendar windows where applicable,temporal_v3
v3__activity__score_training_volume__stv14,activity,vendor,activity__score_training_volume: within-person stv14; calendar windows where applicable,temporal_v3
v3__activity__score_training_volume__rolling_cv14,activity,vendor,activity__score_training_volume: within-person rolling_cv14; calendar windows where applicable,temporal_v3
v3__activity__score_training_volume__rolling_range14,activity,vendor,activity__score_training_volume: within-person rolling_range14; calendar windows where applicable,temporal_v3
v3__activity__score_training_volume__stv28,activity,vendor,activity__score_training_volume: within-person stv28; calendar windows where applicable,temporal_v3
v3__activity__score_training_volume__rolling_cv28,activity,vendor,activity__score_training_volume: within-person rolling_cv28; calendar windows where applicable,temporal_v3
v3__activity__score_training_volume__rolling_range28,activity,vendor,activity__score_training_volume: within-person rolling_range28; calendar windows where applicable,temporal_v3
v3__activity__steps__mean,activity,physiology,activity__steps: within-person mean; calendar windows where applicable,temporal_v3
v3__activity__steps__std,activity,physiology,activity__steps: within-person std; calendar windows where applicable,temporal_v3
v3__activity__steps__median,activity,physiology,activity__steps: within-person median; calendar windows where applicable,temporal_v3
v3__activity__steps__trimmed_mean,activity,physiology,activity__steps: within-person trimmed_mean; calendar windows where applicable,temporal_v3
v3__activity__steps__mode,activity,physiology,activity__steps: within-person mode; calendar windows where applicable,temporal_v3
v3__activity__steps__minimum,activity,physiology,activity__steps: within-person minimum; calendar windows where applicable,temporal_v3
v3__activity__steps__maximum,activity,physiology,activity__steps: within-person maximum; calendar windows where applicable,temporal_v3
v3__activity__steps__range,activity,physiology,activity__steps: within-person range; calendar windows where applicable,temporal_v3
v3__activity__steps__mad,activity,physiology,activity__steps: within-person mad; calendar windows where applicable,temporal_v3
v3__activity__steps__cv,activity,physiology,activity__steps: within-person cv; calendar windows where applicable,temporal_v3
v3__activity__steps__skew,activity,physiology,activity__steps: within-person skew; calendar windows where applicable,temporal_v3
v3__activity__steps__kurtosis,activity,physiology,activity__steps: within-person kurtosis; calendar windows where applicable,temporal_v3
v3__activity__steps__q05,activity,physiology,activity__steps: within-person q05; calendar windows where applicable,temporal_v3
v3__activity__steps__q95,activity,physiology,activity__steps: within-person q95; calendar windows where applicable,temporal_v3
v3__activity__steps__rmssd,activity,physiology,activity__steps: within-person rmssd; calendar windows where applicable,temporal_v3
v3__activity__steps__moving_range,activity,physiology,activity__steps: within-person moving_range; calendar windows where applicable,temporal_v3
v3__activity__steps__lag1,activity,physiology,activity__steps: within-person lag1; calendar windows where applicable,temporal_v3
v3__activity__steps__trend,activity,physiology,activity__steps: within-person trend; calendar windows where applicable,temporal_v3
v3__activity__steps__bin_variance4,activity,physiology,activity__steps: within-person bin_variance4; calendar windows where applicable,temporal_v3
v3__activity__steps__bin_change4,activity,physiology,activity__steps: within-person bin_change4; calendar windows where applicable,temporal_v3
v3__activity__steps__stv7,activity,physiology,activity__steps: within-person stv7; calendar windows where applicable,temporal_v3
v3__activity__steps__rolling_cv7,activity,physiology,activity__steps: within-person rolling_cv7; calendar windows where applicable,temporal_v3
v3__activity__steps__rolling_range7,activity,physiology,activity__steps: within-person rolling_range7; calendar windows where applicable,temporal_v3
v3__activity__steps__stv14,activity,physiology,activity__steps: within-person stv14; calendar windows where applicable,temporal_v3
v3__activity__steps__rolling_cv14,activity,physiology,activity__steps: within-person rolling_cv14; calendar windows where applicable,temporal_v3
v3__activity__steps__rolling_range14,activity,physiology,activity__steps: within-person rolling_range14; calendar windows where applicable,temporal_v3
v3__activity__steps__stv28,activity,physiology,activity__steps: within-person stv28; calendar windows where applicable,temporal_v3
v3__activity__steps__rolling_cv28,activity,physiology,activity__steps: within-person rolling_cv28; calendar windows where applicable,temporal_v3
v3__activity__steps__rolling_range28,activity,physiology,activity__steps: within-person rolling_range28; calendar windows where applicable,temporal_v3
v3__activity__total__mean,activity,physiology,activity__total: within-person mean; calendar windows where applicable,temporal_v3
v3__activity__total__std,activity,physiology,activity__total: within-person std; calendar windows where applicable,temporal_v3
v3__activity__total__median,activity,physiology,activity__total: within-person median; calendar windows where applicable,temporal_v3
v3__activity__total__trimmed_mean,activity,physiology,activity__total: within-person trimmed_mean; calendar windows where applicable,temporal_v3
v3__activity__total__mode,activity,physiology,activity__total: within-person mode; calendar windows where applicable,temporal_v3
v3__activity__total__minimum,activity,physiology,activity__total: within-person minimum; calendar windows where applicable,temporal_v3
v3__activity__total__maximum,activity,physiology,activity__total: within-person maximum; calendar windows where applicable,temporal_v3
v3__activity__total__range,activity,physiology,activity__total: within-person range; calendar windows where applicable,temporal_v3
v3__activity__total__mad,activity,physiology,activity__total: within-person mad; calendar windows where applicable,temporal_v3
v3__activity__total__cv,activity,physiology,activity__total: within-person cv; calendar windows where applicable,temporal_v3
v3__activity__total__skew,activity,physiology,activity__total: within-person skew; calendar windows where applicable,temporal_v3
v3__activity__total__kurtosis,activity,physiology,activity__total: within-person kurtosis; calendar windows where applicable,temporal_v3
v3__activity__total__q05,activity,physiology,activity__total: within-person q05; calendar windows where applicable,temporal_v3
v3__activity__total__q95,activity,physiology,activity__total: within-person q95; calendar windows where applicable,temporal_v3
v3__activity__total__rmssd,activity,physiology,activity__total: within-person rmssd; calendar windows where applicable,temporal_v3
v3__activity__total__moving_range,activity,physiology,activity__total: within-person moving_range; calendar windows where applicable,temporal_v3
v3__activity__total__lag1,activity,physiology,activity__total: within-person lag1; calendar windows where applicable,temporal_v3
v3__activity__total__trend,activity,physiology,activity__total: within-person trend; calendar windows where applicable,temporal_v3
v3__activity__total__bin_variance4,activity,physiology,activity__total: within-person bin_variance4; calendar windows where applicable,temporal_v3
v3__activity__total__bin_change4,activity,physiology,activity__total: within-person bin_change4; calendar windows where applicable,temporal_v3
v3__activity__total__stv7,activity,physiology,activity__total: within-person stv7; calendar windows where applicable,temporal_v3
v3__activity__total__rolling_cv7,activity,physiology,activity__total: within-person rolling_cv7; calendar windows where applicable,temporal_v3
v3__activity__total__rolling_range7,activity,physiology,activity__total: within-person rolling_range7; calendar windows where applicable,temporal_v3
v3__activity__total__stv14,activity,physiology,activity__total: within-person stv14; calendar windows where applicable,temporal_v3
v3__activity__total__rolling_cv14,activity,physiology,activity__total: within-person rolling_cv14; calendar windows where applicable,temporal_v3
v3__activity__total__rolling_range14,activity,physiology,activity__total: within-person rolling_range14; calendar windows where applicable,temporal_v3
v3__activity__total__stv28,activity,physiology,activity__total: within-person stv28; calendar windows where applicable,temporal_v3
v3__activity__total__rolling_cv28,activity,physiology,activity__total: within-person rolling_cv28; calendar windows where applicable,temporal_v3
v3__activity__total__rolling_range28,activity,physiology,activity__total: within-person rolling_range28; calendar windows where applicable,temporal_v3
v3__activity__state_code_0_fraction__mean,activity,physiology,activity__state_code_0_fraction: within-person mean; calendar windows where applicable,temporal_v3
v3__activity__state_code_0_fraction__std,activity,physiology,activity__state_code_0_fraction: within-person std; calendar windows where applicable,temporal_v3
v3__activity__state_code_0_fraction__median,activity,physiology,activity__state_code_0_fraction: within-person median; calendar windows where applicable,temporal_v3
v3__activity__state_code_0_fraction__trimmed_mean,activity,physiology,activity__state_code_0_fraction: within-person trimmed_mean; calendar windows where applicable,temporal_v3
v3__activity__state_code_0_fraction__mode,activity,physiology,activity__state_code_0_fraction: within-person mode; calendar windows where applicable,temporal_v3
v3__activity__state_code_0_fraction__minimum,activity,physiology,activity__state_code_0_fraction: within-person minimum; calendar windows where applicable,temporal_v3
v3__activity__state_code_0_fraction__maximum,activity,physiology,activity__state_code_0_fraction: within-person maximum; calendar windows where applicable,temporal_v3
v3__activity__state_code_0_fraction__range,activity,physiology,activity__state_code_0_fraction: within-person range; calendar windows where applicable,temporal_v3
v3__activity__state_code_0_fraction__mad,activity,physiology,activity__state_code_0_fraction: within-person mad; calendar windows where applicable,temporal_v3
v3__activity__state_code_0_fraction__cv,activity,physiology,activity__state_code_0_fraction: within-person cv; calendar windows where applicable,temporal_v3
v3__activity__state_code_0_fraction__skew,activity,physiology,activity__state_code_0_fraction: within-person skew; calendar windows where applicable,temporal_v3
v3__activity__state_code_0_fraction__kurtosis,activity,physiology,activity__state_code_0_fraction: within-person kurtosis; calendar windows where applicable,temporal_v3
v3__activity__state_code_0_fraction__q05,activity,physiology,activity__state_code_0_fraction: within-person q05; calendar windows where applicable,temporal_v3
v3__activity__state_code_0_fraction__q95,activity,physiology,activity__state_code_0_fraction: within-person q95; calendar windows where applicable,temporal_v3
v3__activity__state_code_0_fraction__rmssd,activity,physiology,activity__state_code_0_fraction: within-person rmssd; calendar windows where applicable,temporal_v3
v3__activity__state_code_0_fraction__moving_range,activity,physiology,activity__state_code_0_fraction: within-person moving_range; calendar windows where applicable,temporal_v3
v3__activity__state_code_0_fraction__lag1,activity,physiology,activity__state_code_0_fraction: within-person lag1; calendar windows where applicable,temporal_v3
v3__activity__state_code_0_fraction__trend,activity,physiology,activity__state_code_0_fraction: within-person trend; calendar windows where applicable,temporal_v3
v3__activity__state_code_0_fraction__bin_variance4,activity,physiology,activity__state_code_0_fraction: within-person bin_variance4; calendar windows where applicable,temporal_v3
v3__activity__state_code_0_fraction__bin_change4,activity,physiology,activity__state_code_0_fraction: within-person bin_change4; calendar windows where applicable,temporal_v3
v3__activity__state_code_0_fraction__stv7,activity,physiology,activity__state_code_0_fraction: within-person stv7; calendar windows where applicable,temporal_v3
v3__activity__state_code_0_fraction__rolling_cv7,activity,physiology,activity__state_code_0_fraction: within-person rolling_cv7; calendar windows where applicable,temporal_v3
v3__activity__state_code_0_fraction__rolling_range7,activity,physiology,activity__state_code_0_fraction: within-person rolling_range7; calendar windows where applicable,temporal_v3
v3__activity__state_code_0_fraction__stv14,activity,physiology,activity__state_code_0_fraction: within-person stv14; calendar windows where applicable,temporal_v3
v3__activity__state_code_0_fraction__rolling_cv14,activity,physiology,activity__state_code_0_fraction: within-person rolling_cv14; calendar windows where applicable,temporal_v3
v3__activity__state_code_0_fraction__rolling_range14,activity,physiology,activity__state_code_0_fraction: within-person rolling_range14; calendar windows where applicable,temporal_v3
v3__activity__state_code_0_fraction__stv28,activity,physiology,activity__state_code_0_fraction: within-person stv28; calendar windows where applicable,temporal_v3
v3__activity__state_code_0_fraction__rolling_cv28,activity,physiology,activity__state_code_0_fraction: within-person rolling_cv28; calendar windows where applicable,temporal_v3
v3__activity__state_code_0_fraction__rolling_range28,activity,physiology,activity__state_code_0_fraction: within-person rolling_range28; calendar windows where applicable,temporal_v3
v3__activity__state_code_0_longest_minutes__mean,activity,physiology,activity__state_code_0_longest_minutes: within-person mean; calendar windows where applicable,temporal_v3
v3__activity__state_code_0_longest_minutes__std,activity,physiology,activity__state_code_0_longest_minutes: within-person std; calendar windows where applicable,temporal_v3
v3__activity__state_code_0_longest_minutes__median,activity,physiology,activity__state_code_0_longest_minutes: within-person median; calendar windows where applicable,temporal_v3
v3__activity__state_code_0_longest_minutes__trimmed_mean,activity,physiology,activity__state_code_0_longest_minutes: within-person trimmed_mean; calendar windows where applicable,temporal_v3
v3__activity__state_code_0_longest_minutes__mode,activity,physiology,activity__state_code_0_longest_minutes: within-person mode; calendar windows where applicable,temporal_v3
v3__activity__state_code_0_longest_minutes__minimum,activity,physiology,activity__state_code_0_longest_minutes: within-person minimum; calendar windows where applicable,temporal_v3
v3__activity__state_code_0_longest_minutes__maximum,activity,physiology,activity__state_code_0_longest_minutes: within-person maximum; calendar windows where applicable,temporal_v3
v3__activity__state_code_0_longest_minutes__range,activity,physiology,activity__state_code_0_longest_minutes: within-person range; calendar windows where applicable,temporal_v3
v3__activity__state_code_0_longest_minutes__mad,activity,physiology,activity__state_code_0_longest_minutes: within-person mad; calendar windows where applicable,temporal_v3
v3__activity__state_code_0_longest_minutes__cv,activity,physiology,activity__state_code_0_longest_minutes: within-person cv; calendar windows where applicable,temporal_v3
v3__activity__state_code_0_longest_minutes__skew,activity,physiology,activity__state_code_0_longest_minutes: within-person skew; calendar windows where applicable,temporal_v3
v3__activity__state_code_0_longest_minutes__kurtosis,activity,physiology,activity__state_code_0_longest_minutes: within-person kurtosis; calendar windows where applicable,temporal_v3
v3__activity__state_code_0_longest_minutes__q05,activity,physiology,activity__state_code_0_longest_minutes: within-person q05; calendar windows where applicable,temporal_v3
v3__activity__state_code_0_longest_minutes__q95,activity,physiology,activity__state_code_0_longest_minutes: within-person q95; calendar windows where applicable,temporal_v3
v3__activity__state_code_0_longest_minutes__rmssd,activity,physiology,activity__state_code_0_longest_minutes: within-person rmssd; calendar windows where applicable,temporal_v3
v3__activity__state_code_0_longest_minutes__moving_range,activity,physiology,activity__state_code_0_longest_minutes: within-person moving_range; calendar windows where applicable,temporal_v3
v3__activity__state_code_0_longest_minutes__lag1,activity,physiology,activity__state_code_0_longest_minutes: within-person lag1; calendar windows where applicable,temporal_v3
v3__activity__state_code_0_longest_minutes__trend,activity,physiology,activity__state_code_0_longest_minutes: within-person trend; calendar windows where applicable,temporal_v3
v3__activity__state_code_0_longest_minutes__bin_variance4,activity,physiology,activity__state_code_0_longest_minutes: within-person bin_variance4; calendar windows where applicable,temporal_v3
v3__activity__state_code_0_longest_minutes__bin_change4,activity,physiology,activity__state_code_0_longest_minutes: within-person bin_change4; calendar windows where applicable,temporal_v3
v3__activity__state_code_0_longest_minutes__stv7,activity,physiology,activity__state_code_0_longest_minutes: within-person stv7; calendar windows where applicable,temporal_v3
v3__activity__state_code_0_longest_minutes__rolling_cv7,activity,physiology,activity__state_code_0_longest_minutes: within-person rolling_cv7; calendar windows where applicable,temporal_v3
v3__activity__state_code_0_longest_minutes__rolling_range7,activity,physiology,activity__state_code_0_longest_minutes: within-person rolling_range7; calendar windows where applicable,temporal_v3
v3__activity__state_code_0_longest_minutes__stv14,activity,physiology,activity__state_code_0_longest_minutes: within-person stv14; calendar windows where applicable,temporal_v3
v3__activity__state_code_0_longest_minutes__rolling_cv14,activity,physiology,activity__state_code_0_longest_minutes: within-person rolling_cv14; calendar windows where applicable,temporal_v3
v3__activity__state_code_0_longest_minutes__rolling_range14,activity,physiology,activity__state_code_0_longest_minutes: within-person rolling_range14; calendar windows where applicable,temporal_v3
v3__activity__state_code_0_longest_minutes__stv28,activity,physiology,activity__state_code_0_longest_minutes: within-person stv28; calendar windows where applicable,temporal_v3
v3__activity__state_code_0_longest_minutes__rolling_cv28,activity,physiology,activity__state_code_0_longest_minutes: within-person rolling_cv28; calendar windows where applicable,temporal_v3
v3__activity__state_code_0_longest_minutes__rolling_range28,activity,physiology,activity__state_code_0_longest_minutes: within-person rolling_range28; calendar windows where applicable,temporal_v3
v3__activity__state_code_1_fraction__mean,activity,physiology,activity__state_code_1_fraction: within-person mean; calendar windows where applicable,temporal_v3
v3__activity__state_code_1_fraction__std,activity,physiology,activity__state_code_1_fraction: within-person std; calendar windows where applicable,temporal_v3
v3__activity__state_code_1_fraction__median,activity,physiology,activity__state_code_1_fraction: within-person median; calendar windows where applicable,temporal_v3
v3__activity__state_code_1_fraction__trimmed_mean,activity,physiology,activity__state_code_1_fraction: within-person trimmed_mean; calendar windows where applicable,temporal_v3
v3__activity__state_code_1_fraction__mode,activity,physiology,activity__state_code_1_fraction: within-person mode; calendar windows where applicable,temporal_v3
v3__activity__state_code_1_fraction__minimum,activity,physiology,activity__state_code_1_fraction: within-person minimum; calendar windows where applicable,temporal_v3
v3__activity__state_code_1_fraction__maximum,activity,physiology,activity__state_code_1_fraction: within-person maximum; calendar windows where applicable,temporal_v3
v3__activity__state_code_1_fraction__range,activity,physiology,activity__state_code_1_fraction: within-person range; calendar windows where applicable,temporal_v3
v3__activity__state_code_1_fraction__mad,activity,physiology,activity__state_code_1_fraction: within-person mad; calendar windows where applicable,temporal_v3
v3__activity__state_code_1_fraction__cv,activity,physiology,activity__state_code_1_fraction: within-person cv; calendar windows where applicable,temporal_v3
v3__activity__state_code_1_fraction__skew,activity,physiology,activity__state_code_1_fraction: within-person skew; calendar windows where applicable,temporal_v3
v3__activity__state_code_1_fraction__kurtosis,activity,physiology,activity__state_code_1_fraction: within-person kurtosis; calendar windows where applicable,temporal_v3
v3__activity__state_code_1_fraction__q05,activity,physiology,activity__state_code_1_fraction: within-person q05; calendar windows where applicable,temporal_v3
v3__activity__state_code_1_fraction__q95,activity,physiology,activity__state_code_1_fraction: within-person q95; calendar windows where applicable,temporal_v3
v3__activity__state_code_1_fraction__rmssd,activity,physiology,activity__state_code_1_fraction: within-person rmssd; calendar windows where applicable,temporal_v3
v3__activity__state_code_1_fraction__moving_range,activity,physiology,activity__state_code_1_fraction: within-person moving_range; calendar windows where applicable,temporal_v3
v3__activity__state_code_1_fraction__lag1,activity,physiology,activity__state_code_1_fraction: within-person lag1; calendar windows where applicable,temporal_v3
v3__activity__state_code_1_fraction__trend,activity,physiology,activity__state_code_1_fraction: within-person trend; calendar windows where applicable,temporal_v3
v3__activity__state_code_1_fraction__bin_variance4,activity,physiology,activity__state_code_1_fraction: within-person bin_variance4; calendar windows where applicable,temporal_v3
v3__activity__state_code_1_fraction__bin_change4,activity,physiology,activity__state_code_1_fraction: within-person bin_change4; calendar windows where applicable,temporal_v3
v3__activity__state_code_1_fraction__stv7,activity,physiology,activity__state_code_1_fraction: within-person stv7; calendar windows where applicable,temporal_v3
v3__activity__state_code_1_fraction__rolling_cv7,activity,physiology,activity__state_code_1_fraction: within-person rolling_cv7; calendar windows where applicable,temporal_v3
v3__activity__state_code_1_fraction__rolling_range7,activity,physiology,activity__state_code_1_fraction: within-person rolling_range7; calendar windows where applicable,temporal_v3
v3__activity__state_code_1_fraction__stv14,activity,physiology,activity__state_code_1_fraction: within-person stv14; calendar windows where applicable,temporal_v3
v3__activity__state_code_1_fraction__rolling_cv14,activity,physiology,activity__state_code_1_fraction: within-person rolling_cv14; calendar windows where applicable,temporal_v3
v3__activity__state_code_1_fraction__rolling_range14,activity,physiology,activity__state_code_1_fraction: within-person rolling_range14; calendar windows where applicable,temporal_v3
v3__activity__state_code_1_fraction__stv28,activity,physiology,activity__state_code_1_fraction: within-person stv28; calendar windows where applicable,temporal_v3
v3__activity__state_code_1_fraction__rolling_cv28,activity,physiology,activity__state_code_1_fraction: within-person rolling_cv28; calendar windows where applicable,temporal_v3
v3__activity__state_code_1_fraction__rolling_range28,activity,physiology,activity__state_code_1_fraction: within-person rolling_range28; calendar windows where applicable,temporal_v3
v3__activity__state_code_1_longest_minutes__mean,activity,physiology,activity__state_code_1_longest_minutes: within-person mean; calendar windows where applicable,temporal_v3
v3__activity__state_code_1_longest_minutes__std,activity,physiology,activity__state_code_1_longest_minutes: within-person std; calendar windows where applicable,temporal_v3
v3__activity__state_code_1_longest_minutes__median,activity,physiology,activity__state_code_1_longest_minutes: within-person median; calendar windows where applicable,temporal_v3
v3__activity__state_code_1_longest_minutes__trimmed_mean,activity,physiology,activity__state_code_1_longest_minutes: within-person trimmed_mean; calendar windows where applicable,temporal_v3
v3__activity__state_code_1_longest_minutes__mode,activity,physiology,activity__state_code_1_longest_minutes: within-person mode; calendar windows where applicable,temporal_v3
v3__activity__state_code_1_longest_minutes__minimum,activity,physiology,activity__state_code_1_longest_minutes: within-person minimum; calendar windows where applicable,temporal_v3
v3__activity__state_code_1_longest_minutes__maximum,activity,physiology,activity__state_code_1_longest_minutes: within-person maximum; calendar windows where applicable,temporal_v3
v3__activity__state_code_1_longest_minutes__range,activity,physiology,activity__state_code_1_longest_minutes: within-person range; calendar windows where applicable,temporal_v3
v3__activity__state_code_1_longest_minutes__mad,activity,physiology,activity__state_code_1_longest_minutes: within-person mad; calendar windows where applicable,temporal_v3
v3__activity__state_code_1_longest_minutes__cv,activity,physiology,activity__state_code_1_longest_minutes: within-person cv; calendar windows where applicable,temporal_v3
v3__activity__state_code_1_longest_minutes__skew,activity,physiology,activity__state_code_1_longest_minutes: within-person skew; calendar windows where applicable,temporal_v3
v3__activity__state_code_1_longest_minutes__kurtosis,activity,physiology,activity__state_code_1_longest_minutes: within-person kurtosis; calendar windows where applicable,temporal_v3
v3__activity__state_code_1_longest_minutes__q05,activity,physiology,activity__state_code_1_longest_minutes: within-person q05; calendar windows where applicable,temporal_v3
v3__activity__state_code_1_longest_minutes__q95,activity,physiology,activity__state_code_1_longest_minutes: within-person q95; calendar windows where applicable,temporal_v3
v3__activity__state_code_1_longest_minutes__rmssd,activity,physiology,activity__state_code_1_longest_minutes: within-person rmssd; calendar windows where applicable,temporal_v3
v3__activity__state_code_1_longest_minutes__moving_range,activity,physiology,activity__state_code_1_longest_minutes: within-person moving_range; calendar windows where applicable,temporal_v3
v3__activity__state_code_1_longest_minutes__lag1,activity,physiology,activity__state_code_1_longest_minutes: within-person lag1; calendar windows where applicable,temporal_v3
v3__activity__state_code_1_longest_minutes__trend,activity,physiology,activity__state_code_1_longest_minutes: within-person trend; calendar windows where applicable,temporal_v3
v3__activity__state_code_1_longest_minutes__bin_variance4,activity,physiology,activity__state_code_1_longest_minutes: within-person bin_variance4; calendar windows where applicable,temporal_v3
v3__activity__state_code_1_longest_minutes__bin_change4,activity,physiology,activity__state_code_1_longest_minutes: within-person bin_change4; calendar windows where applicable,temporal_v3
v3__activity__state_code_1_longest_minutes__stv7,activity,physiology,activity__state_code_1_longest_minutes: within-person stv7; calendar windows where applicable,temporal_v3
v3__activity__state_code_1_longest_minutes__rolling_cv7,activity,physiology,activity__state_code_1_longest_minutes: within-person rolling_cv7; calendar windows where applicable,temporal_v3
v3__activity__state_code_1_longest_minutes__rolling_range7,activity,physiology,activity__state_code_1_longest_minutes: within-person rolling_range7; calendar windows where applicable,temporal_v3
v3__activity__state_code_1_longest_minutes__stv14,activity,physiology,activity__state_code_1_longest_minutes: within-person stv14; calendar windows where applicable,temporal_v3
v3__activity__state_code_1_longest_minutes__rolling_cv14,activity,physiology,activity__state_code_1_longest_minutes: within-person rolling_cv14; calendar windows where applicable,temporal_v3
v3__activity__state_code_1_longest_minutes__rolling_range14,activity,physiology,activity__state_code_1_longest_minutes: within-person rolling_range14; calendar windows where applicable,temporal_v3
v3__activity__state_code_1_longest_minutes__stv28,activity,physiology,activity__state_code_1_longest_minutes: within-person stv28; calendar windows where applicable,temporal_v3
v3__activity__state_code_1_longest_minutes__rolling_cv28,activity,physiology,activity__state_code_1_longest_minutes: within-person rolling_cv28; calendar windows where applicable,temporal_v3
v3__activity__state_code_1_longest_minutes__rolling_range28,activity,physiology,activity__state_code_1_longest_minutes: within-person rolling_range28; calendar windows where applicable,temporal_v3
v3__activity__state_code_2_fraction__mean,activity,physiology,activity__state_code_2_fraction: within-person mean; calendar windows where applicable,temporal_v3
v3__activity__state_code_2_fraction__std,activity,physiology,activity__state_code_2_fraction: within-person std; calendar windows where applicable,temporal_v3
v3__activity__state_code_2_fraction__median,activity,physiology,activity__state_code_2_fraction: within-person median; calendar windows where applicable,temporal_v3
v3__activity__state_code_2_fraction__trimmed_mean,activity,physiology,activity__state_code_2_fraction: within-person trimmed_mean; calendar windows where applicable,temporal_v3
v3__activity__state_code_2_fraction__mode,activity,physiology,activity__state_code_2_fraction: within-person mode; calendar windows where applicable,temporal_v3
v3__activity__state_code_2_fraction__minimum,activity,physiology,activity__state_code_2_fraction: within-person minimum; calendar windows where applicable,temporal_v3
v3__activity__state_code_2_fraction__maximum,activity,physiology,activity__state_code_2_fraction: within-person maximum; calendar windows where applicable,temporal_v3
v3__activity__state_code_2_fraction__range,activity,physiology,activity__state_code_2_fraction: within-person range; calendar windows where applicable,temporal_v3
v3__activity__state_code_2_fraction__mad,activity,physiology,activity__state_code_2_fraction: within-person mad; calendar windows where applicable,temporal_v3
v3__activity__state_code_2_fraction__cv,activity,physiology,activity__state_code_2_fraction: within-person cv; calendar windows where applicable,temporal_v3
v3__activity__state_code_2_fraction__skew,activity,physiology,activity__state_code_2_fraction: within-person skew; calendar windows where applicable,temporal_v3
v3__activity__state_code_2_fraction__kurtosis,activity,physiology,activity__state_code_2_fraction: within-person kurtosis; calendar windows where applicable,temporal_v3
v3__activity__state_code_2_fraction__q05,activity,physiology,activity__state_code_2_fraction: within-person q05; calendar windows where applicable,temporal_v3
v3__activity__state_code_2_fraction__q95,activity,physiology,activity__state_code_2_fraction: within-person q95; calendar windows where applicable,temporal_v3
v3__activity__state_code_2_fraction__rmssd,activity,physiology,activity__state_code_2_fraction: within-person rmssd; calendar windows where applicable,temporal_v3
v3__activity__state_code_2_fraction__moving_range,activity,physiology,activity__state_code_2_fraction: within-person moving_range; calendar windows where applicable,temporal_v3
v3__activity__state_code_2_fraction__lag1,activity,physiology,activity__state_code_2_fraction: within-person lag1; calendar windows where applicable,temporal_v3
v3__activity__state_code_2_fraction__trend,activity,physiology,activity__state_code_2_fraction: within-person trend; calendar windows where applicable,temporal_v3
v3__activity__state_code_2_fraction__bin_variance4,activity,physiology,activity__state_code_2_fraction: within-person bin_variance4; calendar windows where applicable,temporal_v3
v3__activity__state_code_2_fraction__bin_change4,activity,physiology,activity__state_code_2_fraction: within-person bin_change4; calendar windows where applicable,temporal_v3
v3__activity__state_code_2_fraction__stv7,activity,physiology,activity__state_code_2_fraction: within-person stv7; calendar windows where applicable,temporal_v3
v3__activity__state_code_2_fraction__rolling_cv7,activity,physiology,activity__state_code_2_fraction: within-person rolling_cv7; calendar windows where applicable,temporal_v3
v3__activity__state_code_2_fraction__rolling_range7,activity,physiology,activity__state_code_2_fraction: within-person rolling_range7; calendar windows where applicable,temporal_v3
v3__activity__state_code_2_fraction__stv14,activity,physiology,activity__state_code_2_fraction: within-person stv14; calendar windows where applicable,temporal_v3
v3__activity__state_code_2_fraction__rolling_cv14,activity,physiology,activity__state_code_2_fraction: within-person rolling_cv14; calendar windows where applicable,temporal_v3
v3__activity__state_code_2_fraction__rolling_range14,activity,physiology,activity__state_code_2_fraction: within-person rolling_range14; calendar windows where applicable,temporal_v3
v3__activity__state_code_2_fraction__stv28,activity,physiology,activity__state_code_2_fraction: within-person stv28; calendar windows where applicable,temporal_v3
v3__activity__state_code_2_fraction__rolling_cv28,activity,physiology,activity__state_code_2_fraction: within-person rolling_cv28; calendar windows where applicable,temporal_v3
v3__activity__state_code_2_fraction__rolling_range28,activity,physiology,activity__state_code_2_fraction: within-person rolling_range28; calendar windows where applicable,temporal_v3
v3__activity__state_code_2_longest_minutes__mean,activity,physiology,activity__state_code_2_longest_minutes: within-person mean; calendar windows where applicable,temporal_v3
v3__activity__state_code_2_longest_minutes__std,activity,physiology,activity__state_code_2_longest_minutes: within-person std; calendar windows where applicable,temporal_v3
v3__activity__state_code_2_longest_minutes__median,activity,physiology,activity__state_code_2_longest_minutes: within-person median; calendar windows where applicable,temporal_v3
v3__activity__state_code_2_longest_minutes__trimmed_mean,activity,physiology,activity__state_code_2_longest_minutes: within-person trimmed_mean; calendar windows where applicable,temporal_v3
v3__activity__state_code_2_longest_minutes__mode,activity,physiology,activity__state_code_2_longest_minutes: within-person mode; calendar windows where applicable,temporal_v3
v3__activity__state_code_2_longest_minutes__minimum,activity,physiology,activity__state_code_2_longest_minutes: within-person minimum; calendar windows where applicable,temporal_v3
v3__activity__state_code_2_longest_minutes__maximum,activity,physiology,activity__state_code_2_longest_minutes: within-person maximum; calendar windows where applicable,temporal_v3
v3__activity__state_code_2_longest_minutes__range,activity,physiology,activity__state_code_2_longest_minutes: within-person range; calendar windows where applicable,temporal_v3
v3__activity__state_code_2_longest_minutes__mad,activity,physiology,activity__state_code_2_longest_minutes: within-person mad; calendar windows where applicable,temporal_v3
v3__activity__state_code_2_longest_minutes__cv,activity,physiology,activity__state_code_2_longest_minutes: within-person cv; calendar windows where applicable,temporal_v3
v3__activity__state_code_2_longest_minutes__skew,activity,physiology,activity__state_code_2_longest_minutes: within-person skew; calendar windows where applicable,temporal_v3
v3__activity__state_code_2_longest_minutes__kurtosis,activity,physiology,activity__state_code_2_longest_minutes: within-person kurtosis; calendar windows where applicable,temporal_v3
v3__activity__state_code_2_longest_minutes__q05,activity,physiology,activity__state_code_2_longest_minutes: within-person q05; calendar windows where applicable,temporal_v3
v3__activity__state_code_2_longest_minutes__q95,activity,physiology,activity__state_code_2_longest_minutes: within-person q95; calendar windows where applicable,temporal_v3
v3__activity__state_code_2_longest_minutes__rmssd,activity,physiology,activity__state_code_2_longest_minutes: within-person rmssd; calendar windows where applicable,temporal_v3
v3__activity__state_code_2_longest_minutes__moving_range,activity,physiology,activity__state_code_2_longest_minutes: within-person moving_range; calendar windows where applicable,temporal_v3
v3__activity__state_code_2_longest_minutes__lag1,activity,physiology,activity__state_code_2_longest_minutes: within-person lag1; calendar windows where applicable,temporal_v3
v3__activity__state_code_2_longest_minutes__trend,activity,physiology,activity__state_code_2_longest_minutes: within-person trend; calendar windows where applicable,temporal_v3
v3__activity__state_code_2_longest_minutes__bin_variance4,activity,physiology,activity__state_code_2_longest_minutes: within-person bin_variance4; calendar windows where applicable,temporal_v3
v3__activity__state_code_2_longest_minutes__bin_change4,activity,physiology,activity__state_code_2_longest_minutes: within-person bin_change4; calendar windows where applicable,temporal_v3
v3__activity__state_code_2_longest_minutes__stv7,activity,physiology,activity__state_code_2_longest_minutes: within-person stv7; calendar windows where applicable,temporal_v3
v3__activity__state_code_2_longest_minutes__rolling_cv7,activity,physiology,activity__state_code_2_longest_minutes: within-person rolling_cv7; calendar windows where applicable,temporal_v3
v3__activity__state_code_2_longest_minutes__rolling_range7,activity,physiology,activity__state_code_2_longest_minutes: within-person rolling_range7; calendar windows where applicable,temporal_v3
v3__activity__state_code_2_longest_minutes__stv14,activity,physiology,activity__state_code_2_longest_minutes: within-person stv14; calendar windows where applicable,temporal_v3
v3__activity__state_code_2_longest_minutes__rolling_cv14,activity,physiology,activity__state_code_2_longest_minutes: within-person rolling_cv14; calendar windows where applicable,temporal_v3
v3__activity__state_code_2_longest_minutes__rolling_range14,activity,physiology,activity__state_code_2_longest_minutes: within-person rolling_range14; calendar windows where applicable,temporal_v3
v3__activity__state_code_2_longest_minutes__stv28,activity,physiology,activity__state_code_2_longest_minutes: within-person stv28; calendar windows where applicable,temporal_v3
v3__activity__state_code_2_longest_minutes__rolling_cv28,activity,physiology,activity__state_code_2_longest_minutes: within-person rolling_cv28; calendar windows where applicable,temporal_v3
v3__activity__state_code_2_longest_minutes__rolling_range28,activity,physiology,activity__state_code_2_longest_minutes: within-person rolling_range28; calendar windows where applicable,temporal_v3
v3__activity__state_code_3_fraction__mean,activity,physiology,activity__state_code_3_fraction: within-person mean; calendar windows where applicable,temporal_v3
v3__activity__state_code_3_fraction__std,activity,physiology,activity__state_code_3_fraction: within-person std; calendar windows where applicable,temporal_v3
v3__activity__state_code_3_fraction__median,activity,physiology,activity__state_code_3_fraction: within-person median; calendar windows where applicable,temporal_v3
v3__activity__state_code_3_fraction__trimmed_mean,activity,physiology,activity__state_code_3_fraction: within-person trimmed_mean; calendar windows where applicable,temporal_v3
v3__activity__state_code_3_fraction__mode,activity,physiology,activity__state_code_3_fraction: within-person mode; calendar windows where applicable,temporal_v3
v3__activity__state_code_3_fraction__minimum,activity,physiology,activity__state_code_3_fraction: within-person minimum; calendar windows where applicable,temporal_v3
v3__activity__state_code_3_fraction__maximum,activity,physiology,activity__state_code_3_fraction: within-person maximum; calendar windows where applicable,temporal_v3
v3__activity__state_code_3_fraction__range,activity,physiology,activity__state_code_3_fraction: within-person range; calendar windows where applicable,temporal_v3
v3__activity__state_code_3_fraction__mad,activity,physiology,activity__state_code_3_fraction: within-person mad; calendar windows where applicable,temporal_v3
v3__activity__state_code_3_fraction__cv,activity,physiology,activity__state_code_3_fraction: within-person cv; calendar windows where applicable,temporal_v3
v3__activity__state_code_3_fraction__skew,activity,physiology,activity__state_code_3_fraction: within-person skew; calendar windows where applicable,temporal_v3
v3__activity__state_code_3_fraction__kurtosis,activity,physiology,activity__state_code_3_fraction: within-person kurtosis; calendar windows where applicable,temporal_v3
v3__activity__state_code_3_fraction__q05,activity,physiology,activity__state_code_3_fraction: within-person q05; calendar windows where applicable,temporal_v3
v3__activity__state_code_3_fraction__q95,activity,physiology,activity__state_code_3_fraction: within-person q95; calendar windows where applicable,temporal_v3
v3__activity__state_code_3_fraction__rmssd,activity,physiology,activity__state_code_3_fraction: within-person rmssd; calendar windows where applicable,temporal_v3
v3__activity__state_code_3_fraction__moving_range,activity,physiology,activity__state_code_3_fraction: within-person moving_range; calendar windows where applicable,temporal_v3
v3__activity__state_code_3_fraction__lag1,activity,physiology,activity__state_code_3_fraction: within-person lag1; calendar windows where applicable,temporal_v3
v3__activity__state_code_3_fraction__trend,activity,physiology,activity__state_code_3_fraction: within-person trend; calendar windows where applicable,temporal_v3
v3__activity__state_code_3_fraction__bin_variance4,activity,physiology,activity__state_code_3_fraction: within-person bin_variance4; calendar windows where applicable,temporal_v3
v3__activity__state_code_3_fraction__bin_change4,activity,physiology,activity__state_code_3_fraction: within-person bin_change4; calendar windows where applicable,temporal_v3
v3__activity__state_code_3_fraction__stv7,activity,physiology,activity__state_code_3_fraction: within-person stv7; calendar windows where applicable,temporal_v3
v3__activity__state_code_3_fraction__rolling_cv7,activity,physiology,activity__state_code_3_fraction: within-person rolling_cv7; calendar windows where applicable,temporal_v3
v3__activity__state_code_3_fraction__rolling_range7,activity,physiology,activity__state_code_3_fraction: within-person rolling_range7; calendar windows where applicable,temporal_v3
v3__activity__state_code_3_fraction__stv14,activity,physiology,activity__state_code_3_fraction: within-person stv14; calendar windows where applicable,temporal_v3
v3__activity__state_code_3_fraction__rolling_cv14,activity,physiology,activity__state_code_3_fraction: within-person rolling_cv14; calendar windows where applicable,temporal_v3
v3__activity__state_code_3_fraction__rolling_range14,activity,physiology,activity__state_code_3_fraction: within-person rolling_range14; calendar windows where applicable,temporal_v3
v3__activity__state_code_3_fraction__stv28,activity,physiology,activity__state_code_3_fraction: within-person stv28; calendar windows where applicable,temporal_v3
v3__activity__state_code_3_fraction__rolling_cv28,activity,physiology,activity__state_code_3_fraction: within-person rolling_cv28; calendar windows where applicable,temporal_v3
v3__activity__state_code_3_fraction__rolling_range28,activity,physiology,activity__state_code_3_fraction: within-person rolling_range28; calendar windows where applicable,temporal_v3
v3__activity__state_code_3_longest_minutes__mean,activity,physiology,activity__state_code_3_longest_minutes: within-person mean; calendar windows where applicable,temporal_v3
v3__activity__state_code_3_longest_minutes__std,activity,physiology,activity__state_code_3_longest_minutes: within-person std; calendar windows where applicable,temporal_v3
v3__activity__state_code_3_longest_minutes__median,activity,physiology,activity__state_code_3_longest_minutes: within-person median; calendar windows where applicable,temporal_v3
v3__activity__state_code_3_longest_minutes__trimmed_mean,activity,physiology,activity__state_code_3_longest_minutes: within-person trimmed_mean; calendar windows where applicable,temporal_v3
v3__activity__state_code_3_longest_minutes__mode,activity,physiology,activity__state_code_3_longest_minutes: within-person mode; calendar windows where applicable,temporal_v3
v3__activity__state_code_3_longest_minutes__minimum,activity,physiology,activity__state_code_3_longest_minutes: within-person minimum; calendar windows where applicable,temporal_v3
v3__activity__state_code_3_longest_minutes__maximum,activity,physiology,activity__state_code_3_longest_minutes: within-person maximum; calendar windows where applicable,temporal_v3
v3__activity__state_code_3_longest_minutes__range,activity,physiology,activity__state_code_3_longest_minutes: within-person range; calendar windows where applicable,temporal_v3
v3__activity__state_code_3_longest_minutes__mad,activity,physiology,activity__state_code_3_longest_minutes: within-person mad; calendar windows where applicable,temporal_v3
v3__activity__state_code_3_longest_minutes__cv,activity,physiology,activity__state_code_3_longest_minutes: within-person cv; calendar windows where applicable,temporal_v3
v3__activity__state_code_3_longest_minutes__skew,activity,physiology,activity__state_code_3_longest_minutes: within-person skew; calendar windows where applicable,temporal_v3
v3__activity__state_code_3_longest_minutes__kurtosis,activity,physiology,activity__state_code_3_longest_minutes: within-person kurtosis; calendar windows where applicable,temporal_v3
v3__activity__state_code_3_longest_minutes__q05,activity,physiology,activity__state_code_3_longest_minutes: within-person q05; calendar windows where applicable,temporal_v3
v3__activity__state_code_3_longest_minutes__q95,activity,physiology,activity__state_code_3_longest_minutes: within-person q95; calendar windows where applicable,temporal_v3
v3__activity__state_code_3_longest_minutes__rmssd,activity,physiology,activity__state_code_3_longest_minutes: within-person rmssd; calendar windows where applicable,temporal_v3
v3__activity__state_code_3_longest_minutes__moving_range,activity,physiology,activity__state_code_3_longest_minutes: within-person moving_range; calendar windows where applicable,temporal_v3
v3__activity__state_code_3_longest_minutes__lag1,activity,physiology,activity__state_code_3_longest_minutes: within-person lag1; calendar windows where applicable,temporal_v3
v3__activity__state_code_3_longest_minutes__trend,activity,physiology,activity__state_code_3_longest_minutes: within-person trend; calendar windows where applicable,temporal_v3
v3__activity__state_code_3_longest_minutes__bin_variance4,activity,physiology,activity__state_code_3_longest_minutes: within-person bin_variance4; calendar windows where applicable,temporal_v3
v3__activity__state_code_3_longest_minutes__bin_change4,activity,physiology,activity__state_code_3_longest_minutes: within-person bin_change4; calendar windows where applicable,temporal_v3
v3__activity__state_code_3_longest_minutes__stv7,activity,physiology,activity__state_code_3_longest_minutes: within-person stv7; calendar windows where applicable,temporal_v3
v3__activity__state_code_3_longest_minutes__rolling_cv7,activity,physiology,activity__state_code_3_longest_minutes: within-person rolling_cv7; calendar windows where applicable,temporal_v3
v3__activity__state_code_3_longest_minutes__rolling_range7,activity,physiology,activity__state_code_3_longest_minutes: within-person rolling_range7; calendar windows where applicable,temporal_v3
v3__activity__state_code_3_longest_minutes__stv14,activity,physiology,activity__state_code_3_longest_minutes: within-person stv14; calendar windows where applicable,temporal_v3
v3__activity__state_code_3_longest_minutes__rolling_cv14,activity,physiology,activity__state_code_3_longest_minutes: within-person rolling_cv14; calendar windows where applicable,temporal_v3
v3__activity__state_code_3_longest_minutes__rolling_range14,activity,physiology,activity__state_code_3_longest_minutes: within-person rolling_range14; calendar windows where applicable,temporal_v3
v3__activity__state_code_3_longest_minutes__stv28,activity,physiology,activity__state_code_3_longest_minutes: within-person stv28; calendar windows where applicable,temporal_v3
v3__activity__state_code_3_longest_minutes__rolling_cv28,activity,physiology,activity__state_code_3_longest_minutes: within-person rolling_cv28; calendar windows where applicable,temporal_v3
v3__activity__state_code_3_longest_minutes__rolling_range28,activity,physiology,activity__state_code_3_longest_minutes: within-person rolling_range28; calendar windows where applicable,temporal_v3
v3__activity__state_code_4_fraction__mean,activity,physiology,activity__state_code_4_fraction: within-person mean; calendar windows where applicable,temporal_v3
v3__activity__state_code_4_fraction__std,activity,physiology,activity__state_code_4_fraction: within-person std; calendar windows where applicable,temporal_v3
v3__activity__state_code_4_fraction__median,activity,physiology,activity__state_code_4_fraction: within-person median; calendar windows where applicable,temporal_v3
v3__activity__state_code_4_fraction__trimmed_mean,activity,physiology,activity__state_code_4_fraction: within-person trimmed_mean; calendar windows where applicable,temporal_v3
v3__activity__state_code_4_fraction__mode,activity,physiology,activity__state_code_4_fraction: within-person mode; calendar windows where applicable,temporal_v3
v3__activity__state_code_4_fraction__minimum,activity,physiology,activity__state_code_4_fraction: within-person minimum; calendar windows where applicable,temporal_v3
v3__activity__state_code_4_fraction__maximum,activity,physiology,activity__state_code_4_fraction: within-person maximum; calendar windows where applicable,temporal_v3
v3__activity__state_code_4_fraction__range,activity,physiology,activity__state_code_4_fraction: within-person range; calendar windows where applicable,temporal_v3
v3__activity__state_code_4_fraction__mad,activity,physiology,activity__state_code_4_fraction: within-person mad; calendar windows where applicable,temporal_v3
v3__activity__state_code_4_fraction__cv,activity,physiology,activity__state_code_4_fraction: within-person cv; calendar windows where applicable,temporal_v3
v3__activity__state_code_4_fraction__skew,activity,physiology,activity__state_code_4_fraction: within-person skew; calendar windows where applicable,temporal_v3
v3__activity__state_code_4_fraction__kurtosis,activity,physiology,activity__state_code_4_fraction: within-person kurtosis; calendar windows where applicable,temporal_v3
v3__activity__state_code_4_fraction__q05,activity,physiology,activity__state_code_4_fraction: within-person q05; calendar windows where applicable,temporal_v3
v3__activity__state_code_4_fraction__q95,activity,physiology,activity__state_code_4_fraction: within-person q95; calendar windows where applicable,temporal_v3
v3__activity__state_code_4_fraction__rmssd,activity,physiology,activity__state_code_4_fraction: within-person rmssd; calendar windows where applicable,temporal_v3
v3__activity__state_code_4_fraction__moving_range,activity,physiology,activity__state_code_4_fraction: within-person moving_range; calendar windows where applicable,temporal_v3
v3__activity__state_code_4_fraction__lag1,activity,physiology,activity__state_code_4_fraction: within-person lag1; calendar windows where applicable,temporal_v3
v3__activity__state_code_4_fraction__trend,activity,physiology,activity__state_code_4_fraction: within-person trend; calendar windows where applicable,temporal_v3
v3__activity__state_code_4_fraction__bin_variance4,activity,physiology,activity__state_code_4_fraction: within-person bin_variance4; calendar windows where applicable,temporal_v3
v3__activity__state_code_4_fraction__bin_change4,activity,physiology,activity__state_code_4_fraction: within-person bin_change4; calendar windows where applicable,temporal_v3
v3__activity__state_code_4_fraction__stv7,activity,physiology,activity__state_code_4_fraction: within-person stv7; calendar windows where applicable,temporal_v3
v3__activity__state_code_4_fraction__rolling_cv7,activity,physiology,activity__state_code_4_fraction: within-person rolling_cv7; calendar windows where applicable,temporal_v3
v3__activity__state_code_4_fraction__rolling_range7,activity,physiology,activity__state_code_4_fraction: within-person rolling_range7; calendar windows where applicable,temporal_v3
v3__activity__state_code_4_fraction__stv14,activity,physiology,activity__state_code_4_fraction: within-person stv14; calendar windows where applicable,temporal_v3
v3__activity__state_code_4_fraction__rolling_cv14,activity,physiology,activity__state_code_4_fraction: within-person rolling_cv14; calendar windows where applicable,temporal_v3
v3__activity__state_code_4_fraction__rolling_range14,activity,physiology,activity__state_code_4_fraction: within-person rolling_range14; calendar windows where applicable,temporal_v3
v3__activity__state_code_4_fraction__stv28,activity,physiology,activity__state_code_4_fraction: within-person stv28; calendar windows where applicable,temporal_v3
v3__activity__state_code_4_fraction__rolling_cv28,activity,physiology,activity__state_code_4_fraction: within-person rolling_cv28; calendar windows where applicable,temporal_v3
v3__activity__state_code_4_fraction__rolling_range28,activity,physiology,activity__state_code_4_fraction: within-person rolling_range28; calendar windows where applicable,temporal_v3
v3__activity__state_code_4_longest_minutes__mean,activity,physiology,activity__state_code_4_longest_minutes: within-person mean; calendar windows where applicable,temporal_v3
v3__activity__state_code_4_longest_minutes__std,activity,physiology,activity__state_code_4_longest_minutes: within-person std; calendar windows where applicable,temporal_v3
v3__activity__state_code_4_longest_minutes__median,activity,physiology,activity__state_code_4_longest_minutes: within-person median; calendar windows where applicable,temporal_v3
v3__activity__state_code_4_longest_minutes__trimmed_mean,activity,physiology,activity__state_code_4_longest_minutes: within-person trimmed_mean; calendar windows where applicable,temporal_v3
v3__activity__state_code_4_longest_minutes__mode,activity,physiology,activity__state_code_4_longest_minutes: within-person mode; calendar windows where applicable,temporal_v3
v3__activity__state_code_4_longest_minutes__minimum,activity,physiology,activity__state_code_4_longest_minutes: within-person minimum; calendar windows where applicable,temporal_v3
v3__activity__state_code_4_longest_minutes__maximum,activity,physiology,activity__state_code_4_longest_minutes: within-person maximum; calendar windows where applicable,temporal_v3
v3__activity__state_code_4_longest_minutes__range,activity,physiology,activity__state_code_4_longest_minutes: within-person range; calendar windows where applicable,temporal_v3
v3__activity__state_code_4_longest_minutes__mad,activity,physiology,activity__state_code_4_longest_minutes: within-person mad; calendar windows where applicable,temporal_v3
v3__activity__state_code_4_longest_minutes__cv,activity,physiology,activity__state_code_4_longest_minutes: within-person cv; calendar windows where applicable,temporal_v3
v3__activity__state_code_4_longest_minutes__skew,activity,physiology,activity__state_code_4_longest_minutes: within-person skew; calendar windows where applicable,temporal_v3
v3__activity__state_code_4_longest_minutes__kurtosis,activity,physiology,activity__state_code_4_longest_minutes: within-person kurtosis; calendar windows where applicable,temporal_v3
v3__activity__state_code_4_longest_minutes__q05,activity,physiology,activity__state_code_4_longest_minutes: within-person q05; calendar windows where applicable,temporal_v3
v3__activity__state_code_4_longest_minutes__q95,activity,physiology,activity__state_code_4_longest_minutes: within-person q95; calendar windows where applicable,temporal_v3
v3__activity__state_code_4_longest_minutes__rmssd,activity,physiology,activity__state_code_4_longest_minutes: within-person rmssd; calendar windows where applicable,temporal_v3
v3__activity__state_code_4_longest_minutes__moving_range,activity,physiology,activity__state_code_4_longest_minutes: within-person moving_range; calendar windows where applicable,temporal_v3
v3__activity__state_code_4_longest_minutes__lag1,activity,physiology,activity__state_code_4_longest_minutes: within-person lag1; calendar windows where applicable,temporal_v3
v3__activity__state_code_4_longest_minutes__trend,activity,physiology,activity__state_code_4_longest_minutes: within-person trend; calendar windows where applicable,temporal_v3
v3__activity__state_code_4_longest_minutes__bin_variance4,activity,physiology,activity__state_code_4_longest_minutes: within-person bin_variance4; calendar windows where applicable,temporal_v3
v3__activity__state_code_4_longest_minutes__bin_change4,activity,physiology,activity__state_code_4_longest_minutes: within-person bin_change4; calendar windows where applicable,temporal_v3
v3__activity__state_code_4_longest_minutes__stv7,activity,physiology,activity__state_code_4_longest_minutes: within-person stv7; calendar windows where applicable,temporal_v3
v3__activity__state_code_4_longest_minutes__rolling_cv7,activity,physiology,activity__state_code_4_longest_minutes: within-person rolling_cv7; calendar windows where applicable,temporal_v3
v3__activity__state_code_4_longest_minutes__rolling_range7,activity,physiology,activity__state_code_4_longest_minutes: within-person rolling_range7; calendar windows where applicable,temporal_v3
v3__activity__state_code_4_longest_minutes__stv14,activity,physiology,activity__state_code_4_longest_minutes: within-person stv14; calendar windows where applicable,temporal_v3
v3__activity__state_code_4_longest_minutes__rolling_cv14,activity,physiology,activity__state_code_4_longest_minutes: within-person rolling_cv14; calendar windows where applicable,temporal_v3
v3__activity__state_code_4_longest_minutes__rolling_range14,activity,physiology,activity__state_code_4_longest_minutes: within-person rolling_range14; calendar windows where applicable,temporal_v3
v3__activity__state_code_4_longest_minutes__stv28,activity,physiology,activity__state_code_4_longest_minutes: within-person stv28; calendar windows where applicable,temporal_v3
v3__activity__state_code_4_longest_minutes__rolling_cv28,activity,physiology,activity__state_code_4_longest_minutes: within-person rolling_cv28; calendar windows where applicable,temporal_v3
v3__activity__state_code_4_longest_minutes__rolling_range28,activity,physiology,activity__state_code_4_longest_minutes: within-person rolling_range28; calendar windows where applicable,temporal_v3
v3__activity__state_code_5_fraction__mean,activity,physiology,activity__state_code_5_fraction: within-person mean; calendar windows where applicable,temporal_v3
v3__activity__state_code_5_fraction__std,activity,physiology,activity__state_code_5_fraction: within-person std; calendar windows where applicable,temporal_v3
v3__activity__state_code_5_fraction__median,activity,physiology,activity__state_code_5_fraction: within-person median; calendar windows where applicable,temporal_v3
v3__activity__state_code_5_fraction__trimmed_mean,activity,physiology,activity__state_code_5_fraction: within-person trimmed_mean; calendar windows where applicable,temporal_v3
v3__activity__state_code_5_fraction__mode,activity,physiology,activity__state_code_5_fraction: within-person mode; calendar windows where applicable,temporal_v3
v3__activity__state_code_5_fraction__minimum,activity,physiology,activity__state_code_5_fraction: within-person minimum; calendar windows where applicable,temporal_v3
v3__activity__state_code_5_fraction__maximum,activity,physiology,activity__state_code_5_fraction: within-person maximum; calendar windows where applicable,temporal_v3
v3__activity__state_code_5_fraction__range,activity,physiology,activity__state_code_5_fraction: within-person range; calendar windows where applicable,temporal_v3
v3__activity__state_code_5_fraction__mad,activity,physiology,activity__state_code_5_fraction: within-person mad; calendar windows where applicable,temporal_v3
v3__activity__state_code_5_fraction__cv,activity,physiology,activity__state_code_5_fraction: within-person cv; calendar windows where applicable,temporal_v3
v3__activity__state_code_5_fraction__skew,activity,physiology,activity__state_code_5_fraction: within-person skew; calendar windows where applicable,temporal_v3
v3__activity__state_code_5_fraction__kurtosis,activity,physiology,activity__state_code_5_fraction: within-person kurtosis; calendar windows where applicable,temporal_v3
v3__activity__state_code_5_fraction__q05,activity,physiology,activity__state_code_5_fraction: within-person q05; calendar windows where applicable,temporal_v3
v3__activity__state_code_5_fraction__q95,activity,physiology,activity__state_code_5_fraction: within-person q95; calendar windows where applicable,temporal_v3
v3__activity__state_code_5_fraction__rmssd,activity,physiology,activity__state_code_5_fraction: within-person rmssd; calendar windows where applicable,temporal_v3
v3__activity__state_code_5_fraction__moving_range,activity,physiology,activity__state_code_5_fraction: within-person moving_range; calendar windows where applicable,temporal_v3
v3__activity__state_code_5_fraction__lag1,activity,physiology,activity__state_code_5_fraction: within-person lag1; calendar windows where applicable,temporal_v3
v3__activity__state_code_5_fraction__trend,activity,physiology,activity__state_code_5_fraction: within-person trend; calendar windows where applicable,temporal_v3
v3__activity__state_code_5_fraction__bin_variance4,activity,physiology,activity__state_code_5_fraction: within-person bin_variance4; calendar windows where applicable,temporal_v3
v3__activity__state_code_5_fraction__bin_change4,activity,physiology,activity__state_code_5_fraction: within-person bin_change4; calendar windows where applicable,temporal_v3
v3__activity__state_code_5_fraction__stv7,activity,physiology,activity__state_code_5_fraction: within-person stv7; calendar windows where applicable,temporal_v3
v3__activity__state_code_5_fraction__rolling_cv7,activity,physiology,activity__state_code_5_fraction: within-person rolling_cv7; calendar windows where applicable,temporal_v3
v3__activity__state_code_5_fraction__rolling_range7,activity,physiology,activity__state_code_5_fraction: within-person rolling_range7; calendar windows where applicable,temporal_v3
v3__activity__state_code_5_fraction__stv14,activity,physiology,activity__state_code_5_fraction: within-person stv14; calendar windows where applicable,temporal_v3
v3__activity__state_code_5_fraction__rolling_cv14,activity,physiology,activity__state_code_5_fraction: within-person rolling_cv14; calendar windows where applicable,temporal_v3
v3__activity__state_code_5_fraction__rolling_range14,activity,physiology,activity__state_code_5_fraction: within-person rolling_range14; calendar windows where applicable,temporal_v3
v3__activity__state_code_5_fraction__stv28,activity,physiology,activity__state_code_5_fraction: within-person stv28; calendar windows where applicable,temporal_v3
v3__activity__state_code_5_fraction__rolling_cv28,activity,physiology,activity__state_code_5_fraction: within-person rolling_cv28; calendar windows where applicable,temporal_v3
v3__activity__state_code_5_fraction__rolling_range28,activity,physiology,activity__state_code_5_fraction: within-person rolling_range28; calendar windows where applicable,temporal_v3
v3__activity__state_code_5_longest_minutes__mean,activity,physiology,activity__state_code_5_longest_minutes: within-person mean; calendar windows where applicable,temporal_v3
v3__activity__state_code_5_longest_minutes__std,activity,physiology,activity__state_code_5_longest_minutes: within-person std; calendar windows where applicable,temporal_v3
v3__activity__state_code_5_longest_minutes__median,activity,physiology,activity__state_code_5_longest_minutes: within-person median; calendar windows where applicable,temporal_v3
v3__activity__state_code_5_longest_minutes__trimmed_mean,activity,physiology,activity__state_code_5_longest_minutes: within-person trimmed_mean; calendar windows where applicable,temporal_v3
v3__activity__state_code_5_longest_minutes__mode,activity,physiology,activity__state_code_5_longest_minutes: within-person mode; calendar windows where applicable,temporal_v3
v3__activity__state_code_5_longest_minutes__minimum,activity,physiology,activity__state_code_5_longest_minutes: within-person minimum; calendar windows where applicable,temporal_v3
v3__activity__state_code_5_longest_minutes__maximum,activity,physiology,activity__state_code_5_longest_minutes: within-person maximum; calendar windows where applicable,temporal_v3
v3__activity__state_code_5_longest_minutes__range,activity,physiology,activity__state_code_5_longest_minutes: within-person range; calendar windows where applicable,temporal_v3
v3__activity__state_code_5_longest_minutes__mad,activity,physiology,activity__state_code_5_longest_minutes: within-person mad; calendar windows where applicable,temporal_v3
v3__activity__state_code_5_longest_minutes__cv,activity,physiology,activity__state_code_5_longest_minutes: within-person cv; calendar windows where applicable,temporal_v3
v3__activity__state_code_5_longest_minutes__skew,activity,physiology,activity__state_code_5_longest_minutes: within-person skew; calendar windows where applicable,temporal_v3
v3__activity__state_code_5_longest_minutes__kurtosis,activity,physiology,activity__state_code_5_longest_minutes: within-person kurtosis; calendar windows where applicable,temporal_v3
v3__activity__state_code_5_longest_minutes__q05,activity,physiology,activity__state_code_5_longest_minutes: within-person q05; calendar windows where applicable,temporal_v3
v3__activity__state_code_5_longest_minutes__q95,activity,physiology,activity__state_code_5_longest_minutes: within-person q95; calendar windows where applicable,temporal_v3
v3__activity__state_code_5_longest_minutes__rmssd,activity,physiology,activity__state_code_5_longest_minutes: within-person rmssd; calendar windows where applicable,temporal_v3
v3__activity__state_code_5_longest_minutes__moving_range,activity,physiology,activity__state_code_5_longest_minutes: within-person moving_range; calendar windows where applicable,temporal_v3
v3__activity__state_code_5_longest_minutes__lag1,activity,physiology,activity__state_code_5_longest_minutes: within-person lag1; calendar windows where applicable,temporal_v3
v3__activity__state_code_5_longest_minutes__trend,activity,physiology,activity__state_code_5_longest_minutes: within-person trend; calendar windows where applicable,temporal_v3
v3__activity__state_code_5_longest_minutes__bin_variance4,activity,physiology,activity__state_code_5_longest_minutes: within-person bin_variance4; calendar windows where applicable,temporal_v3
v3__activity__state_code_5_longest_minutes__bin_change4,activity,physiology,activity__state_code_5_longest_minutes: within-person bin_change4; calendar windows where applicable,temporal_v3
v3__activity__state_code_5_longest_minutes__stv7,activity,physiology,activity__state_code_5_longest_minutes: within-person stv7; calendar windows where applicable,temporal_v3
v3__activity__state_code_5_longest_minutes__rolling_cv7,activity,physiology,activity__state_code_5_longest_minutes: within-person rolling_cv7; calendar windows where applicable,temporal_v3
v3__activity__state_code_5_longest_minutes__rolling_range7,activity,physiology,activity__state_code_5_longest_minutes: within-person rolling_range7; calendar windows where applicable,temporal_v3
v3__activity__state_code_5_longest_minutes__stv14,activity,physiology,activity__state_code_5_longest_minutes: within-person stv14; calendar windows where applicable,temporal_v3
v3__activity__state_code_5_longest_minutes__rolling_cv14,activity,physiology,activity__state_code_5_longest_minutes: within-person rolling_cv14; calendar windows where applicable,temporal_v3
v3__activity__state_code_5_longest_minutes__rolling_range14,activity,physiology,activity__state_code_5_longest_minutes: within-person rolling_range14; calendar windows where applicable,temporal_v3
v3__activity__state_code_5_longest_minutes__stv28,activity,physiology,activity__state_code_5_longest_minutes: within-person stv28; calendar windows where applicable,temporal_v3
v3__activity__state_code_5_longest_minutes__rolling_cv28,activity,physiology,activity__state_code_5_longest_minutes: within-person rolling_cv28; calendar windows where applicable,temporal_v3
v3__activity__state_code_5_longest_minutes__rolling_range28,activity,physiology,activity__state_code_5_longest_minutes: within-person rolling_range28; calendar windows where applicable,temporal_v3
v3__activity__state_entropy__mean,activity,physiology,activity__state_entropy: within-person mean; calendar windows where applicable,temporal_v3
v3__activity__state_entropy__std,activity,physiology,activity__state_entropy: within-person std; calendar windows where applicable,temporal_v3
v3__activity__state_entropy__median,activity,physiology,activity__state_entropy: within-person median; calendar windows where applicable,temporal_v3
v3__activity__state_entropy__trimmed_mean,activity,physiology,activity__state_entropy: within-person trimmed_mean; calendar windows where applicable,temporal_v3
v3__activity__state_entropy__mode,activity,physiology,activity__state_entropy: within-person mode; calendar windows where applicable,temporal_v3
v3__activity__state_entropy__minimum,activity,physiology,activity__state_entropy: within-person minimum; calendar windows where applicable,temporal_v3
v3__activity__state_entropy__maximum,activity,physiology,activity__state_entropy: within-person maximum; calendar windows where applicable,temporal_v3
v3__activity__state_entropy__range,activity,physiology,activity__state_entropy: within-person range; calendar windows where applicable,temporal_v3
v3__activity__state_entropy__mad,activity,physiology,activity__state_entropy: within-person mad; calendar windows where applicable,temporal_v3
v3__activity__state_entropy__cv,activity,physiology,activity__state_entropy: within-person cv; calendar windows where applicable,temporal_v3
v3__activity__state_entropy__skew,activity,physiology,activity__state_entropy: within-person skew; calendar windows where applicable,temporal_v3
v3__activity__state_entropy__kurtosis,activity,physiology,activity__state_entropy: within-person kurtosis; calendar windows where applicable,temporal_v3
v3__activity__state_entropy__q05,activity,physiology,activity__state_entropy: within-person q05; calendar windows where applicable,temporal_v3
v3__activity__state_entropy__q95,activity,physiology,activity__state_entropy: within-person q95; calendar windows where applicable,temporal_v3
v3__activity__state_entropy__rmssd,activity,physiology,activity__state_entropy: within-person rmssd; calendar windows where applicable,temporal_v3
v3__activity__state_entropy__moving_range,activity,physiology,activity__state_entropy: within-person moving_range; calendar windows where applicable,temporal_v3
v3__activity__state_entropy__lag1,activity,physiology,activity__state_entropy: within-person lag1; calendar windows where applicable,temporal_v3
v3__activity__state_entropy__trend,activity,physiology,activity__state_entropy: within-person trend; calendar windows where applicable,temporal_v3
v3__activity__state_entropy__bin_variance4,activity,physiology,activity__state_entropy: within-person bin_variance4; calendar windows where applicable,temporal_v3
v3__activity__state_entropy__bin_change4,activity,physiology,activity__state_entropy: within-person bin_change4; calendar windows where applicable,temporal_v3
v3__activity__state_entropy__stv7,activity,physiology,activity__state_entropy: within-person stv7; calendar windows where applicable,temporal_v3
v3__activity__state_entropy__rolling_cv7,activity,physiology,activity__state_entropy: within-person rolling_cv7; calendar windows where applicable,temporal_v3
v3__activity__state_entropy__rolling_range7,activity,physiology,activity__state_entropy: within-person rolling_range7; calendar windows where applicable,temporal_v3
v3__activity__state_entropy__stv14,activity,physiology,activity__state_entropy: within-person stv14; calendar windows where applicable,temporal_v3
v3__activity__state_entropy__rolling_cv14,activity,physiology,activity__state_entropy: within-person rolling_cv14; calendar windows where applicable,temporal_v3
v3__activity__state_entropy__rolling_range14,activity,physiology,activity__state_entropy: within-person rolling_range14; calendar windows where applicable,temporal_v3
v3__activity__state_entropy__stv28,activity,physiology,activity__state_entropy: within-person stv28; calendar windows where applicable,temporal_v3
v3__activity__state_entropy__rolling_cv28,activity,physiology,activity__state_entropy: within-person rolling_cv28; calendar windows where applicable,temporal_v3
v3__activity__state_entropy__rolling_range28,activity,physiology,activity__state_entropy: within-person rolling_range28; calendar windows where applicable,temporal_v3
v3__activity__state_transition_rate__mean,activity,physiology,activity__state_transition_rate: within-person mean; calendar windows where applicable,temporal_v3
v3__activity__state_transition_rate__std,activity,physiology,activity__state_transition_rate: within-person std; calendar windows where applicable,temporal_v3
v3__activity__state_transition_rate__median,activity,physiology,activity__state_transition_rate: within-person median; calendar windows where applicable,temporal_v3
v3__activity__state_transition_rate__trimmed_mean,activity,physiology,activity__state_transition_rate: within-person trimmed_mean; calendar windows where applicable,temporal_v3
v3__activity__state_transition_rate__mode,activity,physiology,activity__state_transition_rate: within-person mode; calendar windows where applicable,temporal_v3
v3__activity__state_transition_rate__minimum,activity,physiology,activity__state_transition_rate: within-person minimum; calendar windows where applicable,temporal_v3
v3__activity__state_transition_rate__maximum,activity,physiology,activity__state_transition_rate: within-person maximum; calendar windows where applicable,temporal_v3
v3__activity__state_transition_rate__range,activity,physiology,activity__state_transition_rate: within-person range; calendar windows where applicable,temporal_v3
v3__activity__state_transition_rate__mad,activity,physiology,activity__state_transition_rate: within-person mad; calendar windows where applicable,temporal_v3
v3__activity__state_transition_rate__cv,activity,physiology,activity__state_transition_rate: within-person cv; calendar windows where applicable,temporal_v3
v3__activity__state_transition_rate__skew,activity,physiology,activity__state_transition_rate: within-person skew; calendar windows where applicable,temporal_v3
v3__activity__state_transition_rate__kurtosis,activity,physiology,activity__state_transition_rate: within-person kurtosis; calendar windows where applicable,temporal_v3
v3__activity__state_transition_rate__q05,activity,physiology,activity__state_transition_rate: within-person q05; calendar windows where applicable,temporal_v3
v3__activity__state_transition_rate__q95,activity,physiology,activity__state_transition_rate: within-person q95; calendar windows where applicable,temporal_v3
v3__activity__state_transition_rate__rmssd,activity,physiology,activity__state_transition_rate: within-person rmssd; calendar windows where applicable,temporal_v3
v3__activity__state_transition_rate__moving_range,activity,physiology,activity__state_transition_rate: within-person moving_range; calendar windows where applicable,temporal_v3
v3__activity__state_transition_rate__lag1,activity,physiology,activity__state_transition_rate: within-person lag1; calendar windows where applicable,temporal_v3
v3__activity__state_transition_rate__trend,activity,physiology,activity__state_transition_rate: within-person trend; calendar windows where applicable,temporal_v3
v3__activity__state_transition_rate__bin_variance4,activity,physiology,activity__state_transition_rate: within-person bin_variance4; calendar windows where applicable,temporal_v3
v3__activity__state_transition_rate__bin_change4,activity,physiology,activity__state_transition_rate: within-person bin_change4; calendar windows where applicable,temporal_v3
v3__activity__state_transition_rate__stv7,activity,physiology,activity__state_transition_rate: within-person stv7; calendar windows where applicable,temporal_v3
v3__activity__state_transition_rate__rolling_cv7,activity,physiology,activity__state_transition_rate: within-person rolling_cv7; calendar windows where applicable,temporal_v3
v3__activity__state_transition_rate__rolling_range7,activity,physiology,activity__state_transition_rate: within-person rolling_range7; calendar windows where applicable,temporal_v3
v3__activity__state_transition_rate__stv14,activity,physiology,activity__state_transition_rate: within-person stv14; calendar windows where applicable,temporal_v3
v3__activity__state_transition_rate__rolling_cv14,activity,physiology,activity__state_transition_rate: within-person rolling_cv14; calendar windows where applicable,temporal_v3
v3__activity__state_transition_rate__rolling_range14,activity,physiology,activity__state_transition_rate: within-person rolling_range14; calendar windows where applicable,temporal_v3
v3__activity__state_transition_rate__stv28,activity,physiology,activity__state_transition_rate: within-person stv28; calendar windows where applicable,temporal_v3
v3__activity__state_transition_rate__rolling_cv28,activity,physiology,activity__state_transition_rate: within-person rolling_cv28; calendar windows where applicable,temporal_v3
v3__activity__state_transition_rate__rolling_range28,activity,physiology,activity__state_transition_rate: within-person rolling_range28; calendar windows where applicable,temporal_v3
v3__activity__met_mean__mean,activity,physiology,activity__met_mean: within-person mean; calendar windows where applicable,temporal_v3
v3__activity__met_mean__std,activity,physiology,activity__met_mean: within-person std; calendar windows where applicable,temporal_v3
v3__activity__met_mean__median,activity,physiology,activity__met_mean: within-person median; calendar windows where applicable,temporal_v3
v3__activity__met_mean__trimmed_mean,activity,physiology,activity__met_mean: within-person trimmed_mean; calendar windows where applicable,temporal_v3
v3__activity__met_mean__mode,activity,physiology,activity__met_mean: within-person mode; calendar windows where applicable,temporal_v3
v3__activity__met_mean__minimum,activity,physiology,activity__met_mean: within-person minimum; calendar windows where applicable,temporal_v3
v3__activity__met_mean__maximum,activity,physiology,activity__met_mean: within-person maximum; calendar windows where applicable,temporal_v3
v3__activity__met_mean__range,activity,physiology,activity__met_mean: within-person range; calendar windows where applicable,temporal_v3
v3__activity__met_mean__mad,activity,physiology,activity__met_mean: within-person mad; calendar windows where applicable,temporal_v3
v3__activity__met_mean__cv,activity,physiology,activity__met_mean: within-person cv; calendar windows where applicable,temporal_v3
v3__activity__met_mean__skew,activity,physiology,activity__met_mean: within-person skew; calendar windows where applicable,temporal_v3
v3__activity__met_mean__kurtosis,activity,physiology,activity__met_mean: within-person kurtosis; calendar windows where applicable,temporal_v3
v3__activity__met_mean__q05,activity,physiology,activity__met_mean: within-person q05; calendar windows where applicable,temporal_v3
v3__activity__met_mean__q95,activity,physiology,activity__met_mean: within-person q95; calendar windows where applicable,temporal_v3
v3__activity__met_mean__rmssd,activity,physiology,activity__met_mean: within-person rmssd; calendar windows where applicable,temporal_v3
v3__activity__met_mean__moving_range,activity,physiology,activity__met_mean: within-person moving_range; calendar windows where applicable,temporal_v3
v3__activity__met_mean__lag1,activity,physiology,activity__met_mean: within-person lag1; calendar windows where applicable,temporal_v3
v3__activity__met_mean__trend,activity,physiology,activity__met_mean: within-person trend; calendar windows where applicable,temporal_v3
v3__activity__met_mean__bin_variance4,activity,physiology,activity__met_mean: within-person bin_variance4; calendar windows where applicable,temporal_v3
v3__activity__met_mean__bin_change4,activity,physiology,activity__met_mean: within-person bin_change4; calendar windows where applicable,temporal_v3
v3__activity__met_mean__stv7,activity,physiology,activity__met_mean: within-person stv7; calendar windows where applicable,temporal_v3
v3__activity__met_mean__rolling_cv7,activity,physiology,activity__met_mean: within-person rolling_cv7; calendar windows where applicable,temporal_v3
v3__activity__met_mean__rolling_range7,activity,physiology,activity__met_mean: within-person rolling_range7; calendar windows where applicable,temporal_v3
v3__activity__met_mean__stv14,activity,physiology,activity__met_mean: within-person stv14; calendar windows where applicable,temporal_v3
v3__activity__met_mean__rolling_cv14,activity,physiology,activity__met_mean: within-person rolling_cv14; calendar windows where applicable,temporal_v3
v3__activity__met_mean__rolling_range14,activity,physiology,activity__met_mean: within-person rolling_range14; calendar windows where applicable,temporal_v3
v3__activity__met_mean__stv28,activity,physiology,activity__met_mean: within-person stv28; calendar windows where applicable,temporal_v3
v3__activity__met_mean__rolling_cv28,activity,physiology,activity__met_mean: within-person rolling_cv28; calendar windows where applicable,temporal_v3
v3__activity__met_mean__rolling_range28,activity,physiology,activity__met_mean: within-person rolling_range28; calendar windows where applicable,temporal_v3
v3__activity__met_std__mean,activity,physiology,activity__met_std: within-person mean; calendar windows where applicable,temporal_v3
v3__activity__met_std__std,activity,physiology,activity__met_std: within-person std; calendar windows where applicable,temporal_v3
v3__activity__met_std__median,activity,physiology,activity__met_std: within-person median; calendar windows where applicable,temporal_v3
v3__activity__met_std__trimmed_mean,activity,physiology,activity__met_std: within-person trimmed_mean; calendar windows where applicable,temporal_v3
v3__activity__met_std__mode,activity,physiology,activity__met_std: within-person mode; calendar windows where applicable,temporal_v3
v3__activity__met_std__minimum,activity,physiology,activity__met_std: within-person minimum; calendar windows where applicable,temporal_v3
v3__activity__met_std__maximum,activity,physiology,activity__met_std: within-person maximum; calendar windows where applicable,temporal_v3
v3__activity__met_std__range,activity,physiology,activity__met_std: within-person range; calendar windows where applicable,temporal_v3
v3__activity__met_std__mad,activity,physiology,activity__met_std: within-person mad; calendar windows where applicable,temporal_v3
v3__activity__met_std__cv,activity,physiology,activity__met_std: within-person cv; calendar windows where applicable,temporal_v3
v3__activity__met_std__skew,activity,physiology,activity__met_std: within-person skew; calendar windows where applicable,temporal_v3
v3__activity__met_std__kurtosis,activity,physiology,activity__met_std: within-person kurtosis; calendar windows where applicable,temporal_v3
v3__activity__met_std__q05,activity,physiology,activity__met_std: within-person q05; calendar windows where applicable,temporal_v3
v3__activity__met_std__q95,activity,physiology,activity__met_std: within-person q95; calendar windows where applicable,temporal_v3
v3__activity__met_std__rmssd,activity,physiology,activity__met_std: within-person rmssd; calendar windows where applicable,temporal_v3
v3__activity__met_std__moving_range,activity,physiology,activity__met_std: within-person moving_range; calendar windows where applicable,temporal_v3
v3__activity__met_std__lag1,activity,physiology,activity__met_std: within-person lag1; calendar windows where applicable,temporal_v3
v3__activity__met_std__trend,activity,physiology,activity__met_std: within-person trend; calendar windows where applicable,temporal_v3
v3__activity__met_std__bin_variance4,activity,physiology,activity__met_std: within-person bin_variance4; calendar windows where applicable,temporal_v3
v3__activity__met_std__bin_change4,activity,physiology,activity__met_std: within-person bin_change4; calendar windows where applicable,temporal_v3
v3__activity__met_std__stv7,activity,physiology,activity__met_std: within-person stv7; calendar windows where applicable,temporal_v3
v3__activity__met_std__rolling_cv7,activity,physiology,activity__met_std: within-person rolling_cv7; calendar windows where applicable,temporal_v3
v3__activity__met_std__rolling_range7,activity,physiology,activity__met_std: within-person rolling_range7; calendar windows where applicable,temporal_v3
v3__activity__met_std__stv14,activity,physiology,activity__met_std: within-person stv14; calendar windows where applicable,temporal_v3
v3__activity__met_std__rolling_cv14,activity,physiology,activity__met_std: within-person rolling_cv14; calendar windows where applicable,temporal_v3
v3__activity__met_std__rolling_range14,activity,physiology,activity__met_std: within-person rolling_range14; calendar windows where applicable,temporal_v3
v3__activity__met_std__stv28,activity,physiology,activity__met_std: within-person stv28; calendar windows where applicable,temporal_v3
v3__activity__met_std__rolling_cv28,activity,physiology,activity__met_std: within-person rolling_cv28; calendar windows where applicable,temporal_v3
v3__activity__met_std__rolling_range28,activity,physiology,activity__met_std: within-person rolling_range28; calendar windows where applicable,temporal_v3
v3__activity__met_p10__mean,activity,physiology,activity__met_p10: within-person mean; calendar windows where applicable,temporal_v3
v3__activity__met_p10__std,activity,physiology,activity__met_p10: within-person std; calendar windows where applicable,temporal_v3
v3__activity__met_p10__median,activity,physiology,activity__met_p10: within-person median; calendar windows where applicable,temporal_v3
v3__activity__met_p10__trimmed_mean,activity,physiology,activity__met_p10: within-person trimmed_mean; calendar windows where applicable,temporal_v3
v3__activity__met_p10__mode,activity,physiology,activity__met_p10: within-person mode; calendar windows where applicable,temporal_v3
v3__activity__met_p10__minimum,activity,physiology,activity__met_p10: within-person minimum; calendar windows where applicable,temporal_v3
v3__activity__met_p10__maximum,activity,physiology,activity__met_p10: within-person maximum; calendar windows where applicable,temporal_v3
v3__activity__met_p10__range,activity,physiology,activity__met_p10: within-person range; calendar windows where applicable,temporal_v3
v3__activity__met_p10__mad,activity,physiology,activity__met_p10: within-person mad; calendar windows where applicable,temporal_v3
v3__activity__met_p10__cv,activity,physiology,activity__met_p10: within-person cv; calendar windows where applicable,temporal_v3
v3__activity__met_p10__skew,activity,physiology,activity__met_p10: within-person skew; calendar windows where applicable,temporal_v3
v3__activity__met_p10__kurtosis,activity,physiology,activity__met_p10: within-person kurtosis; calendar windows where applicable,temporal_v3
v3__activity__met_p10__q05,activity,physiology,activity__met_p10: within-person q05; calendar windows where applicable,temporal_v3
v3__activity__met_p10__q95,activity,physiology,activity__met_p10: within-person q95; calendar windows where applicable,temporal_v3
v3__activity__met_p10__rmssd,activity,physiology,activity__met_p10: within-person rmssd; calendar windows where applicable,temporal_v3
v3__activity__met_p10__moving_range,activity,physiology,activity__met_p10: within-person moving_range; calendar windows where applicable,temporal_v3
v3__activity__met_p10__lag1,activity,physiology,activity__met_p10: within-person lag1; calendar windows where applicable,temporal_v3
v3__activity__met_p10__trend,activity,physiology,activity__met_p10: within-person trend; calendar windows where applicable,temporal_v3
v3__activity__met_p10__bin_variance4,activity,physiology,activity__met_p10: within-person bin_variance4; calendar windows where applicable,temporal_v3
v3__activity__met_p10__bin_change4,activity,physiology,activity__met_p10: within-person bin_change4; calendar windows where applicable,temporal_v3
v3__activity__met_p10__stv7,activity,physiology,activity__met_p10: within-person stv7; calendar windows where applicable,temporal_v3
v3__activity__met_p10__rolling_cv7,activity,physiology,activity__met_p10: within-person rolling_cv7; calendar windows where applicable,temporal_v3
v3__activity__met_p10__rolling_range7,activity,physiology,activity__met_p10: within-person rolling_range7; calendar windows where applicable,temporal_v3
v3__activity__met_p10__stv14,activity,physiology,activity__met_p10: within-person stv14; calendar windows where applicable,temporal_v3
v3__activity__met_p10__rolling_cv14,activity,physiology,activity__met_p10: within-person rolling_cv14; calendar windows where applicable,temporal_v3
v3__activity__met_p10__rolling_range14,activity,physiology,activity__met_p10: within-person rolling_range14; calendar windows where applicable,temporal_v3
v3__activity__met_p10__stv28,activity,physiology,activity__met_p10: within-person stv28; calendar windows where applicable,temporal_v3
v3__activity__met_p10__rolling_cv28,activity,physiology,activity__met_p10: within-person rolling_cv28; calendar windows where applicable,temporal_v3
v3__activity__met_p10__rolling_range28,activity,physiology,activity__met_p10: within-person rolling_range28; calendar windows where applicable,temporal_v3
v3__activity__met_p90__mean,activity,physiology,activity__met_p90: within-person mean; calendar windows where applicable,temporal_v3
v3__activity__met_p90__std,activity,physiology,activity__met_p90: within-person std; calendar windows where applicable,temporal_v3
v3__activity__met_p90__median,activity,physiology,activity__met_p90: within-person median; calendar windows where applicable,temporal_v3
v3__activity__met_p90__trimmed_mean,activity,physiology,activity__met_p90: within-person trimmed_mean; calendar windows where applicable,temporal_v3
v3__activity__met_p90__mode,activity,physiology,activity__met_p90: within-person mode; calendar windows where applicable,temporal_v3
v3__activity__met_p90__minimum,activity,physiology,activity__met_p90: within-person minimum; calendar windows where applicable,temporal_v3
v3__activity__met_p90__maximum,activity,physiology,activity__met_p90: within-person maximum; calendar windows where applicable,temporal_v3
v3__activity__met_p90__range,activity,physiology,activity__met_p90: within-person range; calendar windows where applicable,temporal_v3
v3__activity__met_p90__mad,activity,physiology,activity__met_p90: within-person mad; calendar windows where applicable,temporal_v3
v3__activity__met_p90__cv,activity,physiology,activity__met_p90: within-person cv; calendar windows where applicable,temporal_v3
v3__activity__met_p90__skew,activity,physiology,activity__met_p90: within-person skew; calendar windows where applicable,temporal_v3
v3__activity__met_p90__kurtosis,activity,physiology,activity__met_p90: within-person kurtosis; calendar windows where applicable,temporal_v3
v3__activity__met_p90__q05,activity,physiology,activity__met_p90: within-person q05; calendar windows where applicable,temporal_v3
v3__activity__met_p90__q95,activity,physiology,activity__met_p90: within-person q95; calendar windows where applicable,temporal_v3
v3__activity__met_p90__rmssd,activity,physiology,activity__met_p90: within-person rmssd; calendar windows where applicable,temporal_v3
v3__activity__met_p90__moving_range,activity,physiology,activity__met_p90: within-person moving_range; calendar windows where applicable,temporal_v3
v3__activity__met_p90__lag1,activity,physiology,activity__met_p90: within-person lag1; calendar windows where applicable,temporal_v3
v3__activity__met_p90__trend,activity,physiology,activity__met_p90: within-person trend; calendar windows where applicable,temporal_v3
v3__activity__met_p90__bin_variance4,activity,physiology,activity__met_p90: within-person bin_variance4; calendar windows where applicable,temporal_v3
v3__activity__met_p90__bin_change4,activity,physiology,activity__met_p90: within-person bin_change4; calendar windows where applicable,temporal_v3
v3__activity__met_p90__stv7,activity,physiology,activity__met_p90: within-person stv7; calendar windows where applicable,temporal_v3
v3__activity__met_p90__rolling_cv7,activity,physiology,activity__met_p90: within-person rolling_cv7; calendar windows where applicable,temporal_v3
v3__activity__met_p90__rolling_range7,activity,physiology,activity__met_p90: within-person rolling_range7; calendar windows where applicable,temporal_v3
v3__activity__met_p90__stv14,activity,physiology,activity__met_p90: within-person stv14; calendar windows where applicable,temporal_v3
v3__activity__met_p90__rolling_cv14,activity,physiology,activity__met_p90: within-person rolling_cv14; calendar windows where applicable,temporal_v3
v3__activity__met_p90__rolling_range14,activity,physiology,activity__met_p90: within-person rolling_range14; calendar windows where applicable,temporal_v3
v3__activity__met_p90__stv28,activity,physiology,activity__met_p90: within-person stv28; calendar windows where applicable,temporal_v3
v3__activity__met_p90__rolling_cv28,activity,physiology,activity__met_p90: within-person rolling_cv28; calendar windows where applicable,temporal_v3
v3__activity__met_p90__rolling_range28,activity,physiology,activity__met_p90: within-person rolling_range28; calendar windows where applicable,temporal_v3
v3__activity__met_rmssd_adjacent__mean,activity,physiology,activity__met_rmssd_adjacent: within-person mean; calendar windows where applicable,temporal_v3
v3__activity__met_rmssd_adjacent__std,activity,physiology,activity__met_rmssd_adjacent: within-person std; calendar windows where applicable,temporal_v3
v3__activity__met_rmssd_adjacent__median,activity,physiology,activity__met_rmssd_adjacent: within-person median; calendar windows where applicable,temporal_v3
v3__activity__met_rmssd_adjacent__trimmed_mean,activity,physiology,activity__met_rmssd_adjacent: within-person trimmed_mean; calendar windows where applicable,temporal_v3
v3__activity__met_rmssd_adjacent__mode,activity,physiology,activity__met_rmssd_adjacent: within-person mode; calendar windows where applicable,temporal_v3
v3__activity__met_rmssd_adjacent__minimum,activity,physiology,activity__met_rmssd_adjacent: within-person minimum; calendar windows where applicable,temporal_v3
v3__activity__met_rmssd_adjacent__maximum,activity,physiology,activity__met_rmssd_adjacent: within-person maximum; calendar windows where applicable,temporal_v3
v3__activity__met_rmssd_adjacent__range,activity,physiology,activity__met_rmssd_adjacent: within-person range; calendar windows where applicable,temporal_v3
v3__activity__met_rmssd_adjacent__mad,activity,physiology,activity__met_rmssd_adjacent: within-person mad; calendar windows where applicable,temporal_v3
v3__activity__met_rmssd_adjacent__cv,activity,physiology,activity__met_rmssd_adjacent: within-person cv; calendar windows where applicable,temporal_v3
v3__activity__met_rmssd_adjacent__skew,activity,physiology,activity__met_rmssd_adjacent: within-person skew; calendar windows where applicable,temporal_v3
v3__activity__met_rmssd_adjacent__kurtosis,activity,physiology,activity__met_rmssd_adjacent: within-person kurtosis; calendar windows where applicable,temporal_v3
v3__activity__met_rmssd_adjacent__q05,activity,physiology,activity__met_rmssd_adjacent: within-person q05; calendar windows where applicable,temporal_v3
v3__activity__met_rmssd_adjacent__q95,activity,physiology,activity__met_rmssd_adjacent: within-person q95; calendar windows where applicable,temporal_v3
v3__activity__met_rmssd_adjacent__rmssd,activity,physiology,activity__met_rmssd_adjacent: within-person rmssd; calendar windows where applicable,temporal_v3
v3__activity__met_rmssd_adjacent__moving_range,activity,physiology,activity__met_rmssd_adjacent: within-person moving_range; calendar windows where applicable,temporal_v3
v3__activity__met_rmssd_adjacent__lag1,activity,physiology,activity__met_rmssd_adjacent: within-person lag1; calendar windows where applicable,temporal_v3
v3__activity__met_rmssd_adjacent__trend,activity,physiology,activity__met_rmssd_adjacent: within-person trend; calendar windows where applicable,temporal_v3
v3__activity__met_rmssd_adjacent__bin_variance4,activity,physiology,activity__met_rmssd_adjacent: within-person bin_variance4; calendar windows where applicable,temporal_v3
v3__activity__met_rmssd_adjacent__bin_change4,activity,physiology,activity__met_rmssd_adjacent: within-person bin_change4; calendar windows where applicable,temporal_v3
v3__activity__met_rmssd_adjacent__stv7,activity,physiology,activity__met_rmssd_adjacent: within-person stv7; calendar windows where applicable,temporal_v3
v3__activity__met_rmssd_adjacent__rolling_cv7,activity,physiology,activity__met_rmssd_adjacent: within-person rolling_cv7; calendar windows where applicable,temporal_v3
v3__activity__met_rmssd_adjacent__rolling_range7,activity,physiology,activity__met_rmssd_adjacent: within-person rolling_range7; calendar windows where applicable,temporal_v3
v3__activity__met_rmssd_adjacent__stv14,activity,physiology,activity__met_rmssd_adjacent: within-person stv14; calendar windows where applicable,temporal_v3
v3__activity__met_rmssd_adjacent__rolling_cv14,activity,physiology,activity__met_rmssd_adjacent: within-person rolling_cv14; calendar windows where applicable,temporal_v3
v3__activity__met_rmssd_adjacent__rolling_range14,activity,physiology,activity__met_rmssd_adjacent: within-person rolling_range14; calendar windows where applicable,temporal_v3
v3__activity__met_rmssd_adjacent__stv28,activity,physiology,activity__met_rmssd_adjacent: within-person stv28; calendar windows where applicable,temporal_v3
v3__activity__met_rmssd_adjacent__rolling_cv28,activity,physiology,activity__met_rmssd_adjacent: within-person rolling_cv28; calendar windows where applicable,temporal_v3
v3__activity__met_rmssd_adjacent__rolling_range28,activity,physiology,activity__met_rmssd_adjacent: within-person rolling_range28; calendar windows where applicable,temporal_v3
v3__activity__met_lag1__mean,activity,physiology,activity__met_lag1: within-person mean; calendar windows where applicable,temporal_v3
v3__activity__met_lag1__std,activity,physiology,activity__met_lag1: within-person std; calendar windows where applicable,temporal_v3
v3__activity__met_lag1__median,activity,physiology,activity__met_lag1: within-person median; calendar windows where applicable,temporal_v3
v3__activity__met_lag1__trimmed_mean,activity,physiology,activity__met_lag1: within-person trimmed_mean; calendar windows where applicable,temporal_v3
v3__activity__met_lag1__mode,activity,physiology,activity__met_lag1: within-person mode; calendar windows where applicable,temporal_v3
v3__activity__met_lag1__minimum,activity,physiology,activity__met_lag1: within-person minimum; calendar windows where applicable,temporal_v3
v3__activity__met_lag1__maximum,activity,physiology,activity__met_lag1: within-person maximum; calendar windows where applicable,temporal_v3
v3__activity__met_lag1__range,activity,physiology,activity__met_lag1: within-person range; calendar windows where applicable,temporal_v3
v3__activity__met_lag1__mad,activity,physiology,activity__met_lag1: within-person mad; calendar windows where applicable,temporal_v3
v3__activity__met_lag1__cv,activity,physiology,activity__met_lag1: within-person cv; calendar windows where applicable,temporal_v3
v3__activity__met_lag1__skew,activity,physiology,activity__met_lag1: within-person skew; calendar windows where applicable,temporal_v3
v3__activity__met_lag1__kurtosis,activity,physiology,activity__met_lag1: within-person kurtosis; calendar windows where applicable,temporal_v3
v3__activity__met_lag1__q05,activity,physiology,activity__met_lag1: within-person q05; calendar windows where applicable,temporal_v3
v3__activity__met_lag1__q95,activity,physiology,activity__met_lag1: within-person q95; calendar windows where applicable,temporal_v3
v3__activity__met_lag1__rmssd,activity,physiology,activity__met_lag1: within-person rmssd; calendar windows where applicable,temporal_v3
v3__activity__met_lag1__moving_range,activity,physiology,activity__met_lag1: within-person moving_range; calendar windows where applicable,temporal_v3
v3__activity__met_lag1__lag1,activity,physiology,activity__met_lag1: within-person lag1; calendar windows where applicable,temporal_v3
v3__activity__met_lag1__trend,activity,physiology,activity__met_lag1: within-person trend; calendar windows where applicable,temporal_v3
v3__activity__met_lag1__bin_variance4,activity,physiology,activity__met_lag1: within-person bin_variance4; calendar windows where applicable,temporal_v3
v3__activity__met_lag1__bin_change4,activity,physiology,activity__met_lag1: within-person bin_change4; calendar windows where applicable,temporal_v3
v3__activity__met_lag1__stv7,activity,physiology,activity__met_lag1: within-person stv7; calendar windows where applicable,temporal_v3
v3__activity__met_lag1__rolling_cv7,activity,physiology,activity__met_lag1: within-person rolling_cv7; calendar windows where applicable,temporal_v3
v3__activity__met_lag1__rolling_range7,activity,physiology,activity__met_lag1: within-person rolling_range7; calendar windows where applicable,temporal_v3
v3__activity__met_lag1__stv14,activity,physiology,activity__met_lag1: within-person stv14; calendar windows where applicable,temporal_v3
v3__activity__met_lag1__rolling_cv14,activity,physiology,activity__met_lag1: within-person rolling_cv14; calendar windows where applicable,temporal_v3
v3__activity__met_lag1__rolling_range14,activity,physiology,activity__met_lag1: within-person rolling_range14; calendar windows where applicable,temporal_v3
v3__activity__met_lag1__stv28,activity,physiology,activity__met_lag1: within-person stv28; calendar windows where applicable,temporal_v3
v3__activity__met_lag1__rolling_cv28,activity,physiology,activity__met_lag1: within-person rolling_cv28; calendar windows where applicable,temporal_v3
v3__activity__met_lag1__rolling_range28,activity,physiology,activity__met_lag1: within-person rolling_range28; calendar windows where applicable,temporal_v3
v3__activity__met_last_first_third__mean,activity,physiology,activity__met_last_first_third: within-person mean; calendar windows where applicable,temporal_v3
v3__activity__met_last_first_third__std,activity,physiology,activity__met_last_first_third: within-person std; calendar windows where applicable,temporal_v3
v3__activity__met_last_first_third__median,activity,physiology,activity__met_last_first_third: within-person median; calendar windows where applicable,temporal_v3
v3__activity__met_last_first_third__trimmed_mean,activity,physiology,activity__met_last_first_third: within-person trimmed_mean; calendar windows where applicable,temporal_v3
v3__activity__met_last_first_third__mode,activity,physiology,activity__met_last_first_third: within-person mode; calendar windows where applicable,temporal_v3
v3__activity__met_last_first_third__minimum,activity,physiology,activity__met_last_first_third: within-person minimum; calendar windows where applicable,temporal_v3
v3__activity__met_last_first_third__maximum,activity,physiology,activity__met_last_first_third: within-person maximum; calendar windows where applicable,temporal_v3
v3__activity__met_last_first_third__range,activity,physiology,activity__met_last_first_third: within-person range; calendar windows where applicable,temporal_v3
v3__activity__met_last_first_third__mad,activity,physiology,activity__met_last_first_third: within-person mad; calendar windows where applicable,temporal_v3
v3__activity__met_last_first_third__cv,activity,physiology,activity__met_last_first_third: within-person cv; calendar windows where applicable,temporal_v3
v3__activity__met_last_first_third__skew,activity,physiology,activity__met_last_first_third: within-person skew; calendar windows where applicable,temporal_v3
v3__activity__met_last_first_third__kurtosis,activity,physiology,activity__met_last_first_third: within-person kurtosis; calendar windows where applicable,temporal_v3
v3__activity__met_last_first_third__q05,activity,physiology,activity__met_last_first_third: within-person q05; calendar windows where applicable,temporal_v3
v3__activity__met_last_first_third__q95,activity,physiology,activity__met_last_first_third: within-person q95; calendar windows where applicable,temporal_v3
v3__activity__met_last_first_third__rmssd,activity,physiology,activity__met_last_first_third: within-person rmssd; calendar windows where applicable,temporal_v3
v3__activity__met_last_first_third__moving_range,activity,physiology,activity__met_last_first_third: within-person moving_range; calendar windows where applicable,temporal_v3
v3__activity__met_last_first_third__lag1,activity,physiology,activity__met_last_first_third: within-person lag1; calendar windows where applicable,temporal_v3
v3__activity__met_last_first_third__trend,activity,physiology,activity__met_last_first_third: within-person trend; calendar windows where applicable,temporal_v3
v3__activity__met_last_first_third__bin_variance4,activity,physiology,activity__met_last_first_third: within-person bin_variance4; calendar windows where applicable,temporal_v3
v3__activity__met_last_first_third__bin_change4,activity,physiology,activity__met_last_first_third: within-person bin_change4; calendar windows where applicable,temporal_v3
v3__activity__met_last_first_third__stv7,activity,physiology,activity__met_last_first_third: within-person stv7; calendar windows where applicable,temporal_v3
v3__activity__met_last_first_third__rolling_cv7,activity,physiology,activity__met_last_first_third: within-person rolling_cv7; calendar windows where applicable,temporal_v3
v3__activity__met_last_first_third__rolling_range7,activity,physiology,activity__met_last_first_third: within-person rolling_range7; calendar windows where applicable,temporal_v3
v3__activity__met_last_first_third__stv14,activity,physiology,activity__met_last_first_third: within-person stv14; calendar windows where applicable,temporal_v3
v3__activity__met_last_first_third__rolling_cv14,activity,physiology,activity__met_last_first_third: within-person rolling_cv14; calendar windows where applicable,temporal_v3
v3__activity__met_last_first_third__rolling_range14,activity,physiology,activity__met_last_first_third: within-person rolling_range14; calendar windows where applicable,temporal_v3
v3__activity__met_last_first_third__stv28,activity,physiology,activity__met_last_first_third: within-person stv28; calendar windows where applicable,temporal_v3
v3__activity__met_last_first_third__rolling_cv28,activity,physiology,activity__met_last_first_third: within-person rolling_cv28; calendar windows where applicable,temporal_v3
v3__activity__met_last_first_third__rolling_range28,activity,physiology,activity__met_last_first_third: within-person rolling_range28; calendar windows where applicable,temporal_v3
v3__activity__met_cosinor_amplitude__mean,activity,physiology,activity__met_cosinor_amplitude: within-person mean; calendar windows where applicable,temporal_v3
v3__activity__met_cosinor_amplitude__std,activity,physiology,activity__met_cosinor_amplitude: within-person std; calendar windows where applicable,temporal_v3
v3__activity__met_cosinor_amplitude__median,activity,physiology,activity__met_cosinor_amplitude: within-person median; calendar windows where applicable,temporal_v3
v3__activity__met_cosinor_amplitude__trimmed_mean,activity,physiology,activity__met_cosinor_amplitude: within-person trimmed_mean; calendar windows where applicable,temporal_v3
v3__activity__met_cosinor_amplitude__mode,activity,physiology,activity__met_cosinor_amplitude: within-person mode; calendar windows where applicable,temporal_v3
v3__activity__met_cosinor_amplitude__minimum,activity,physiology,activity__met_cosinor_amplitude: within-person minimum; calendar windows where applicable,temporal_v3
v3__activity__met_cosinor_amplitude__maximum,activity,physiology,activity__met_cosinor_amplitude: within-person maximum; calendar windows where applicable,temporal_v3
v3__activity__met_cosinor_amplitude__range,activity,physiology,activity__met_cosinor_amplitude: within-person range; calendar windows where applicable,temporal_v3
v3__activity__met_cosinor_amplitude__mad,activity,physiology,activity__met_cosinor_amplitude: within-person mad; calendar windows where applicable,temporal_v3
v3__activity__met_cosinor_amplitude__cv,activity,physiology,activity__met_cosinor_amplitude: within-person cv; calendar windows where applicable,temporal_v3
v3__activity__met_cosinor_amplitude__skew,activity,physiology,activity__met_cosinor_amplitude: within-person skew; calendar windows where applicable,temporal_v3
v3__activity__met_cosinor_amplitude__kurtosis,activity,physiology,activity__met_cosinor_amplitude: within-person kurtosis; calendar windows where applicable,temporal_v3
v3__activity__met_cosinor_amplitude__q05,activity,physiology,activity__met_cosinor_amplitude: within-person q05; calendar windows where applicable,temporal_v3
v3__activity__met_cosinor_amplitude__q95,activity,physiology,activity__met_cosinor_amplitude: within-person q95; calendar windows where applicable,temporal_v3
v3__activity__met_cosinor_amplitude__rmssd,activity,physiology,activity__met_cosinor_amplitude: within-person rmssd; calendar windows where applicable,temporal_v3
v3__activity__met_cosinor_amplitude__moving_range,activity,physiology,activity__met_cosinor_amplitude: within-person moving_range; calendar windows where applicable,temporal_v3
v3__activity__met_cosinor_amplitude__lag1,activity,physiology,activity__met_cosinor_amplitude: within-person lag1; calendar windows where applicable,temporal_v3
v3__activity__met_cosinor_amplitude__trend,activity,physiology,activity__met_cosinor_amplitude: within-person trend; calendar windows where applicable,temporal_v3
v3__activity__met_cosinor_amplitude__bin_variance4,activity,physiology,activity__met_cosinor_amplitude: within-person bin_variance4; calendar windows where applicable,temporal_v3
v3__activity__met_cosinor_amplitude__bin_change4,activity,physiology,activity__met_cosinor_amplitude: within-person bin_change4; calendar windows where applicable,temporal_v3
v3__activity__met_cosinor_amplitude__stv7,activity,physiology,activity__met_cosinor_amplitude: within-person stv7; calendar windows where applicable,temporal_v3
v3__activity__met_cosinor_amplitude__rolling_cv7,activity,physiology,activity__met_cosinor_amplitude: within-person rolling_cv7; calendar windows where applicable,temporal_v3
v3__activity__met_cosinor_amplitude__rolling_range7,activity,physiology,activity__met_cosinor_amplitude: within-person rolling_range7; calendar windows where applicable,temporal_v3
v3__activity__met_cosinor_amplitude__stv14,activity,physiology,activity__met_cosinor_amplitude: within-person stv14; calendar windows where applicable,temporal_v3
v3__activity__met_cosinor_amplitude__rolling_cv14,activity,physiology,activity__met_cosinor_amplitude: within-person rolling_cv14; calendar windows where applicable,temporal_v3
v3__activity__met_cosinor_amplitude__rolling_range14,activity,physiology,activity__met_cosinor_amplitude: within-person rolling_range14; calendar windows where applicable,temporal_v3
v3__activity__met_cosinor_amplitude__stv28,activity,physiology,activity__met_cosinor_amplitude: within-person stv28; calendar windows where applicable,temporal_v3
v3__activity__met_cosinor_amplitude__rolling_cv28,activity,physiology,activity__met_cosinor_amplitude: within-person rolling_cv28; calendar windows where applicable,temporal_v3
v3__activity__met_cosinor_amplitude__rolling_range28,activity,physiology,activity__met_cosinor_amplitude: within-person rolling_range28; calendar windows where applicable,temporal_v3
v3__activity__met_cosinor_relative_amplitude__mean,activity,physiology,activity__met_cosinor_relative_amplitude: within-person mean; calendar windows where applicable,temporal_v3
v3__activity__met_cosinor_relative_amplitude__std,activity,physiology,activity__met_cosinor_relative_amplitude: within-person std; calendar windows where applicable,temporal_v3
v3__activity__met_cosinor_relative_amplitude__median,activity,physiology,activity__met_cosinor_relative_amplitude: within-person median; calendar windows where applicable,temporal_v3
v3__activity__met_cosinor_relative_amplitude__trimmed_mean,activity,physiology,activity__met_cosinor_relative_amplitude: within-person trimmed_mean; calendar windows where applicable,temporal_v3
v3__activity__met_cosinor_relative_amplitude__mode,activity,physiology,activity__met_cosinor_relative_amplitude: within-person mode; calendar windows where applicable,temporal_v3
v3__activity__met_cosinor_relative_amplitude__minimum,activity,physiology,activity__met_cosinor_relative_amplitude: within-person minimum; calendar windows where applicable,temporal_v3
v3__activity__met_cosinor_relative_amplitude__maximum,activity,physiology,activity__met_cosinor_relative_amplitude: within-person maximum; calendar windows where applicable,temporal_v3
v3__activity__met_cosinor_relative_amplitude__range,activity,physiology,activity__met_cosinor_relative_amplitude: within-person range; calendar windows where applicable,temporal_v3
v3__activity__met_cosinor_relative_amplitude__mad,activity,physiology,activity__met_cosinor_relative_amplitude: within-person mad; calendar windows where applicable,temporal_v3
v3__activity__met_cosinor_relative_amplitude__cv,activity,physiology,activity__met_cosinor_relative_amplitude: within-person cv; calendar windows where applicable,temporal_v3
v3__activity__met_cosinor_relative_amplitude__skew,activity,physiology,activity__met_cosinor_relative_amplitude: within-person skew; calendar windows where applicable,temporal_v3
v3__activity__met_cosinor_relative_amplitude__kurtosis,activity,physiology,activity__met_cosinor_relative_amplitude: within-person kurtosis; calendar windows where applicable,temporal_v3
v3__activity__met_cosinor_relative_amplitude__q05,activity,physiology,activity__met_cosinor_relative_amplitude: within-person q05; calendar windows where applicable,temporal_v3
v3__activity__met_cosinor_relative_amplitude__q95,activity,physiology,activity__met_cosinor_relative_amplitude: within-person q95; calendar windows where applicable,temporal_v3
v3__activity__met_cosinor_relative_amplitude__rmssd,activity,physiology,activity__met_cosinor_relative_amplitude: within-person rmssd; calendar windows where applicable,temporal_v3
v3__activity__met_cosinor_relative_amplitude__moving_range,activity,physiology,activity__met_cosinor_relative_amplitude: within-person moving_range; calendar windows where applicable,temporal_v3
v3__activity__met_cosinor_relative_amplitude__lag1,activity,physiology,activity__met_cosinor_relative_amplitude: within-person lag1; calendar windows where applicable,temporal_v3
v3__activity__met_cosinor_relative_amplitude__trend,activity,physiology,activity__met_cosinor_relative_amplitude: within-person trend; calendar windows where applicable,temporal_v3
v3__activity__met_cosinor_relative_amplitude__bin_variance4,activity,physiology,activity__met_cosinor_relative_amplitude: within-person bin_variance4; calendar windows where applicable,temporal_v3
v3__activity__met_cosinor_relative_amplitude__bin_change4,activity,physiology,activity__met_cosinor_relative_amplitude: within-person bin_change4; calendar windows where applicable,temporal_v3
v3__activity__met_cosinor_relative_amplitude__stv7,activity,physiology,activity__met_cosinor_relative_amplitude: within-person stv7; calendar windows where applicable,temporal_v3
v3__activity__met_cosinor_relative_amplitude__rolling_cv7,activity,physiology,activity__met_cosinor_relative_amplitude: within-person rolling_cv7; calendar windows where applicable,temporal_v3
v3__activity__met_cosinor_relative_amplitude__rolling_range7,activity,physiology,activity__met_cosinor_relative_amplitude: within-person rolling_range7; calendar windows where applicable,temporal_v3
v3__activity__met_cosinor_relative_amplitude__stv14,activity,physiology,activity__met_cosinor_relative_amplitude: within-person stv14; calendar windows where applicable,temporal_v3
v3__activity__met_cosinor_relative_amplitude__rolling_cv14,activity,physiology,activity__met_cosinor_relative_amplitude: within-person rolling_cv14; calendar windows where applicable,temporal_v3
v3__activity__met_cosinor_relative_amplitude__rolling_range14,activity,physiology,activity__met_cosinor_relative_amplitude: within-person rolling_range14; calendar windows where applicable,temporal_v3
v3__activity__met_cosinor_relative_amplitude__stv28,activity,physiology,activity__met_cosinor_relative_amplitude: within-person stv28; calendar windows where applicable,temporal_v3
v3__activity__met_cosinor_relative_amplitude__rolling_cv28,activity,physiology,activity__met_cosinor_relative_amplitude: within-person rolling_cv28; calendar windows where applicable,temporal_v3
v3__activity__met_cosinor_relative_amplitude__rolling_range28,activity,physiology,activity__met_cosinor_relative_amplitude: within-person rolling_range28; calendar windows where applicable,temporal_v3
v3__activity__met_cosinor_phase_cos__mean,activity,physiology,activity__met_cosinor_phase_cos: within-person mean; calendar windows where applicable,temporal_v3
v3__activity__met_cosinor_phase_cos__std,activity,physiology,activity__met_cosinor_phase_cos: within-person std; calendar windows where applicable,temporal_v3
v3__activity__met_cosinor_phase_cos__median,activity,physiology,activity__met_cosinor_phase_cos: within-person median; calendar windows where applicable,temporal_v3
v3__activity__met_cosinor_phase_cos__trimmed_mean,activity,physiology,activity__met_cosinor_phase_cos: within-person trimmed_mean; calendar windows where applicable,temporal_v3
v3__activity__met_cosinor_phase_cos__mode,activity,physiology,activity__met_cosinor_phase_cos: within-person mode; calendar windows where applicable,temporal_v3
v3__activity__met_cosinor_phase_cos__minimum,activity,physiology,activity__met_cosinor_phase_cos: within-person minimum; calendar windows where applicable,temporal_v3
v3__activity__met_cosinor_phase_cos__maximum,activity,physiology,activity__met_cosinor_phase_cos: within-person maximum; calendar windows where applicable,temporal_v3
v3__activity__met_cosinor_phase_cos__range,activity,physiology,activity__met_cosinor_phase_cos: within-person range; calendar windows where applicable,temporal_v3
v3__activity__met_cosinor_phase_cos__mad,activity,physiology,activity__met_cosinor_phase_cos: within-person mad; calendar windows where applicable,temporal_v3
v3__activity__met_cosinor_phase_cos__cv,activity,physiology,activity__met_cosinor_phase_cos: within-person cv; calendar windows where applicable,temporal_v3
v3__activity__met_cosinor_phase_cos__skew,activity,physiology,activity__met_cosinor_phase_cos: within-person skew; calendar windows where applicable,temporal_v3
v3__activity__met_cosinor_phase_cos__kurtosis,activity,physiology,activity__met_cosinor_phase_cos: within-person kurtosis; calendar windows where applicable,temporal_v3
v3__activity__met_cosinor_phase_cos__q05,activity,physiology,activity__met_cosinor_phase_cos: within-person q05; calendar windows where applicable,temporal_v3
v3__activity__met_cosinor_phase_cos__q95,activity,physiology,activity__met_cosinor_phase_cos: within-person q95; calendar windows where applicable,temporal_v3
v3__activity__met_cosinor_phase_cos__rmssd,activity,physiology,activity__met_cosinor_phase_cos: within-person rmssd; calendar windows where applicable,temporal_v3
v3__activity__met_cosinor_phase_cos__moving_range,activity,physiology,activity__met_cosinor_phase_cos: within-person moving_range; calendar windows where applicable,temporal_v3
v3__activity__met_cosinor_phase_cos__lag1,activity,physiology,activity__met_cosinor_phase_cos: within-person lag1; calendar windows where applicable,temporal_v3
v3__activity__met_cosinor_phase_cos__trend,activity,physiology,activity__met_cosinor_phase_cos: within-person trend; calendar windows where applicable,temporal_v3
v3__activity__met_cosinor_phase_cos__bin_variance4,activity,physiology,activity__met_cosinor_phase_cos: within-person bin_variance4; calendar windows where applicable,temporal_v3
v3__activity__met_cosinor_phase_cos__bin_change4,activity,physiology,activity__met_cosinor_phase_cos: within-person bin_change4; calendar windows where applicable,temporal_v3
v3__activity__met_cosinor_phase_cos__stv7,activity,physiology,activity__met_cosinor_phase_cos: within-person stv7; calendar windows where applicable,temporal_v3
v3__activity__met_cosinor_phase_cos__rolling_cv7,activity,physiology,activity__met_cosinor_phase_cos: within-person rolling_cv7; calendar windows where applicable,temporal_v3
v3__activity__met_cosinor_phase_cos__rolling_range7,activity,physiology,activity__met_cosinor_phase_cos: within-person rolling_range7; calendar windows where applicable,temporal_v3
v3__activity__met_cosinor_phase_cos__stv14,activity,physiology,activity__met_cosinor_phase_cos: within-person stv14; calendar windows where applicable,temporal_v3
v3__activity__met_cosinor_phase_cos__rolling_cv14,activity,physiology,activity__met_cosinor_phase_cos: within-person rolling_cv14; calendar windows where applicable,temporal_v3
v3__activity__met_cosinor_phase_cos__rolling_range14,activity,physiology,activity__met_cosinor_phase_cos: within-person rolling_range14; calendar windows where applicable,temporal_v3
v3__activity__met_cosinor_phase_cos__stv28,activity,physiology,activity__met_cosinor_phase_cos: within-person stv28; calendar windows where applicable,temporal_v3
v3__activity__met_cosinor_phase_cos__rolling_cv28,activity,physiology,activity__met_cosinor_phase_cos: within-person rolling_cv28; calendar windows where applicable,temporal_v3
v3__activity__met_cosinor_phase_cos__rolling_range28,activity,physiology,activity__met_cosinor_phase_cos: within-person rolling_range28; calendar windows where applicable,temporal_v3
v3__activity__met_cosinor_phase_sin__mean,activity,physiology,activity__met_cosinor_phase_sin: within-person mean; calendar windows where applicable,temporal_v3
v3__activity__met_cosinor_phase_sin__std,activity,physiology,activity__met_cosinor_phase_sin: within-person std; calendar windows where applicable,temporal_v3
v3__activity__met_cosinor_phase_sin__median,activity,physiology,activity__met_cosinor_phase_sin: within-person median; calendar windows where applicable,temporal_v3
v3__activity__met_cosinor_phase_sin__trimmed_mean,activity,physiology,activity__met_cosinor_phase_sin: within-person trimmed_mean; calendar windows where applicable,temporal_v3
v3__activity__met_cosinor_phase_sin__mode,activity,physiology,activity__met_cosinor_phase_sin: within-person mode; calendar windows where applicable,temporal_v3
v3__activity__met_cosinor_phase_sin__minimum,activity,physiology,activity__met_cosinor_phase_sin: within-person minimum; calendar windows where applicable,temporal_v3
v3__activity__met_cosinor_phase_sin__maximum,activity,physiology,activity__met_cosinor_phase_sin: within-person maximum; calendar windows where applicable,temporal_v3
v3__activity__met_cosinor_phase_sin__range,activity,physiology,activity__met_cosinor_phase_sin: within-person range; calendar windows where applicable,temporal_v3
v3__activity__met_cosinor_phase_sin__mad,activity,physiology,activity__met_cosinor_phase_sin: within-person mad; calendar windows where applicable,temporal_v3
v3__activity__met_cosinor_phase_sin__cv,activity,physiology,activity__met_cosinor_phase_sin: within-person cv; calendar windows where applicable,temporal_v3
v3__activity__met_cosinor_phase_sin__skew,activity,physiology,activity__met_cosinor_phase_sin: within-person skew; calendar windows where applicable,temporal_v3
v3__activity__met_cosinor_phase_sin__kurtosis,activity,physiology,activity__met_cosinor_phase_sin: within-person kurtosis; calendar windows where applicable,temporal_v3
v3__activity__met_cosinor_phase_sin__q05,activity,physiology,activity__met_cosinor_phase_sin: within-person q05; calendar windows where applicable,temporal_v3
v3__activity__met_cosinor_phase_sin__q95,activity,physiology,activity__met_cosinor_phase_sin: within-person q95; calendar windows where applicable,temporal_v3
v3__activity__met_cosinor_phase_sin__rmssd,activity,physiology,activity__met_cosinor_phase_sin: within-person rmssd; calendar windows where applicable,temporal_v3
v3__activity__met_cosinor_phase_sin__moving_range,activity,physiology,activity__met_cosinor_phase_sin: within-person moving_range; calendar windows where applicable,temporal_v3
v3__activity__met_cosinor_phase_sin__lag1,activity,physiology,activity__met_cosinor_phase_sin: within-person lag1; calendar windows where applicable,temporal_v3
v3__activity__met_cosinor_phase_sin__trend,activity,physiology,activity__met_cosinor_phase_sin: within-person trend; calendar windows where applicable,temporal_v3
v3__activity__met_cosinor_phase_sin__bin_variance4,activity,physiology,activity__met_cosinor_phase_sin: within-person bin_variance4; calendar windows where applicable,temporal_v3
v3__activity__met_cosinor_phase_sin__bin_change4,activity,physiology,activity__met_cosinor_phase_sin: within-person bin_change4; calendar windows where applicable,temporal_v3
v3__activity__met_cosinor_phase_sin__stv7,activity,physiology,activity__met_cosinor_phase_sin: within-person stv7; calendar windows where applicable,temporal_v3
v3__activity__met_cosinor_phase_sin__rolling_cv7,activity,physiology,activity__met_cosinor_phase_sin: within-person rolling_cv7; calendar windows where applicable,temporal_v3
v3__activity__met_cosinor_phase_sin__rolling_range7,activity,physiology,activity__met_cosinor_phase_sin: within-person rolling_range7; calendar windows where applicable,temporal_v3
v3__activity__met_cosinor_phase_sin__stv14,activity,physiology,activity__met_cosinor_phase_sin: within-person stv14; calendar windows where applicable,temporal_v3
v3__activity__met_cosinor_phase_sin__rolling_cv14,activity,physiology,activity__met_cosinor_phase_sin: within-person rolling_cv14; calendar windows where applicable,temporal_v3
v3__activity__met_cosinor_phase_sin__rolling_range14,activity,physiology,activity__met_cosinor_phase_sin: within-person rolling_range14; calendar windows where applicable,temporal_v3
v3__activity__met_cosinor_phase_sin__stv28,activity,physiology,activity__met_cosinor_phase_sin: within-person stv28; calendar windows where applicable,temporal_v3
v3__activity__met_cosinor_phase_sin__rolling_cv28,activity,physiology,activity__met_cosinor_phase_sin: within-person rolling_cv28; calendar windows where applicable,temporal_v3
v3__activity__met_cosinor_phase_sin__rolling_range28,activity,physiology,activity__met_cosinor_phase_sin: within-person rolling_range28; calendar windows where applicable,temporal_v3
v3__activity__met_day_night_difference__mean,activity,physiology,activity__met_day_night_difference: within-person mean; calendar windows where applicable,temporal_v3
v3__activity__met_day_night_difference__std,activity,physiology,activity__met_day_night_difference: within-person std; calendar windows where applicable,temporal_v3
v3__activity__met_day_night_difference__median,activity,physiology,activity__met_day_night_difference: within-person median; calendar windows where applicable,temporal_v3
v3__activity__met_day_night_difference__trimmed_mean,activity,physiology,activity__met_day_night_difference: within-person trimmed_mean; calendar windows where applicable,temporal_v3
v3__activity__met_day_night_difference__mode,activity,physiology,activity__met_day_night_difference: within-person mode; calendar windows where applicable,temporal_v3
v3__activity__met_day_night_difference__minimum,activity,physiology,activity__met_day_night_difference: within-person minimum; calendar windows where applicable,temporal_v3
v3__activity__met_day_night_difference__maximum,activity,physiology,activity__met_day_night_difference: within-person maximum; calendar windows where applicable,temporal_v3
v3__activity__met_day_night_difference__range,activity,physiology,activity__met_day_night_difference: within-person range; calendar windows where applicable,temporal_v3
v3__activity__met_day_night_difference__mad,activity,physiology,activity__met_day_night_difference: within-person mad; calendar windows where applicable,temporal_v3
v3__activity__met_day_night_difference__cv,activity,physiology,activity__met_day_night_difference: within-person cv; calendar windows where applicable,temporal_v3
v3__activity__met_day_night_difference__skew,activity,physiology,activity__met_day_night_difference: within-person skew; calendar windows where applicable,temporal_v3
v3__activity__met_day_night_difference__kurtosis,activity,physiology,activity__met_day_night_difference: within-person kurtosis; calendar windows where applicable,temporal_v3
v3__activity__met_day_night_difference__q05,activity,physiology,activity__met_day_night_difference: within-person q05; calendar windows where applicable,temporal_v3
v3__activity__met_day_night_difference__q95,activity,physiology,activity__met_day_night_difference: within-person q95; calendar windows where applicable,temporal_v3
v3__activity__met_day_night_difference__rmssd,activity,physiology,activity__met_day_night_difference: within-person rmssd; calendar windows where applicable,temporal_v3
v3__activity__met_day_night_difference__moving_range,activity,physiology,activity__met_day_night_difference: within-person moving_range; calendar windows where applicable,temporal_v3
v3__activity__met_day_night_difference__lag1,activity,physiology,activity__met_day_night_difference: within-person lag1; calendar windows where applicable,temporal_v3
v3__activity__met_day_night_difference__trend,activity,physiology,activity__met_day_night_difference: within-person trend; calendar windows where applicable,temporal_v3
v3__activity__met_day_night_difference__bin_variance4,activity,physiology,activity__met_day_night_difference: within-person bin_variance4; calendar windows where applicable,temporal_v3
v3__activity__met_day_night_difference__bin_change4,activity,physiology,activity__met_day_night_difference: within-person bin_change4; calendar windows where applicable,temporal_v3
v3__activity__met_day_night_difference__stv7,activity,physiology,activity__met_day_night_difference: within-person stv7; calendar windows where applicable,temporal_v3
v3__activity__met_day_night_difference__rolling_cv7,activity,physiology,activity__met_day_night_difference: within-person rolling_cv7; calendar windows where applicable,temporal_v3
v3__activity__met_day_night_difference__rolling_range7,activity,physiology,activity__met_day_night_difference: within-person rolling_range7; calendar windows where applicable,temporal_v3
v3__activity__met_day_night_difference__stv14,activity,physiology,activity__met_day_night_difference: within-person stv14; calendar windows where applicable,temporal_v3
v3__activity__met_day_night_difference__rolling_cv14,activity,physiology,activity__met_day_night_difference: within-person rolling_cv14; calendar windows where applicable,temporal_v3
v3__activity__met_day_night_difference__rolling_range14,activity,physiology,activity__met_day_night_difference: within-person rolling_range14; calendar windows where applicable,temporal_v3
v3__activity__met_day_night_difference__stv28,activity,physiology,activity__met_day_night_difference: within-person stv28; calendar windows where applicable,temporal_v3
v3__activity__met_day_night_difference__rolling_cv28,activity,physiology,activity__met_day_night_difference: within-person rolling_cv28; calendar windows where applicable,temporal_v3
v3__activity__met_day_night_difference__rolling_range28,activity,physiology,activity__met_day_night_difference: within-person rolling_range28; calendar windows where applicable,temporal_v3
v3__activity__met_relative_high10_low5__mean,activity,physiology,activity__met_relative_high10_low5: within-person mean; calendar windows where applicable,temporal_v3
v3__activity__met_relative_high10_low5__std,activity,physiology,activity__met_relative_high10_low5: within-person std; calendar windows where applicable,temporal_v3
v3__activity__met_relative_high10_low5__median,activity,physiology,activity__met_relative_high10_low5: within-person median; calendar windows where applicable,temporal_v3
v3__activity__met_relative_high10_low5__trimmed_mean,activity,physiology,activity__met_relative_high10_low5: within-person trimmed_mean; calendar windows where applicable,temporal_v3
v3__activity__met_relative_high10_low5__mode,activity,physiology,activity__met_relative_high10_low5: within-person mode; calendar windows where applicable,temporal_v3
v3__activity__met_relative_high10_low5__minimum,activity,physiology,activity__met_relative_high10_low5: within-person minimum; calendar windows where applicable,temporal_v3
v3__activity__met_relative_high10_low5__maximum,activity,physiology,activity__met_relative_high10_low5: within-person maximum; calendar windows where applicable,temporal_v3
v3__activity__met_relative_high10_low5__range,activity,physiology,activity__met_relative_high10_low5: within-person range; calendar windows where applicable,temporal_v3
v3__activity__met_relative_high10_low5__mad,activity,physiology,activity__met_relative_high10_low5: within-person mad; calendar windows where applicable,temporal_v3
v3__activity__met_relative_high10_low5__cv,activity,physiology,activity__met_relative_high10_low5: within-person cv; calendar windows where applicable,temporal_v3
v3__activity__met_relative_high10_low5__skew,activity,physiology,activity__met_relative_high10_low5: within-person skew; calendar windows where applicable,temporal_v3
v3__activity__met_relative_high10_low5__kurtosis,activity,physiology,activity__met_relative_high10_low5: within-person kurtosis; calendar windows where applicable,temporal_v3
v3__activity__met_relative_high10_low5__q05,activity,physiology,activity__met_relative_high10_low5: within-person q05; calendar windows where applicable,temporal_v3
v3__activity__met_relative_high10_low5__q95,activity,physiology,activity__met_relative_high10_low5: within-person q95; calendar windows where applicable,temporal_v3
v3__activity__met_relative_high10_low5__rmssd,activity,physiology,activity__met_relative_high10_low5: within-person rmssd; calendar windows where applicable,temporal_v3
v3__activity__met_relative_high10_low5__moving_range,activity,physiology,activity__met_relative_high10_low5: within-person moving_range; calendar windows where applicable,temporal_v3
v3__activity__met_relative_high10_low5__lag1,activity,physiology,activity__met_relative_high10_low5: within-person lag1; calendar windows where applicable,temporal_v3
v3__activity__met_relative_high10_low5__trend,activity,physiology,activity__met_relative_high10_low5: within-person trend; calendar windows where applicable,temporal_v3
v3__activity__met_relative_high10_low5__bin_variance4,activity,physiology,activity__met_relative_high10_low5: within-person bin_variance4; calendar windows where applicable,temporal_v3
v3__activity__met_relative_high10_low5__bin_change4,activity,physiology,activity__met_relative_high10_low5: within-person bin_change4; calendar windows where applicable,temporal_v3
v3__activity__met_relative_high10_low5__stv7,activity,physiology,activity__met_relative_high10_low5: within-person stv7; calendar windows where applicable,temporal_v3
v3__activity__met_relative_high10_low5__rolling_cv7,activity,physiology,activity__met_relative_high10_low5: within-person rolling_cv7; calendar windows where applicable,temporal_v3
v3__activity__met_relative_high10_low5__rolling_range7,activity,physiology,activity__met_relative_high10_low5: within-person rolling_range7; calendar windows where applicable,temporal_v3
v3__activity__met_relative_high10_low5__stv14,activity,physiology,activity__met_relative_high10_low5: within-person stv14; calendar windows where applicable,temporal_v3
v3__activity__met_relative_high10_low5__rolling_cv14,activity,physiology,activity__met_relative_high10_low5: within-person rolling_cv14; calendar windows where applicable,temporal_v3
v3__activity__met_relative_high10_low5__rolling_range14,activity,physiology,activity__met_relative_high10_low5: within-person rolling_range14; calendar windows where applicable,temporal_v3
v3__activity__met_relative_high10_low5__stv28,activity,physiology,activity__met_relative_high10_low5: within-person stv28; calendar windows where applicable,temporal_v3
v3__activity__met_relative_high10_low5__rolling_cv28,activity,physiology,activity__met_relative_high10_low5: within-person rolling_cv28; calendar windows where applicable,temporal_v3
v3__activity__met_relative_high10_low5__rolling_range28,activity,physiology,activity__met_relative_high10_low5: within-person rolling_range28; calendar windows where applicable,temporal_v3
v3__activity__met_low5_met__mean,activity,physiology,activity__met_low5_met: within-person mean; calendar windows where applicable,temporal_v3
v3__activity__met_low5_met__std,activity,physiology,activity__met_low5_met: within-person std; calendar windows where applicable,temporal_v3
v3__activity__met_low5_met__median,activity,physiology,activity__met_low5_met: within-person median; calendar windows where applicable,temporal_v3
v3__activity__met_low5_met__trimmed_mean,activity,physiology,activity__met_low5_met: within-person trimmed_mean; calendar windows where applicable,temporal_v3
v3__activity__met_low5_met__mode,activity,physiology,activity__met_low5_met: within-person mode; calendar windows where applicable,temporal_v3
v3__activity__met_low5_met__minimum,activity,physiology,activity__met_low5_met: within-person minimum; calendar windows where applicable,temporal_v3
v3__activity__met_low5_met__maximum,activity,physiology,activity__met_low5_met: within-person maximum; calendar windows where applicable,temporal_v3
v3__activity__met_low5_met__range,activity,physiology,activity__met_low5_met: within-person range; calendar windows where applicable,temporal_v3
v3__activity__met_low5_met__mad,activity,physiology,activity__met_low5_met: within-person mad; calendar windows where applicable,temporal_v3
v3__activity__met_low5_met__cv,activity,physiology,activity__met_low5_met: within-person cv; calendar windows where applicable,temporal_v3
v3__activity__met_low5_met__skew,activity,physiology,activity__met_low5_met: within-person skew; calendar windows where applicable,temporal_v3
v3__activity__met_low5_met__kurtosis,activity,physiology,activity__met_low5_met: within-person kurtosis; calendar windows where applicable,temporal_v3
v3__activity__met_low5_met__q05,activity,physiology,activity__met_low5_met: within-person q05; calendar windows where applicable,temporal_v3
v3__activity__met_low5_met__q95,activity,physiology,activity__met_low5_met: within-person q95; calendar windows where applicable,temporal_v3
v3__activity__met_low5_met__rmssd,activity,physiology,activity__met_low5_met: within-person rmssd; calendar windows where applicable,temporal_v3
v3__activity__met_low5_met__moving_range,activity,physiology,activity__met_low5_met: within-person moving_range; calendar windows where applicable,temporal_v3
v3__activity__met_low5_met__lag1,activity,physiology,activity__met_low5_met: within-person lag1; calendar windows where applicable,temporal_v3
v3__activity__met_low5_met__trend,activity,physiology,activity__met_low5_met: within-person trend; calendar windows where applicable,temporal_v3
v3__activity__met_low5_met__bin_variance4,activity,physiology,activity__met_low5_met: within-person bin_variance4; calendar windows where applicable,temporal_v3
v3__activity__met_low5_met__bin_change4,activity,physiology,activity__met_low5_met: within-person bin_change4; calendar windows where applicable,temporal_v3
v3__activity__met_low5_met__stv7,activity,physiology,activity__met_low5_met: within-person stv7; calendar windows where applicable,temporal_v3
v3__activity__met_low5_met__rolling_cv7,activity,physiology,activity__met_low5_met: within-person rolling_cv7; calendar windows where applicable,temporal_v3
v3__activity__met_low5_met__rolling_range7,activity,physiology,activity__met_low5_met: within-person rolling_range7; calendar windows where applicable,temporal_v3
v3__activity__met_low5_met__stv14,activity,physiology,activity__met_low5_met: within-person stv14; calendar windows where applicable,temporal_v3
v3__activity__met_low5_met__rolling_cv14,activity,physiology,activity__met_low5_met: within-person rolling_cv14; calendar windows where applicable,temporal_v3
v3__activity__met_low5_met__rolling_range14,activity,physiology,activity__met_low5_met: within-person rolling_range14; calendar windows where applicable,temporal_v3
v3__activity__met_low5_met__stv28,activity,physiology,activity__met_low5_met: within-person stv28; calendar windows where applicable,temporal_v3
v3__activity__met_low5_met__rolling_cv28,activity,physiology,activity__met_low5_met: within-person rolling_cv28; calendar windows where applicable,temporal_v3
v3__activity__met_low5_met__rolling_range28,activity,physiology,activity__met_low5_met: within-person rolling_range28; calendar windows where applicable,temporal_v3
v3__activity__met_high10_met__mean,activity,physiology,activity__met_high10_met: within-person mean; calendar windows where applicable,temporal_v3
v3__activity__met_high10_met__std,activity,physiology,activity__met_high10_met: within-person std; calendar windows where applicable,temporal_v3
v3__activity__met_high10_met__median,activity,physiology,activity__met_high10_met: within-person median; calendar windows where applicable,temporal_v3
v3__activity__met_high10_met__trimmed_mean,activity,physiology,activity__met_high10_met: within-person trimmed_mean; calendar windows where applicable,temporal_v3
v3__activity__met_high10_met__mode,activity,physiology,activity__met_high10_met: within-person mode; calendar windows where applicable,temporal_v3
v3__activity__met_high10_met__minimum,activity,physiology,activity__met_high10_met: within-person minimum; calendar windows where applicable,temporal_v3
v3__activity__met_high10_met__maximum,activity,physiology,activity__met_high10_met: within-person maximum; calendar windows where applicable,temporal_v3
v3__activity__met_high10_met__range,activity,physiology,activity__met_high10_met: within-person range; calendar windows where applicable,temporal_v3
v3__activity__met_high10_met__mad,activity,physiology,activity__met_high10_met: within-person mad; calendar windows where applicable,temporal_v3
v3__activity__met_high10_met__cv,activity,physiology,activity__met_high10_met: within-person cv; calendar windows where applicable,temporal_v3
v3__activity__met_high10_met__skew,activity,physiology,activity__met_high10_met: within-person skew; calendar windows where applicable,temporal_v3
v3__activity__met_high10_met__kurtosis,activity,physiology,activity__met_high10_met: within-person kurtosis; calendar windows where applicable,temporal_v3
v3__activity__met_high10_met__q05,activity,physiology,activity__met_high10_met: within-person q05; calendar windows where applicable,temporal_v3
v3__activity__met_high10_met__q95,activity,physiology,activity__met_high10_met: within-person q95; calendar windows where applicable,temporal_v3
v3__activity__met_high10_met__rmssd,activity,physiology,activity__met_high10_met: within-person rmssd; calendar windows where applicable,temporal_v3
v3__activity__met_high10_met__moving_range,activity,physiology,activity__met_high10_met: within-person moving_range; calendar windows where applicable,temporal_v3
v3__activity__met_high10_met__lag1,activity,physiology,activity__met_high10_met: within-person lag1; calendar windows where applicable,temporal_v3
v3__activity__met_high10_met__trend,activity,physiology,activity__met_high10_met: within-person trend; calendar windows where applicable,temporal_v3
v3__activity__met_high10_met__bin_variance4,activity,physiology,activity__met_high10_met: within-person bin_variance4; calendar windows where applicable,temporal_v3
v3__activity__met_high10_met__bin_change4,activity,physiology,activity__met_high10_met: within-person bin_change4; calendar windows where applicable,temporal_v3
v3__activity__met_high10_met__stv7,activity,physiology,activity__met_high10_met: within-person stv7; calendar windows where applicable,temporal_v3
v3__activity__met_high10_met__rolling_cv7,activity,physiology,activity__met_high10_met: within-person rolling_cv7; calendar windows where applicable,temporal_v3
v3__activity__met_high10_met__rolling_range7,activity,physiology,activity__met_high10_met: within-person rolling_range7; calendar windows where applicable,temporal_v3
v3__activity__met_high10_met__stv14,activity,physiology,activity__met_high10_met: within-person stv14; calendar windows where applicable,temporal_v3
v3__activity__met_high10_met__rolling_cv14,activity,physiology,activity__met_high10_met: within-person rolling_cv14; calendar windows where applicable,temporal_v3
v3__activity__met_high10_met__rolling_range14,activity,physiology,activity__met_high10_met: within-person rolling_range14; calendar windows where applicable,temporal_v3
v3__activity__met_high10_met__stv28,activity,physiology,activity__met_high10_met: within-person stv28; calendar windows where applicable,temporal_v3
v3__activity__met_high10_met__rolling_cv28,activity,physiology,activity__met_high10_met: within-person rolling_cv28; calendar windows where applicable,temporal_v3
v3__activity__met_high10_met__rolling_range28,activity,physiology,activity__met_high10_met: within-person rolling_range28; calendar windows where applicable,temporal_v3
v3__activity__steps_per_wear_hour__mean,activity,physiology,activity__steps_per_wear_hour: within-person mean; calendar windows where applicable,temporal_v3
v3__activity__steps_per_wear_hour__std,activity,physiology,activity__steps_per_wear_hour: within-person std; calendar windows where applicable,temporal_v3
v3__activity__steps_per_wear_hour__median,activity,physiology,activity__steps_per_wear_hour: within-person median; calendar windows where applicable,temporal_v3
v3__activity__steps_per_wear_hour__trimmed_mean,activity,physiology,activity__steps_per_wear_hour: within-person trimmed_mean; calendar windows where applicable,temporal_v3
v3__activity__steps_per_wear_hour__mode,activity,physiology,activity__steps_per_wear_hour: within-person mode; calendar windows where applicable,temporal_v3
v3__activity__steps_per_wear_hour__minimum,activity,physiology,activity__steps_per_wear_hour: within-person minimum; calendar windows where applicable,temporal_v3
v3__activity__steps_per_wear_hour__maximum,activity,physiology,activity__steps_per_wear_hour: within-person maximum; calendar windows where applicable,temporal_v3
v3__activity__steps_per_wear_hour__range,activity,physiology,activity__steps_per_wear_hour: within-person range; calendar windows where applicable,temporal_v3
v3__activity__steps_per_wear_hour__mad,activity,physiology,activity__steps_per_wear_hour: within-person mad; calendar windows where applicable,temporal_v3
v3__activity__steps_per_wear_hour__cv,activity,physiology,activity__steps_per_wear_hour: within-person cv; calendar windows where applicable,temporal_v3
v3__activity__steps_per_wear_hour__skew,activity,physiology,activity__steps_per_wear_hour: within-person skew; calendar windows where applicable,temporal_v3
v3__activity__steps_per_wear_hour__kurtosis,activity,physiology,activity__steps_per_wear_hour: within-person kurtosis; calendar windows where applicable,temporal_v3
v3__activity__steps_per_wear_hour__q05,activity,physiology,activity__steps_per_wear_hour: within-person q05; calendar windows where applicable,temporal_v3
v3__activity__steps_per_wear_hour__q95,activity,physiology,activity__steps_per_wear_hour: within-person q95; calendar windows where applicable,temporal_v3
v3__activity__steps_per_wear_hour__rmssd,activity,physiology,activity__steps_per_wear_hour: within-person rmssd; calendar windows where applicable,temporal_v3
v3__activity__steps_per_wear_hour__moving_range,activity,physiology,activity__steps_per_wear_hour: within-person moving_range; calendar windows where applicable,temporal_v3
v3__activity__steps_per_wear_hour__lag1,activity,physiology,activity__steps_per_wear_hour: within-person lag1; calendar windows where applicable,temporal_v3
v3__activity__steps_per_wear_hour__trend,activity,physiology,activity__steps_per_wear_hour: within-person trend; calendar windows where applicable,temporal_v3
v3__activity__steps_per_wear_hour__bin_variance4,activity,physiology,activity__steps_per_wear_hour: within-person bin_variance4; calendar windows where applicable,temporal_v3
v3__activity__steps_per_wear_hour__bin_change4,activity,physiology,activity__steps_per_wear_hour: within-person bin_change4; calendar windows where applicable,temporal_v3
v3__activity__steps_per_wear_hour__stv7,activity,physiology,activity__steps_per_wear_hour: within-person stv7; calendar windows where applicable,temporal_v3
v3__activity__steps_per_wear_hour__rolling_cv7,activity,physiology,activity__steps_per_wear_hour: within-person rolling_cv7; calendar windows where applicable,temporal_v3
v3__activity__steps_per_wear_hour__rolling_range7,activity,physiology,activity__steps_per_wear_hour: within-person rolling_range7; calendar windows where applicable,temporal_v3
v3__activity__steps_per_wear_hour__stv14,activity,physiology,activity__steps_per_wear_hour: within-person stv14; calendar windows where applicable,temporal_v3
v3__activity__steps_per_wear_hour__rolling_cv14,activity,physiology,activity__steps_per_wear_hour: within-person rolling_cv14; calendar windows where applicable,temporal_v3
v3__activity__steps_per_wear_hour__rolling_range14,activity,physiology,activity__steps_per_wear_hour: within-person rolling_range14; calendar windows where applicable,temporal_v3
v3__activity__steps_per_wear_hour__stv28,activity,physiology,activity__steps_per_wear_hour: within-person stv28; calendar windows where applicable,temporal_v3
v3__activity__steps_per_wear_hour__rolling_cv28,activity,physiology,activity__steps_per_wear_hour: within-person rolling_cv28; calendar windows where applicable,temporal_v3
v3__activity__steps_per_wear_hour__rolling_range28,activity,physiology,activity__steps_per_wear_hour: within-person rolling_range28; calendar windows where applicable,temporal_v3
v3__activity__moderate_high_fraction__mean,activity,physiology,activity__moderate_high_fraction: within-person mean; calendar windows where applicable,temporal_v3
v3__activity__moderate_high_fraction__std,activity,physiology,activity__moderate_high_fraction: within-person std; calendar windows where applicable,temporal_v3
v3__activity__moderate_high_fraction__median,activity,physiology,activity__moderate_high_fraction: within-person median; calendar windows where applicable,temporal_v3
v3__activity__moderate_high_fraction__trimmed_mean,activity,physiology,activity__moderate_high_fraction: within-person trimmed_mean; calendar windows where applicable,temporal_v3
v3__activity__moderate_high_fraction__mode,activity,physiology,activity__moderate_high_fraction: within-person mode; calendar windows where applicable,temporal_v3
v3__activity__moderate_high_fraction__minimum,activity,physiology,activity__moderate_high_fraction: within-person minimum; calendar windows where applicable,temporal_v3
v3__activity__moderate_high_fraction__maximum,activity,physiology,activity__moderate_high_fraction: within-person maximum; calendar windows where applicable,temporal_v3
v3__activity__moderate_high_fraction__range,activity,physiology,activity__moderate_high_fraction: within-person range; calendar windows where applicable,temporal_v3
v3__activity__moderate_high_fraction__mad,activity,physiology,activity__moderate_high_fraction: within-person mad; calendar windows where applicable,temporal_v3
v3__activity__moderate_high_fraction__cv,activity,physiology,activity__moderate_high_fraction: within-person cv; calendar windows where applicable,temporal_v3
v3__activity__moderate_high_fraction__skew,activity,physiology,activity__moderate_high_fraction: within-person skew; calendar windows where applicable,temporal_v3
v3__activity__moderate_high_fraction__kurtosis,activity,physiology,activity__moderate_high_fraction: within-person kurtosis; calendar windows where applicable,temporal_v3
v3__activity__moderate_high_fraction__q05,activity,physiology,activity__moderate_high_fraction: within-person q05; calendar windows where applicable,temporal_v3
v3__activity__moderate_high_fraction__q95,activity,physiology,activity__moderate_high_fraction: within-person q95; calendar windows where applicable,temporal_v3
v3__activity__moderate_high_fraction__rmssd,activity,physiology,activity__moderate_high_fraction: within-person rmssd; calendar windows where applicable,temporal_v3
v3__activity__moderate_high_fraction__moving_range,activity,physiology,activity__moderate_high_fraction: within-person moving_range; calendar windows where applicable,temporal_v3
v3__activity__moderate_high_fraction__lag1,activity,physiology,activity__moderate_high_fraction: within-person lag1; calendar windows where applicable,temporal_v3
v3__activity__moderate_high_fraction__trend,activity,physiology,activity__moderate_high_fraction: within-person trend; calendar windows where applicable,temporal_v3
v3__activity__moderate_high_fraction__bin_variance4,activity,physiology,activity__moderate_high_fraction: within-person bin_variance4; calendar windows where applicable,temporal_v3
v3__activity__moderate_high_fraction__bin_change4,activity,physiology,activity__moderate_high_fraction: within-person bin_change4; calendar windows where applicable,temporal_v3
v3__activity__moderate_high_fraction__stv7,activity,physiology,activity__moderate_high_fraction: within-person stv7; calendar windows where applicable,temporal_v3
v3__activity__moderate_high_fraction__rolling_cv7,activity,physiology,activity__moderate_high_fraction: within-person rolling_cv7; calendar windows where applicable,temporal_v3
v3__activity__moderate_high_fraction__rolling_range7,activity,physiology,activity__moderate_high_fraction: within-person rolling_range7; calendar windows where applicable,temporal_v3
v3__activity__moderate_high_fraction__stv14,activity,physiology,activity__moderate_high_fraction: within-person stv14; calendar windows where applicable,temporal_v3
v3__activity__moderate_high_fraction__rolling_cv14,activity,physiology,activity__moderate_high_fraction: within-person rolling_cv14; calendar windows where applicable,temporal_v3
v3__activity__moderate_high_fraction__rolling_range14,activity,physiology,activity__moderate_high_fraction: within-person rolling_range14; calendar windows where applicable,temporal_v3
v3__activity__moderate_high_fraction__stv28,activity,physiology,activity__moderate_high_fraction: within-person stv28; calendar windows where applicable,temporal_v3
v3__activity__moderate_high_fraction__rolling_cv28,activity,physiology,activity__moderate_high_fraction: within-person rolling_cv28; calendar windows where applicable,temporal_v3
v3__activity__moderate_high_fraction__rolling_range28,activity,physiology,activity__moderate_high_fraction: within-person rolling_range28; calendar windows where applicable,temporal_v3
v3__activity__inactive_fraction__mean,activity,physiology,activity__inactive_fraction: within-person mean; calendar windows where applicable,temporal_v3
v3__activity__inactive_fraction__std,activity,physiology,activity__inactive_fraction: within-person std; calendar windows where applicable,temporal_v3
v3__activity__inactive_fraction__median,activity,physiology,activity__inactive_fraction: within-person median; calendar windows where applicable,temporal_v3
v3__activity__inactive_fraction__trimmed_mean,activity,physiology,activity__inactive_fraction: within-person trimmed_mean; calendar windows where applicable,temporal_v3
v3__activity__inactive_fraction__mode,activity,physiology,activity__inactive_fraction: within-person mode; calendar windows where applicable,temporal_v3
v3__activity__inactive_fraction__minimum,activity,physiology,activity__inactive_fraction: within-person minimum; calendar windows where applicable,temporal_v3
v3__activity__inactive_fraction__maximum,activity,physiology,activity__inactive_fraction: within-person maximum; calendar windows where applicable,temporal_v3
v3__activity__inactive_fraction__range,activity,physiology,activity__inactive_fraction: within-person range; calendar windows where applicable,temporal_v3
v3__activity__inactive_fraction__mad,activity,physiology,activity__inactive_fraction: within-person mad; calendar windows where applicable,temporal_v3
v3__activity__inactive_fraction__cv,activity,physiology,activity__inactive_fraction: within-person cv; calendar windows where applicable,temporal_v3
v3__activity__inactive_fraction__skew,activity,physiology,activity__inactive_fraction: within-person skew; calendar windows where applicable,temporal_v3
v3__activity__inactive_fraction__kurtosis,activity,physiology,activity__inactive_fraction: within-person kurtosis; calendar windows where applicable,temporal_v3
v3__activity__inactive_fraction__q05,activity,physiology,activity__inactive_fraction: within-person q05; calendar windows where applicable,temporal_v3
v3__activity__inactive_fraction__q95,activity,physiology,activity__inactive_fraction: within-person q95; calendar windows where applicable,temporal_v3
v3__activity__inactive_fraction__rmssd,activity,physiology,activity__inactive_fraction: within-person rmssd; calendar windows where applicable,temporal_v3
v3__activity__inactive_fraction__moving_range,activity,physiology,activity__inactive_fraction: within-person moving_range; calendar windows where applicable,temporal_v3
v3__activity__inactive_fraction__lag1,activity,physiology,activity__inactive_fraction: within-person lag1; calendar windows where applicable,temporal_v3
v3__activity__inactive_fraction__trend,activity,physiology,activity__inactive_fraction: within-person trend; calendar windows where applicable,temporal_v3
v3__activity__inactive_fraction__bin_variance4,activity,physiology,activity__inactive_fraction: within-person bin_variance4; calendar windows where applicable,temporal_v3
v3__activity__inactive_fraction__bin_change4,activity,physiology,activity__inactive_fraction: within-person bin_change4; calendar windows where applicable,temporal_v3
v3__activity__inactive_fraction__stv7,activity,physiology,activity__inactive_fraction: within-person stv7; calendar windows where applicable,temporal_v3
v3__activity__inactive_fraction__rolling_cv7,activity,physiology,activity__inactive_fraction: within-person rolling_cv7; calendar windows where applicable,temporal_v3
v3__activity__inactive_fraction__rolling_range7,activity,physiology,activity__inactive_fraction: within-person rolling_range7; calendar windows where applicable,temporal_v3
v3__activity__inactive_fraction__stv14,activity,physiology,activity__inactive_fraction: within-person stv14; calendar windows where applicable,temporal_v3
v3__activity__inactive_fraction__rolling_cv14,activity,physiology,activity__inactive_fraction: within-person rolling_cv14; calendar windows where applicable,temporal_v3
v3__activity__inactive_fraction__rolling_range14,activity,physiology,activity__inactive_fraction: within-person rolling_range14; calendar windows where applicable,temporal_v3
v3__activity__inactive_fraction__stv28,activity,physiology,activity__inactive_fraction: within-person stv28; calendar windows where applicable,temporal_v3
v3__activity__inactive_fraction__rolling_cv28,activity,physiology,activity__inactive_fraction: within-person rolling_cv28; calendar windows where applicable,temporal_v3
v3__activity__inactive_fraction__rolling_range28,activity,physiology,activity__inactive_fraction: within-person rolling_range28; calendar windows where applicable,temporal_v3
context__sleep__first_epochday,sleep,collection_context,"Acquisition timing, not a physiological biomarker: first_epochday",collection_context
context__sleep__last_epochday,sleep,collection_context,"Acquisition timing, not a physiological biomarker: last_epochday",collection_context
context__sleep__median_epochday,sleep,collection_context,"Acquisition timing, not a physiological biomarker: median_epochday",collection_context
context__sleep__season_sin,sleep,collection_context,"Acquisition timing, not a physiological biomarker: season_sin",collection_context
context__sleep__season_cos,sleep,collection_context,"Acquisition timing, not a physiological biomarker: season_cos",collection_context
context__sleep__weekend_fraction,sleep,collection_context,"Acquisition timing, not a physiological biomarker: weekend_fraction",collection_context
v3__sleep__awake__mean,sleep,physiology,sleep__awake: within-person mean; calendar windows where applicable,temporal_v3
v3__sleep__awake__std,sleep,physiology,sleep__awake: within-person std; calendar windows where applicable,temporal_v3
v3__sleep__awake__median,sleep,physiology,sleep__awake: within-person median; calendar windows where applicable,temporal_v3
v3__sleep__awake__trimmed_mean,sleep,physiology,sleep__awake: within-person trimmed_mean; calendar windows where applicable,temporal_v3
v3__sleep__awake__mode,sleep,physiology,sleep__awake: within-person mode; calendar windows where applicable,temporal_v3
v3__sleep__awake__minimum,sleep,physiology,sleep__awake: within-person minimum; calendar windows where applicable,temporal_v3
v3__sleep__awake__maximum,sleep,physiology,sleep__awake: within-person maximum; calendar windows where applicable,temporal_v3
v3__sleep__awake__range,sleep,physiology,sleep__awake: within-person range; calendar windows where applicable,temporal_v3
v3__sleep__awake__mad,sleep,physiology,sleep__awake: within-person mad; calendar windows where applicable,temporal_v3
v3__sleep__awake__cv,sleep,physiology,sleep__awake: within-person cv; calendar windows where applicable,temporal_v3
v3__sleep__awake__skew,sleep,physiology,sleep__awake: within-person skew; calendar windows where applicable,temporal_v3
v3__sleep__awake__kurtosis,sleep,physiology,sleep__awake: within-person kurtosis; calendar windows where applicable,temporal_v3
v3__sleep__awake__q05,sleep,physiology,sleep__awake: within-person q05; calendar windows where applicable,temporal_v3
v3__sleep__awake__q95,sleep,physiology,sleep__awake: within-person q95; calendar windows where applicable,temporal_v3
v3__sleep__awake__rmssd,sleep,physiology,sleep__awake: within-person rmssd; calendar windows where applicable,temporal_v3
v3__sleep__awake__moving_range,sleep,physiology,sleep__awake: within-person moving_range; calendar windows where applicable,temporal_v3
v3__sleep__awake__lag1,sleep,physiology,sleep__awake: within-person lag1; calendar windows where applicable,temporal_v3
v3__sleep__awake__trend,sleep,physiology,sleep__awake: within-person trend; calendar windows where applicable,temporal_v3
v3__sleep__awake__bin_variance4,sleep,physiology,sleep__awake: within-person bin_variance4; calendar windows where applicable,temporal_v3
v3__sleep__awake__bin_change4,sleep,physiology,sleep__awake: within-person bin_change4; calendar windows where applicable,temporal_v3
v3__sleep__awake__stv7,sleep,physiology,sleep__awake: within-person stv7; calendar windows where applicable,temporal_v3
v3__sleep__awake__rolling_cv7,sleep,physiology,sleep__awake: within-person rolling_cv7; calendar windows where applicable,temporal_v3
v3__sleep__awake__rolling_range7,sleep,physiology,sleep__awake: within-person rolling_range7; calendar windows where applicable,temporal_v3
v3__sleep__awake__stv14,sleep,physiology,sleep__awake: within-person stv14; calendar windows where applicable,temporal_v3
v3__sleep__awake__rolling_cv14,sleep,physiology,sleep__awake: within-person rolling_cv14; calendar windows where applicable,temporal_v3
v3__sleep__awake__rolling_range14,sleep,physiology,sleep__awake: within-person rolling_range14; calendar windows where applicable,temporal_v3
v3__sleep__awake__stv28,sleep,physiology,sleep__awake: within-person stv28; calendar windows where applicable,temporal_v3
v3__sleep__awake__rolling_cv28,sleep,physiology,sleep__awake: within-person rolling_cv28; calendar windows where applicable,temporal_v3
v3__sleep__awake__rolling_range28,sleep,physiology,sleep__awake: within-person rolling_range28; calendar windows where applicable,temporal_v3
v3__sleep__breath_average__mean,sleep,physiology,sleep__breath_average: within-person mean; calendar windows where applicable,temporal_v3
v3__sleep__breath_average__std,sleep,physiology,sleep__breath_average: within-person std; calendar windows where applicable,temporal_v3
v3__sleep__breath_average__median,sleep,physiology,sleep__breath_average: within-person median; calendar windows where applicable,temporal_v3
v3__sleep__breath_average__trimmed_mean,sleep,physiology,sleep__breath_average: within-person trimmed_mean; calendar windows where applicable,temporal_v3
v3__sleep__breath_average__mode,sleep,physiology,sleep__breath_average: within-person mode; calendar windows where applicable,temporal_v3
v3__sleep__breath_average__minimum,sleep,physiology,sleep__breath_average: within-person minimum; calendar windows where applicable,temporal_v3
v3__sleep__breath_average__maximum,sleep,physiology,sleep__breath_average: within-person maximum; calendar windows where applicable,temporal_v3
v3__sleep__breath_average__range,sleep,physiology,sleep__breath_average: within-person range; calendar windows where applicable,temporal_v3
v3__sleep__breath_average__mad,sleep,physiology,sleep__breath_average: within-person mad; calendar windows where applicable,temporal_v3
v3__sleep__breath_average__cv,sleep,physiology,sleep__breath_average: within-person cv; calendar windows where applicable,temporal_v3
v3__sleep__breath_average__skew,sleep,physiology,sleep__breath_average: within-person skew; calendar windows where applicable,temporal_v3
v3__sleep__breath_average__kurtosis,sleep,physiology,sleep__breath_average: within-person kurtosis; calendar windows where applicable,temporal_v3
v3__sleep__breath_average__q05,sleep,physiology,sleep__breath_average: within-person q05; calendar windows where applicable,temporal_v3
v3__sleep__breath_average__q95,sleep,physiology,sleep__breath_average: within-person q95; calendar windows where applicable,temporal_v3
v3__sleep__breath_average__rmssd,sleep,physiology,sleep__breath_average: within-person rmssd; calendar windows where applicable,temporal_v3
v3__sleep__breath_average__moving_range,sleep,physiology,sleep__breath_average: within-person moving_range; calendar windows where applicable,temporal_v3
v3__sleep__breath_average__lag1,sleep,physiology,sleep__breath_average: within-person lag1; calendar windows where applicable,temporal_v3
v3__sleep__breath_average__trend,sleep,physiology,sleep__breath_average: within-person trend; calendar windows where applicable,temporal_v3
v3__sleep__breath_average__bin_variance4,sleep,physiology,sleep__breath_average: within-person bin_variance4; calendar windows where applicable,temporal_v3
v3__sleep__breath_average__bin_change4,sleep,physiology,sleep__breath_average: within-person bin_change4; calendar windows where applicable,temporal_v3
v3__sleep__breath_average__stv7,sleep,physiology,sleep__breath_average: within-person stv7; calendar windows where applicable,temporal_v3
v3__sleep__breath_average__rolling_cv7,sleep,physiology,sleep__breath_average: within-person rolling_cv7; calendar windows where applicable,temporal_v3
v3__sleep__breath_average__rolling_range7,sleep,physiology,sleep__breath_average: within-person rolling_range7; calendar windows where applicable,temporal_v3
v3__sleep__breath_average__stv14,sleep,physiology,sleep__breath_average: within-person stv14; calendar windows where applicable,temporal_v3
v3__sleep__breath_average__rolling_cv14,sleep,physiology,sleep__breath_average: within-person rolling_cv14; calendar windows where applicable,temporal_v3
v3__sleep__breath_average__rolling_range14,sleep,physiology,sleep__breath_average: within-person rolling_range14; calendar windows where applicable,temporal_v3
v3__sleep__breath_average__stv28,sleep,physiology,sleep__breath_average: within-person stv28; calendar windows where applicable,temporal_v3
v3__sleep__breath_average__rolling_cv28,sleep,physiology,sleep__breath_average: within-person rolling_cv28; calendar windows where applicable,temporal_v3
v3__sleep__breath_average__rolling_range28,sleep,physiology,sleep__breath_average: within-person rolling_range28; calendar windows where applicable,temporal_v3
v3__sleep__deep__mean,sleep,physiology,sleep__deep: within-person mean; calendar windows where applicable,temporal_v3
v3__sleep__deep__std,sleep,physiology,sleep__deep: within-person std; calendar windows where applicable,temporal_v3
v3__sleep__deep__median,sleep,physiology,sleep__deep: within-person median; calendar windows where applicable,temporal_v3
v3__sleep__deep__trimmed_mean,sleep,physiology,sleep__deep: within-person trimmed_mean; calendar windows where applicable,temporal_v3
v3__sleep__deep__mode,sleep,physiology,sleep__deep: within-person mode; calendar windows where applicable,temporal_v3
v3__sleep__deep__minimum,sleep,physiology,sleep__deep: within-person minimum; calendar windows where applicable,temporal_v3
v3__sleep__deep__maximum,sleep,physiology,sleep__deep: within-person maximum; calendar windows where applicable,temporal_v3
v3__sleep__deep__range,sleep,physiology,sleep__deep: within-person range; calendar windows where applicable,temporal_v3
v3__sleep__deep__mad,sleep,physiology,sleep__deep: within-person mad; calendar windows where applicable,temporal_v3
v3__sleep__deep__cv,sleep,physiology,sleep__deep: within-person cv; calendar windows where applicable,temporal_v3
v3__sleep__deep__skew,sleep,physiology,sleep__deep: within-person skew; calendar windows where applicable,temporal_v3
v3__sleep__deep__kurtosis,sleep,physiology,sleep__deep: within-person kurtosis; calendar windows where applicable,temporal_v3
v3__sleep__deep__q05,sleep,physiology,sleep__deep: within-person q05; calendar windows where applicable,temporal_v3
v3__sleep__deep__q95,sleep,physiology,sleep__deep: within-person q95; calendar windows where applicable,temporal_v3
v3__sleep__deep__rmssd,sleep,physiology,sleep__deep: within-person rmssd; calendar windows where applicable,temporal_v3
v3__sleep__deep__moving_range,sleep,physiology,sleep__deep: within-person moving_range; calendar windows where applicable,temporal_v3
v3__sleep__deep__lag1,sleep,physiology,sleep__deep: within-person lag1; calendar windows where applicable,temporal_v3
v3__sleep__deep__trend,sleep,physiology,sleep__deep: within-person trend; calendar windows where applicable,temporal_v3
v3__sleep__deep__bin_variance4,sleep,physiology,sleep__deep: within-person bin_variance4; calendar windows where applicable,temporal_v3
v3__sleep__deep__bin_change4,sleep,physiology,sleep__deep: within-person bin_change4; calendar windows where applicable,temporal_v3
v3__sleep__deep__stv7,sleep,physiology,sleep__deep: within-person stv7; calendar windows where applicable,temporal_v3
v3__sleep__deep__rolling_cv7,sleep,physiology,sleep__deep: within-person rolling_cv7; calendar windows where applicable,temporal_v3
v3__sleep__deep__rolling_range7,sleep,physiology,sleep__deep: within-person rolling_range7; calendar windows where applicable,temporal_v3
v3__sleep__deep__stv14,sleep,physiology,sleep__deep: within-person stv14; calendar windows where applicable,temporal_v3
v3__sleep__deep__rolling_cv14,sleep,physiology,sleep__deep: within-person rolling_cv14; calendar windows where applicable,temporal_v3
v3__sleep__deep__rolling_range14,sleep,physiology,sleep__deep: within-person rolling_range14; calendar windows where applicable,temporal_v3
v3__sleep__deep__stv28,sleep,physiology,sleep__deep: within-person stv28; calendar windows where applicable,temporal_v3
v3__sleep__deep__rolling_cv28,sleep,physiology,sleep__deep: within-person rolling_cv28; calendar windows where applicable,temporal_v3
v3__sleep__deep__rolling_range28,sleep,physiology,sleep__deep: within-person rolling_range28; calendar windows where applicable,temporal_v3
v3__sleep__duration__mean,sleep,physiology,sleep__duration: within-person mean; calendar windows where applicable,temporal_v3
v3__sleep__duration__std,sleep,physiology,sleep__duration: within-person std; calendar windows where applicable,temporal_v3
v3__sleep__duration__median,sleep,physiology,sleep__duration: within-person median; calendar windows where applicable,temporal_v3
v3__sleep__duration__trimmed_mean,sleep,physiology,sleep__duration: within-person trimmed_mean; calendar windows where applicable,temporal_v3
v3__sleep__duration__mode,sleep,physiology,sleep__duration: within-person mode; calendar windows where applicable,temporal_v3
v3__sleep__duration__minimum,sleep,physiology,sleep__duration: within-person minimum; calendar windows where applicable,temporal_v3
v3__sleep__duration__maximum,sleep,physiology,sleep__duration: within-person maximum; calendar windows where applicable,temporal_v3
v3__sleep__duration__range,sleep,physiology,sleep__duration: within-person range; calendar windows where applicable,temporal_v3
v3__sleep__duration__mad,sleep,physiology,sleep__duration: within-person mad; calendar windows where applicable,temporal_v3
v3__sleep__duration__cv,sleep,physiology,sleep__duration: within-person cv; calendar windows where applicable,temporal_v3
v3__sleep__duration__skew,sleep,physiology,sleep__duration: within-person skew; calendar windows where applicable,temporal_v3
v3__sleep__duration__kurtosis,sleep,physiology,sleep__duration: within-person kurtosis; calendar windows where applicable,temporal_v3
v3__sleep__duration__q05,sleep,physiology,sleep__duration: within-person q05; calendar windows where applicable,temporal_v3
v3__sleep__duration__q95,sleep,physiology,sleep__duration: within-person q95; calendar windows where applicable,temporal_v3
v3__sleep__duration__rmssd,sleep,physiology,sleep__duration: within-person rmssd; calendar windows where applicable,temporal_v3
v3__sleep__duration__moving_range,sleep,physiology,sleep__duration: within-person moving_range; calendar windows where applicable,temporal_v3
v3__sleep__duration__lag1,sleep,physiology,sleep__duration: within-person lag1; calendar windows where applicable,temporal_v3
v3__sleep__duration__trend,sleep,physiology,sleep__duration: within-person trend; calendar windows where applicable,temporal_v3
v3__sleep__duration__bin_variance4,sleep,physiology,sleep__duration: within-person bin_variance4; calendar windows where applicable,temporal_v3
v3__sleep__duration__bin_change4,sleep,physiology,sleep__duration: within-person bin_change4; calendar windows where applicable,temporal_v3
v3__sleep__duration__stv7,sleep,physiology,sleep__duration: within-person stv7; calendar windows where applicable,temporal_v3
v3__sleep__duration__rolling_cv7,sleep,physiology,sleep__duration: within-person rolling_cv7; calendar windows where applicable,temporal_v3
v3__sleep__duration__rolling_range7,sleep,physiology,sleep__duration: within-person rolling_range7; calendar windows where applicable,temporal_v3
v3__sleep__duration__stv14,sleep,physiology,sleep__duration: within-person stv14; calendar windows where applicable,temporal_v3
v3__sleep__duration__rolling_cv14,sleep,physiology,sleep__duration: within-person rolling_cv14; calendar windows where applicable,temporal_v3
v3__sleep__duration__rolling_range14,sleep,physiology,sleep__duration: within-person rolling_range14; calendar windows where applicable,temporal_v3
v3__sleep__duration__stv28,sleep,physiology,sleep__duration: within-person stv28; calendar windows where applicable,temporal_v3
v3__sleep__duration__rolling_cv28,sleep,physiology,sleep__duration: within-person rolling_cv28; calendar windows where applicable,temporal_v3
v3__sleep__duration__rolling_range28,sleep,physiology,sleep__duration: within-person rolling_range28; calendar windows where applicable,temporal_v3
v3__sleep__efficiency__mean,sleep,physiology,sleep__efficiency: within-person mean; calendar windows where applicable,temporal_v3
v3__sleep__efficiency__std,sleep,physiology,sleep__efficiency: within-person std; calendar windows where applicable,temporal_v3
v3__sleep__efficiency__median,sleep,physiology,sleep__efficiency: within-person median; calendar windows where applicable,temporal_v3
v3__sleep__efficiency__trimmed_mean,sleep,physiology,sleep__efficiency: within-person trimmed_mean; calendar windows where applicable,temporal_v3
v3__sleep__efficiency__mode,sleep,physiology,sleep__efficiency: within-person mode; calendar windows where applicable,temporal_v3
v3__sleep__efficiency__minimum,sleep,physiology,sleep__efficiency: within-person minimum; calendar windows where applicable,temporal_v3
v3__sleep__efficiency__maximum,sleep,physiology,sleep__efficiency: within-person maximum; calendar windows where applicable,temporal_v3
v3__sleep__efficiency__range,sleep,physiology,sleep__efficiency: within-person range; calendar windows where applicable,temporal_v3
v3__sleep__efficiency__mad,sleep,physiology,sleep__efficiency: within-person mad; calendar windows where applicable,temporal_v3
v3__sleep__efficiency__cv,sleep,physiology,sleep__efficiency: within-person cv; calendar windows where applicable,temporal_v3
v3__sleep__efficiency__skew,sleep,physiology,sleep__efficiency: within-person skew; calendar windows where applicable,temporal_v3
v3__sleep__efficiency__kurtosis,sleep,physiology,sleep__efficiency: within-person kurtosis; calendar windows where applicable,temporal_v3
v3__sleep__efficiency__q05,sleep,physiology,sleep__efficiency: within-person q05; calendar windows where applicable,temporal_v3
v3__sleep__efficiency__q95,sleep,physiology,sleep__efficiency: within-person q95; calendar windows where applicable,temporal_v3
v3__sleep__efficiency__rmssd,sleep,physiology,sleep__efficiency: within-person rmssd; calendar windows where applicable,temporal_v3
v3__sleep__efficiency__moving_range,sleep,physiology,sleep__efficiency: within-person moving_range; calendar windows where applicable,temporal_v3
v3__sleep__efficiency__lag1,sleep,physiology,sleep__efficiency: within-person lag1; calendar windows where applicable,temporal_v3
v3__sleep__efficiency__trend,sleep,physiology,sleep__efficiency: within-person trend; calendar windows where applicable,temporal_v3
v3__sleep__efficiency__bin_variance4,sleep,physiology,sleep__efficiency: within-person bin_variance4; calendar windows where applicable,temporal_v3
v3__sleep__efficiency__bin_change4,sleep,physiology,sleep__efficiency: within-person bin_change4; calendar windows where applicable,temporal_v3
v3__sleep__efficiency__stv7,sleep,physiology,sleep__efficiency: within-person stv7; calendar windows where applicable,temporal_v3
v3__sleep__efficiency__rolling_cv7,sleep,physiology,sleep__efficiency: within-person rolling_cv7; calendar windows where applicable,temporal_v3
v3__sleep__efficiency__rolling_range7,sleep,physiology,sleep__efficiency: within-person rolling_range7; calendar windows where applicable,temporal_v3
v3__sleep__efficiency__stv14,sleep,physiology,sleep__efficiency: within-person stv14; calendar windows where applicable,temporal_v3
v3__sleep__efficiency__rolling_cv14,sleep,physiology,sleep__efficiency: within-person rolling_cv14; calendar windows where applicable,temporal_v3
v3__sleep__efficiency__rolling_range14,sleep,physiology,sleep__efficiency: within-person rolling_range14; calendar windows where applicable,temporal_v3
v3__sleep__efficiency__stv28,sleep,physiology,sleep__efficiency: within-person stv28; calendar windows where applicable,temporal_v3
v3__sleep__efficiency__rolling_cv28,sleep,physiology,sleep__efficiency: within-person rolling_cv28; calendar windows where applicable,temporal_v3
v3__sleep__efficiency__rolling_range28,sleep,physiology,sleep__efficiency: within-person rolling_range28; calendar windows where applicable,temporal_v3
v3__sleep__hr_average__mean,sleep,physiology,sleep__hr_average: within-person mean; calendar windows where applicable,temporal_v3
v3__sleep__hr_average__std,sleep,physiology,sleep__hr_average: within-person std; calendar windows where applicable,temporal_v3
v3__sleep__hr_average__median,sleep,physiology,sleep__hr_average: within-person median; calendar windows where applicable,temporal_v3
v3__sleep__hr_average__trimmed_mean,sleep,physiology,sleep__hr_average: within-person trimmed_mean; calendar windows where applicable,temporal_v3
v3__sleep__hr_average__mode,sleep,physiology,sleep__hr_average: within-person mode; calendar windows where applicable,temporal_v3
v3__sleep__hr_average__minimum,sleep,physiology,sleep__hr_average: within-person minimum; calendar windows where applicable,temporal_v3
v3__sleep__hr_average__maximum,sleep,physiology,sleep__hr_average: within-person maximum; calendar windows where applicable,temporal_v3
v3__sleep__hr_average__range,sleep,physiology,sleep__hr_average: within-person range; calendar windows where applicable,temporal_v3
v3__sleep__hr_average__mad,sleep,physiology,sleep__hr_average: within-person mad; calendar windows where applicable,temporal_v3
v3__sleep__hr_average__cv,sleep,physiology,sleep__hr_average: within-person cv; calendar windows where applicable,temporal_v3
v3__sleep__hr_average__skew,sleep,physiology,sleep__hr_average: within-person skew; calendar windows where applicable,temporal_v3
v3__sleep__hr_average__kurtosis,sleep,physiology,sleep__hr_average: within-person kurtosis; calendar windows where applicable,temporal_v3
v3__sleep__hr_average__q05,sleep,physiology,sleep__hr_average: within-person q05; calendar windows where applicable,temporal_v3
v3__sleep__hr_average__q95,sleep,physiology,sleep__hr_average: within-person q95; calendar windows where applicable,temporal_v3
v3__sleep__hr_average__rmssd,sleep,physiology,sleep__hr_average: within-person rmssd; calendar windows where applicable,temporal_v3
v3__sleep__hr_average__moving_range,sleep,physiology,sleep__hr_average: within-person moving_range; calendar windows where applicable,temporal_v3
v3__sleep__hr_average__lag1,sleep,physiology,sleep__hr_average: within-person lag1; calendar windows where applicable,temporal_v3
v3__sleep__hr_average__trend,sleep,physiology,sleep__hr_average: within-person trend; calendar windows where applicable,temporal_v3
v3__sleep__hr_average__bin_variance4,sleep,physiology,sleep__hr_average: within-person bin_variance4; calendar windows where applicable,temporal_v3
v3__sleep__hr_average__bin_change4,sleep,physiology,sleep__hr_average: within-person bin_change4; calendar windows where applicable,temporal_v3
v3__sleep__hr_average__stv7,sleep,physiology,sleep__hr_average: within-person stv7; calendar windows where applicable,temporal_v3
v3__sleep__hr_average__rolling_cv7,sleep,physiology,sleep__hr_average: within-person rolling_cv7; calendar windows where applicable,temporal_v3
v3__sleep__hr_average__rolling_range7,sleep,physiology,sleep__hr_average: within-person rolling_range7; calendar windows where applicable,temporal_v3
v3__sleep__hr_average__stv14,sleep,physiology,sleep__hr_average: within-person stv14; calendar windows where applicable,temporal_v3
v3__sleep__hr_average__rolling_cv14,sleep,physiology,sleep__hr_average: within-person rolling_cv14; calendar windows where applicable,temporal_v3
v3__sleep__hr_average__rolling_range14,sleep,physiology,sleep__hr_average: within-person rolling_range14; calendar windows where applicable,temporal_v3
v3__sleep__hr_average__stv28,sleep,physiology,sleep__hr_average: within-person stv28; calendar windows where applicable,temporal_v3
v3__sleep__hr_average__rolling_cv28,sleep,physiology,sleep__hr_average: within-person rolling_cv28; calendar windows where applicable,temporal_v3
v3__sleep__hr_average__rolling_range28,sleep,physiology,sleep__hr_average: within-person rolling_range28; calendar windows where applicable,temporal_v3
v3__sleep__hr_lowest__mean,sleep,physiology,sleep__hr_lowest: within-person mean; calendar windows where applicable,temporal_v3
v3__sleep__hr_lowest__std,sleep,physiology,sleep__hr_lowest: within-person std; calendar windows where applicable,temporal_v3
v3__sleep__hr_lowest__median,sleep,physiology,sleep__hr_lowest: within-person median; calendar windows where applicable,temporal_v3
v3__sleep__hr_lowest__trimmed_mean,sleep,physiology,sleep__hr_lowest: within-person trimmed_mean; calendar windows where applicable,temporal_v3
v3__sleep__hr_lowest__mode,sleep,physiology,sleep__hr_lowest: within-person mode; calendar windows where applicable,temporal_v3
v3__sleep__hr_lowest__minimum,sleep,physiology,sleep__hr_lowest: within-person minimum; calendar windows where applicable,temporal_v3
v3__sleep__hr_lowest__maximum,sleep,physiology,sleep__hr_lowest: within-person maximum; calendar windows where applicable,temporal_v3
v3__sleep__hr_lowest__range,sleep,physiology,sleep__hr_lowest: within-person range; calendar windows where applicable,temporal_v3
v3__sleep__hr_lowest__mad,sleep,physiology,sleep__hr_lowest: within-person mad; calendar windows where applicable,temporal_v3
v3__sleep__hr_lowest__cv,sleep,physiology,sleep__hr_lowest: within-person cv; calendar windows where applicable,temporal_v3
v3__sleep__hr_lowest__skew,sleep,physiology,sleep__hr_lowest: within-person skew; calendar windows where applicable,temporal_v3
v3__sleep__hr_lowest__kurtosis,sleep,physiology,sleep__hr_lowest: within-person kurtosis; calendar windows where applicable,temporal_v3
v3__sleep__hr_lowest__q05,sleep,physiology,sleep__hr_lowest: within-person q05; calendar windows where applicable,temporal_v3
v3__sleep__hr_lowest__q95,sleep,physiology,sleep__hr_lowest: within-person q95; calendar windows where applicable,temporal_v3
v3__sleep__hr_lowest__rmssd,sleep,physiology,sleep__hr_lowest: within-person rmssd; calendar windows where applicable,temporal_v3
v3__sleep__hr_lowest__moving_range,sleep,physiology,sleep__hr_lowest: within-person moving_range; calendar windows where applicable,temporal_v3
v3__sleep__hr_lowest__lag1,sleep,physiology,sleep__hr_lowest: within-person lag1; calendar windows where applicable,temporal_v3
v3__sleep__hr_lowest__trend,sleep,physiology,sleep__hr_lowest: within-person trend; calendar windows where applicable,temporal_v3
v3__sleep__hr_lowest__bin_variance4,sleep,physiology,sleep__hr_lowest: within-person bin_variance4; calendar windows where applicable,temporal_v3
v3__sleep__hr_lowest__bin_change4,sleep,physiology,sleep__hr_lowest: within-person bin_change4; calendar windows where applicable,temporal_v3
v3__sleep__hr_lowest__stv7,sleep,physiology,sleep__hr_lowest: within-person stv7; calendar windows where applicable,temporal_v3
v3__sleep__hr_lowest__rolling_cv7,sleep,physiology,sleep__hr_lowest: within-person rolling_cv7; calendar windows where applicable,temporal_v3
v3__sleep__hr_lowest__rolling_range7,sleep,physiology,sleep__hr_lowest: within-person rolling_range7; calendar windows where applicable,temporal_v3
v3__sleep__hr_lowest__stv14,sleep,physiology,sleep__hr_lowest: within-person stv14; calendar windows where applicable,temporal_v3
v3__sleep__hr_lowest__rolling_cv14,sleep,physiology,sleep__hr_lowest: within-person rolling_cv14; calendar windows where applicable,temporal_v3
v3__sleep__hr_lowest__rolling_range14,sleep,physiology,sleep__hr_lowest: within-person rolling_range14; calendar windows where applicable,temporal_v3
v3__sleep__hr_lowest__stv28,sleep,physiology,sleep__hr_lowest: within-person stv28; calendar windows where applicable,temporal_v3
v3__sleep__hr_lowest__rolling_cv28,sleep,physiology,sleep__hr_lowest: within-person rolling_cv28; calendar windows where applicable,temporal_v3
v3__sleep__hr_lowest__rolling_range28,sleep,physiology,sleep__hr_lowest: within-person rolling_range28; calendar windows where applicable,temporal_v3
v3__sleep__light__mean,sleep,physiology,sleep__light: within-person mean; calendar windows where applicable,temporal_v3
v3__sleep__light__std,sleep,physiology,sleep__light: within-person std; calendar windows where applicable,temporal_v3
v3__sleep__light__median,sleep,physiology,sleep__light: within-person median; calendar windows where applicable,temporal_v3
v3__sleep__light__trimmed_mean,sleep,physiology,sleep__light: within-person trimmed_mean; calendar windows where applicable,temporal_v3
v3__sleep__light__mode,sleep,physiology,sleep__light: within-person mode; calendar windows where applicable,temporal_v3
v3__sleep__light__minimum,sleep,physiology,sleep__light: within-person minimum; calendar windows where applicable,temporal_v3
v3__sleep__light__maximum,sleep,physiology,sleep__light: within-person maximum; calendar windows where applicable,temporal_v3
v3__sleep__light__range,sleep,physiology,sleep__light: within-person range; calendar windows where applicable,temporal_v3
v3__sleep__light__mad,sleep,physiology,sleep__light: within-person mad; calendar windows where applicable,temporal_v3
v3__sleep__light__cv,sleep,physiology,sleep__light: within-person cv; calendar windows where applicable,temporal_v3
v3__sleep__light__skew,sleep,physiology,sleep__light: within-person skew; calendar windows where applicable,temporal_v3
v3__sleep__light__kurtosis,sleep,physiology,sleep__light: within-person kurtosis; calendar windows where applicable,temporal_v3
v3__sleep__light__q05,sleep,physiology,sleep__light: within-person q05; calendar windows where applicable,temporal_v3
v3__sleep__light__q95,sleep,physiology,sleep__light: within-person q95; calendar windows where applicable,temporal_v3
v3__sleep__light__rmssd,sleep,physiology,sleep__light: within-person rmssd; calendar windows where applicable,temporal_v3
v3__sleep__light__moving_range,sleep,physiology,sleep__light: within-person moving_range; calendar windows where applicable,temporal_v3
v3__sleep__light__lag1,sleep,physiology,sleep__light: within-person lag1; calendar windows where applicable,temporal_v3
v3__sleep__light__trend,sleep,physiology,sleep__light: within-person trend; calendar windows where applicable,temporal_v3
v3__sleep__light__bin_variance4,sleep,physiology,sleep__light: within-person bin_variance4; calendar windows where applicable,temporal_v3
v3__sleep__light__bin_change4,sleep,physiology,sleep__light: within-person bin_change4; calendar windows where applicable,temporal_v3
v3__sleep__light__stv7,sleep,physiology,sleep__light: within-person stv7; calendar windows where applicable,temporal_v3
v3__sleep__light__rolling_cv7,sleep,physiology,sleep__light: within-person rolling_cv7; calendar windows where applicable,temporal_v3
v3__sleep__light__rolling_range7,sleep,physiology,sleep__light: within-person rolling_range7; calendar windows where applicable,temporal_v3
v3__sleep__light__stv14,sleep,physiology,sleep__light: within-person stv14; calendar windows where applicable,temporal_v3
v3__sleep__light__rolling_cv14,sleep,physiology,sleep__light: within-person rolling_cv14; calendar windows where applicable,temporal_v3
v3__sleep__light__rolling_range14,sleep,physiology,sleep__light: within-person rolling_range14; calendar windows where applicable,temporal_v3
v3__sleep__light__stv28,sleep,physiology,sleep__light: within-person stv28; calendar windows where applicable,temporal_v3
v3__sleep__light__rolling_cv28,sleep,physiology,sleep__light: within-person rolling_cv28; calendar windows where applicable,temporal_v3
v3__sleep__light__rolling_range28,sleep,physiology,sleep__light: within-person rolling_range28; calendar windows where applicable,temporal_v3
v3__sleep__onset_latency__mean,sleep,physiology,sleep__onset_latency: within-person mean; calendar windows where applicable,temporal_v3
v3__sleep__onset_latency__std,sleep,physiology,sleep__onset_latency: within-person std; calendar windows where applicable,temporal_v3
v3__sleep__onset_latency__median,sleep,physiology,sleep__onset_latency: within-person median; calendar windows where applicable,temporal_v3
v3__sleep__onset_latency__trimmed_mean,sleep,physiology,sleep__onset_latency: within-person trimmed_mean; calendar windows where applicable,temporal_v3
v3__sleep__onset_latency__mode,sleep,physiology,sleep__onset_latency: within-person mode; calendar windows where applicable,temporal_v3
v3__sleep__onset_latency__minimum,sleep,physiology,sleep__onset_latency: within-person minimum; calendar windows where applicable,temporal_v3
v3__sleep__onset_latency__maximum,sleep,physiology,sleep__onset_latency: within-person maximum; calendar windows where applicable,temporal_v3
v3__sleep__onset_latency__range,sleep,physiology,sleep__onset_latency: within-person range; calendar windows where applicable,temporal_v3
v3__sleep__onset_latency__mad,sleep,physiology,sleep__onset_latency: within-person mad; calendar windows where applicable,temporal_v3
v3__sleep__onset_latency__cv,sleep,physiology,sleep__onset_latency: within-person cv; calendar windows where applicable,temporal_v3
v3__sleep__onset_latency__skew,sleep,physiology,sleep__onset_latency: within-person skew; calendar windows where applicable,temporal_v3
v3__sleep__onset_latency__kurtosis,sleep,physiology,sleep__onset_latency: within-person kurtosis; calendar windows where applicable,temporal_v3
v3__sleep__onset_latency__q05,sleep,physiology,sleep__onset_latency: within-person q05; calendar windows where applicable,temporal_v3
v3__sleep__onset_latency__q95,sleep,physiology,sleep__onset_latency: within-person q95; calendar windows where applicable,temporal_v3
v3__sleep__onset_latency__rmssd,sleep,physiology,sleep__onset_latency: within-person rmssd; calendar windows where applicable,temporal_v3
v3__sleep__onset_latency__moving_range,sleep,physiology,sleep__onset_latency: within-person moving_range; calendar windows where applicable,temporal_v3
v3__sleep__onset_latency__lag1,sleep,physiology,sleep__onset_latency: within-person lag1; calendar windows where applicable,temporal_v3
v3__sleep__onset_latency__trend,sleep,physiology,sleep__onset_latency: within-person trend; calendar windows where applicable,temporal_v3
v3__sleep__onset_latency__bin_variance4,sleep,physiology,sleep__onset_latency: within-person bin_variance4; calendar windows where applicable,temporal_v3
v3__sleep__onset_latency__bin_change4,sleep,physiology,sleep__onset_latency: within-person bin_change4; calendar windows where applicable,temporal_v3
v3__sleep__onset_latency__stv7,sleep,physiology,sleep__onset_latency: within-person stv7; calendar windows where applicable,temporal_v3
v3__sleep__onset_latency__rolling_cv7,sleep,physiology,sleep__onset_latency: within-person rolling_cv7; calendar windows where applicable,temporal_v3
v3__sleep__onset_latency__rolling_range7,sleep,physiology,sleep__onset_latency: within-person rolling_range7; calendar windows where applicable,temporal_v3
v3__sleep__onset_latency__stv14,sleep,physiology,sleep__onset_latency: within-person stv14; calendar windows where applicable,temporal_v3
v3__sleep__onset_latency__rolling_cv14,sleep,physiology,sleep__onset_latency: within-person rolling_cv14; calendar windows where applicable,temporal_v3
v3__sleep__onset_latency__rolling_range14,sleep,physiology,sleep__onset_latency: within-person rolling_range14; calendar windows where applicable,temporal_v3
v3__sleep__onset_latency__stv28,sleep,physiology,sleep__onset_latency: within-person stv28; calendar windows where applicable,temporal_v3
v3__sleep__onset_latency__rolling_cv28,sleep,physiology,sleep__onset_latency: within-person rolling_cv28; calendar windows where applicable,temporal_v3
v3__sleep__onset_latency__rolling_range28,sleep,physiology,sleep__onset_latency: within-person rolling_range28; calendar windows where applicable,temporal_v3
v3__sleep__rem__mean,sleep,physiology,sleep__rem: within-person mean; calendar windows where applicable,temporal_v3
v3__sleep__rem__std,sleep,physiology,sleep__rem: within-person std; calendar windows where applicable,temporal_v3
v3__sleep__rem__median,sleep,physiology,sleep__rem: within-person median; calendar windows where applicable,temporal_v3
v3__sleep__rem__trimmed_mean,sleep,physiology,sleep__rem: within-person trimmed_mean; calendar windows where applicable,temporal_v3
v3__sleep__rem__mode,sleep,physiology,sleep__rem: within-person mode; calendar windows where applicable,temporal_v3
v3__sleep__rem__minimum,sleep,physiology,sleep__rem: within-person minimum; calendar windows where applicable,temporal_v3
v3__sleep__rem__maximum,sleep,physiology,sleep__rem: within-person maximum; calendar windows where applicable,temporal_v3
v3__sleep__rem__range,sleep,physiology,sleep__rem: within-person range; calendar windows where applicable,temporal_v3
v3__sleep__rem__mad,sleep,physiology,sleep__rem: within-person mad; calendar windows where applicable,temporal_v3
v3__sleep__rem__cv,sleep,physiology,sleep__rem: within-person cv; calendar windows where applicable,temporal_v3
v3__sleep__rem__skew,sleep,physiology,sleep__rem: within-person skew; calendar windows where applicable,temporal_v3
v3__sleep__rem__kurtosis,sleep,physiology,sleep__rem: within-person kurtosis; calendar windows where applicable,temporal_v3
v3__sleep__rem__q05,sleep,physiology,sleep__rem: within-person q05; calendar windows where applicable,temporal_v3
v3__sleep__rem__q95,sleep,physiology,sleep__rem: within-person q95; calendar windows where applicable,temporal_v3
v3__sleep__rem__rmssd,sleep,physiology,sleep__rem: within-person rmssd; calendar windows where applicable,temporal_v3
v3__sleep__rem__moving_range,sleep,physiology,sleep__rem: within-person moving_range; calendar windows where applicable,temporal_v3
v3__sleep__rem__lag1,sleep,physiology,sleep__rem: within-person lag1; calendar windows where applicable,temporal_v3
v3__sleep__rem__trend,sleep,physiology,sleep__rem: within-person trend; calendar windows where applicable,temporal_v3
v3__sleep__rem__bin_variance4,sleep,physiology,sleep__rem: within-person bin_variance4; calendar windows where applicable,temporal_v3
v3__sleep__rem__bin_change4,sleep,physiology,sleep__rem: within-person bin_change4; calendar windows where applicable,temporal_v3
v3__sleep__rem__stv7,sleep,physiology,sleep__rem: within-person stv7; calendar windows where applicable,temporal_v3
v3__sleep__rem__rolling_cv7,sleep,physiology,sleep__rem: within-person rolling_cv7; calendar windows where applicable,temporal_v3
v3__sleep__rem__rolling_range7,sleep,physiology,sleep__rem: within-person rolling_range7; calendar windows where applicable,temporal_v3
v3__sleep__rem__stv14,sleep,physiology,sleep__rem: within-person stv14; calendar windows where applicable,temporal_v3
v3__sleep__rem__rolling_cv14,sleep,physiology,sleep__rem: within-person rolling_cv14; calendar windows where applicable,temporal_v3
v3__sleep__rem__rolling_range14,sleep,physiology,sleep__rem: within-person rolling_range14; calendar windows where applicable,temporal_v3
v3__sleep__rem__stv28,sleep,physiology,sleep__rem: within-person stv28; calendar windows where applicable,temporal_v3
v3__sleep__rem__rolling_cv28,sleep,physiology,sleep__rem: within-person rolling_cv28; calendar windows where applicable,temporal_v3
v3__sleep__rem__rolling_range28,sleep,physiology,sleep__rem: within-person rolling_range28; calendar windows where applicable,temporal_v3
v3__sleep__restless__mean,sleep,physiology,sleep__restless: within-person mean; calendar windows where applicable,temporal_v3
v3__sleep__restless__std,sleep,physiology,sleep__restless: within-person std; calendar windows where applicable,temporal_v3
v3__sleep__restless__median,sleep,physiology,sleep__restless: within-person median; calendar windows where applicable,temporal_v3
v3__sleep__restless__trimmed_mean,sleep,physiology,sleep__restless: within-person trimmed_mean; calendar windows where applicable,temporal_v3
v3__sleep__restless__mode,sleep,physiology,sleep__restless: within-person mode; calendar windows where applicable,temporal_v3
v3__sleep__restless__minimum,sleep,physiology,sleep__restless: within-person minimum; calendar windows where applicable,temporal_v3
v3__sleep__restless__maximum,sleep,physiology,sleep__restless: within-person maximum; calendar windows where applicable,temporal_v3
v3__sleep__restless__range,sleep,physiology,sleep__restless: within-person range; calendar windows where applicable,temporal_v3
v3__sleep__restless__mad,sleep,physiology,sleep__restless: within-person mad; calendar windows where applicable,temporal_v3
v3__sleep__restless__cv,sleep,physiology,sleep__restless: within-person cv; calendar windows where applicable,temporal_v3
v3__sleep__restless__skew,sleep,physiology,sleep__restless: within-person skew; calendar windows where applicable,temporal_v3
v3__sleep__restless__kurtosis,sleep,physiology,sleep__restless: within-person kurtosis; calendar windows where applicable,temporal_v3
v3__sleep__restless__q05,sleep,physiology,sleep__restless: within-person q05; calendar windows where applicable,temporal_v3
v3__sleep__restless__q95,sleep,physiology,sleep__restless: within-person q95; calendar windows where applicable,temporal_v3
v3__sleep__restless__rmssd,sleep,physiology,sleep__restless: within-person rmssd; calendar windows where applicable,temporal_v3
v3__sleep__restless__moving_range,sleep,physiology,sleep__restless: within-person moving_range; calendar windows where applicable,temporal_v3
v3__sleep__restless__lag1,sleep,physiology,sleep__restless: within-person lag1; calendar windows where applicable,temporal_v3
v3__sleep__restless__trend,sleep,physiology,sleep__restless: within-person trend; calendar windows where applicable,temporal_v3
v3__sleep__restless__bin_variance4,sleep,physiology,sleep__restless: within-person bin_variance4; calendar windows where applicable,temporal_v3
v3__sleep__restless__bin_change4,sleep,physiology,sleep__restless: within-person bin_change4; calendar windows where applicable,temporal_v3
v3__sleep__restless__stv7,sleep,physiology,sleep__restless: within-person stv7; calendar windows where applicable,temporal_v3
v3__sleep__restless__rolling_cv7,sleep,physiology,sleep__restless: within-person rolling_cv7; calendar windows where applicable,temporal_v3
v3__sleep__restless__rolling_range7,sleep,physiology,sleep__restless: within-person rolling_range7; calendar windows where applicable,temporal_v3
v3__sleep__restless__stv14,sleep,physiology,sleep__restless: within-person stv14; calendar windows where applicable,temporal_v3
v3__sleep__restless__rolling_cv14,sleep,physiology,sleep__restless: within-person rolling_cv14; calendar windows where applicable,temporal_v3
v3__sleep__restless__rolling_range14,sleep,physiology,sleep__restless: within-person rolling_range14; calendar windows where applicable,temporal_v3
v3__sleep__restless__stv28,sleep,physiology,sleep__restless: within-person stv28; calendar windows where applicable,temporal_v3
v3__sleep__restless__rolling_cv28,sleep,physiology,sleep__restless: within-person rolling_cv28; calendar windows where applicable,temporal_v3
v3__sleep__restless__rolling_range28,sleep,physiology,sleep__restless: within-person rolling_range28; calendar windows where applicable,temporal_v3
v3__sleep__rmssd__mean,sleep,physiology,sleep__rmssd: within-person mean; calendar windows where applicable,temporal_v3
v3__sleep__rmssd__std,sleep,physiology,sleep__rmssd: within-person std; calendar windows where applicable,temporal_v3
v3__sleep__rmssd__median,sleep,physiology,sleep__rmssd: within-person median; calendar windows where applicable,temporal_v3
v3__sleep__rmssd__trimmed_mean,sleep,physiology,sleep__rmssd: within-person trimmed_mean; calendar windows where applicable,temporal_v3
v3__sleep__rmssd__mode,sleep,physiology,sleep__rmssd: within-person mode; calendar windows where applicable,temporal_v3
v3__sleep__rmssd__minimum,sleep,physiology,sleep__rmssd: within-person minimum; calendar windows where applicable,temporal_v3
v3__sleep__rmssd__maximum,sleep,physiology,sleep__rmssd: within-person maximum; calendar windows where applicable,temporal_v3
v3__sleep__rmssd__range,sleep,physiology,sleep__rmssd: within-person range; calendar windows where applicable,temporal_v3
v3__sleep__rmssd__mad,sleep,physiology,sleep__rmssd: within-person mad; calendar windows where applicable,temporal_v3
v3__sleep__rmssd__cv,sleep,physiology,sleep__rmssd: within-person cv; calendar windows where applicable,temporal_v3
v3__sleep__rmssd__skew,sleep,physiology,sleep__rmssd: within-person skew; calendar windows where applicable,temporal_v3
v3__sleep__rmssd__kurtosis,sleep,physiology,sleep__rmssd: within-person kurtosis; calendar windows where applicable,temporal_v3
v3__sleep__rmssd__q05,sleep,physiology,sleep__rmssd: within-person q05; calendar windows where applicable,temporal_v3
v3__sleep__rmssd__q95,sleep,physiology,sleep__rmssd: within-person q95; calendar windows where applicable,temporal_v3
v3__sleep__rmssd__rmssd,sleep,physiology,sleep__rmssd: within-person rmssd; calendar windows where applicable,temporal_v3
v3__sleep__rmssd__moving_range,sleep,physiology,sleep__rmssd: within-person moving_range; calendar windows where applicable,temporal_v3
v3__sleep__rmssd__lag1,sleep,physiology,sleep__rmssd: within-person lag1; calendar windows where applicable,temporal_v3
v3__sleep__rmssd__trend,sleep,physiology,sleep__rmssd: within-person trend; calendar windows where applicable,temporal_v3
v3__sleep__rmssd__bin_variance4,sleep,physiology,sleep__rmssd: within-person bin_variance4; calendar windows where applicable,temporal_v3
v3__sleep__rmssd__bin_change4,sleep,physiology,sleep__rmssd: within-person bin_change4; calendar windows where applicable,temporal_v3
v3__sleep__rmssd__stv7,sleep,physiology,sleep__rmssd: within-person stv7; calendar windows where applicable,temporal_v3
v3__sleep__rmssd__rolling_cv7,sleep,physiology,sleep__rmssd: within-person rolling_cv7; calendar windows where applicable,temporal_v3
v3__sleep__rmssd__rolling_range7,sleep,physiology,sleep__rmssd: within-person rolling_range7; calendar windows where applicable,temporal_v3
v3__sleep__rmssd__stv14,sleep,physiology,sleep__rmssd: within-person stv14; calendar windows where applicable,temporal_v3
v3__sleep__rmssd__rolling_cv14,sleep,physiology,sleep__rmssd: within-person rolling_cv14; calendar windows where applicable,temporal_v3
v3__sleep__rmssd__rolling_range14,sleep,physiology,sleep__rmssd: within-person rolling_range14; calendar windows where applicable,temporal_v3
v3__sleep__rmssd__stv28,sleep,physiology,sleep__rmssd: within-person stv28; calendar windows where applicable,temporal_v3
v3__sleep__rmssd__rolling_cv28,sleep,physiology,sleep__rmssd: within-person rolling_cv28; calendar windows where applicable,temporal_v3
v3__sleep__rmssd__rolling_range28,sleep,physiology,sleep__rmssd: within-person rolling_range28; calendar windows where applicable,temporal_v3
v3__sleep__score__mean,sleep,vendor,sleep__score: within-person mean; calendar windows where applicable,temporal_v3
v3__sleep__score__std,sleep,vendor,sleep__score: within-person std; calendar windows where applicable,temporal_v3
v3__sleep__score__median,sleep,vendor,sleep__score: within-person median; calendar windows where applicable,temporal_v3
v3__sleep__score__trimmed_mean,sleep,vendor,sleep__score: within-person trimmed_mean; calendar windows where applicable,temporal_v3
v3__sleep__score__mode,sleep,vendor,sleep__score: within-person mode; calendar windows where applicable,temporal_v3
v3__sleep__score__minimum,sleep,vendor,sleep__score: within-person minimum; calendar windows where applicable,temporal_v3
v3__sleep__score__maximum,sleep,vendor,sleep__score: within-person maximum; calendar windows where applicable,temporal_v3
v3__sleep__score__range,sleep,vendor,sleep__score: within-person range; calendar windows where applicable,temporal_v3
v3__sleep__score__mad,sleep,vendor,sleep__score: within-person mad; calendar windows where applicable,temporal_v3
v3__sleep__score__cv,sleep,vendor,sleep__score: within-person cv; calendar windows where applicable,temporal_v3
v3__sleep__score__skew,sleep,vendor,sleep__score: within-person skew; calendar windows where applicable,temporal_v3
v3__sleep__score__kurtosis,sleep,vendor,sleep__score: within-person kurtosis; calendar windows where applicable,temporal_v3
v3__sleep__score__q05,sleep,vendor,sleep__score: within-person q05; calendar windows where applicable,temporal_v3
v3__sleep__score__q95,sleep,vendor,sleep__score: within-person q95; calendar windows where applicable,temporal_v3
v3__sleep__score__rmssd,sleep,vendor,sleep__score: within-person rmssd; calendar windows where applicable,temporal_v3
v3__sleep__score__moving_range,sleep,vendor,sleep__score: within-person moving_range; calendar windows where applicable,temporal_v3
v3__sleep__score__lag1,sleep,vendor,sleep__score: within-person lag1; calendar windows where applicable,temporal_v3
v3__sleep__score__trend,sleep,vendor,sleep__score: within-person trend; calendar windows where applicable,temporal_v3
v3__sleep__score__bin_variance4,sleep,vendor,sleep__score: within-person bin_variance4; calendar windows where applicable,temporal_v3
v3__sleep__score__bin_change4,sleep,vendor,sleep__score: within-person bin_change4; calendar windows where applicable,temporal_v3
v3__sleep__score__stv7,sleep,vendor,sleep__score: within-person stv7; calendar windows where applicable,temporal_v3
v3__sleep__score__rolling_cv7,sleep,vendor,sleep__score: within-person rolling_cv7; calendar windows where applicable,temporal_v3
v3__sleep__score__rolling_range7,sleep,vendor,sleep__score: within-person rolling_range7; calendar windows where applicable,temporal_v3
v3__sleep__score__stv14,sleep,vendor,sleep__score: within-person stv14; calendar windows where applicable,temporal_v3
v3__sleep__score__rolling_cv14,sleep,vendor,sleep__score: within-person rolling_cv14; calendar windows where applicable,temporal_v3
v3__sleep__score__rolling_range14,sleep,vendor,sleep__score: within-person rolling_range14; calendar windows where applicable,temporal_v3
v3__sleep__score__stv28,sleep,vendor,sleep__score: within-person stv28; calendar windows where applicable,temporal_v3
v3__sleep__score__rolling_cv28,sleep,vendor,sleep__score: within-person rolling_cv28; calendar windows where applicable,temporal_v3
v3__sleep__score__rolling_range28,sleep,vendor,sleep__score: within-person rolling_range28; calendar windows where applicable,temporal_v3
v3__sleep__score_alignment__mean,sleep,vendor,sleep__score_alignment: within-person mean; calendar windows where applicable,temporal_v3
v3__sleep__score_alignment__std,sleep,vendor,sleep__score_alignment: within-person std; calendar windows where applicable,temporal_v3
v3__sleep__score_alignment__median,sleep,vendor,sleep__score_alignment: within-person median; calendar windows where applicable,temporal_v3
v3__sleep__score_alignment__trimmed_mean,sleep,vendor,sleep__score_alignment: within-person trimmed_mean; calendar windows where applicable,temporal_v3
v3__sleep__score_alignment__mode,sleep,vendor,sleep__score_alignment: within-person mode; calendar windows where applicable,temporal_v3
v3__sleep__score_alignment__minimum,sleep,vendor,sleep__score_alignment: within-person minimum; calendar windows where applicable,temporal_v3
v3__sleep__score_alignment__maximum,sleep,vendor,sleep__score_alignment: within-person maximum; calendar windows where applicable,temporal_v3
v3__sleep__score_alignment__range,sleep,vendor,sleep__score_alignment: within-person range; calendar windows where applicable,temporal_v3
v3__sleep__score_alignment__mad,sleep,vendor,sleep__score_alignment: within-person mad; calendar windows where applicable,temporal_v3
v3__sleep__score_alignment__cv,sleep,vendor,sleep__score_alignment: within-person cv; calendar windows where applicable,temporal_v3
v3__sleep__score_alignment__skew,sleep,vendor,sleep__score_alignment: within-person skew; calendar windows where applicable,temporal_v3
v3__sleep__score_alignment__kurtosis,sleep,vendor,sleep__score_alignment: within-person kurtosis; calendar windows where applicable,temporal_v3
v3__sleep__score_alignment__q05,sleep,vendor,sleep__score_alignment: within-person q05; calendar windows where applicable,temporal_v3
v3__sleep__score_alignment__q95,sleep,vendor,sleep__score_alignment: within-person q95; calendar windows where applicable,temporal_v3
v3__sleep__score_alignment__rmssd,sleep,vendor,sleep__score_alignment: within-person rmssd; calendar windows where applicable,temporal_v3
v3__sleep__score_alignment__moving_range,sleep,vendor,sleep__score_alignment: within-person moving_range; calendar windows where applicable,temporal_v3
v3__sleep__score_alignment__lag1,sleep,vendor,sleep__score_alignment: within-person lag1; calendar windows where applicable,temporal_v3
v3__sleep__score_alignment__trend,sleep,vendor,sleep__score_alignment: within-person trend; calendar windows where applicable,temporal_v3
v3__sleep__score_alignment__bin_variance4,sleep,vendor,sleep__score_alignment: within-person bin_variance4; calendar windows where applicable,temporal_v3
v3__sleep__score_alignment__bin_change4,sleep,vendor,sleep__score_alignment: within-person bin_change4; calendar windows where applicable,temporal_v3
v3__sleep__score_alignment__stv7,sleep,vendor,sleep__score_alignment: within-person stv7; calendar windows where applicable,temporal_v3
v3__sleep__score_alignment__rolling_cv7,sleep,vendor,sleep__score_alignment: within-person rolling_cv7; calendar windows where applicable,temporal_v3
v3__sleep__score_alignment__rolling_range7,sleep,vendor,sleep__score_alignment: within-person rolling_range7; calendar windows where applicable,temporal_v3
v3__sleep__score_alignment__stv14,sleep,vendor,sleep__score_alignment: within-person stv14; calendar windows where applicable,temporal_v3
v3__sleep__score_alignment__rolling_cv14,sleep,vendor,sleep__score_alignment: within-person rolling_cv14; calendar windows where applicable,temporal_v3
v3__sleep__score_alignment__rolling_range14,sleep,vendor,sleep__score_alignment: within-person rolling_range14; calendar windows where applicable,temporal_v3
v3__sleep__score_alignment__stv28,sleep,vendor,sleep__score_alignment: within-person stv28; calendar windows where applicable,temporal_v3
v3__sleep__score_alignment__rolling_cv28,sleep,vendor,sleep__score_alignment: within-person rolling_cv28; calendar windows where applicable,temporal_v3
v3__sleep__score_alignment__rolling_range28,sleep,vendor,sleep__score_alignment: within-person rolling_range28; calendar windows where applicable,temporal_v3
v3__sleep__score_deep__mean,sleep,vendor,sleep__score_deep: within-person mean; calendar windows where applicable,temporal_v3
v3__sleep__score_deep__std,sleep,vendor,sleep__score_deep: within-person std; calendar windows where applicable,temporal_v3
v3__sleep__score_deep__median,sleep,vendor,sleep__score_deep: within-person median; calendar windows where applicable,temporal_v3
v3__sleep__score_deep__trimmed_mean,sleep,vendor,sleep__score_deep: within-person trimmed_mean; calendar windows where applicable,temporal_v3
v3__sleep__score_deep__mode,sleep,vendor,sleep__score_deep: within-person mode; calendar windows where applicable,temporal_v3
v3__sleep__score_deep__minimum,sleep,vendor,sleep__score_deep: within-person minimum; calendar windows where applicable,temporal_v3
v3__sleep__score_deep__maximum,sleep,vendor,sleep__score_deep: within-person maximum; calendar windows where applicable,temporal_v3
v3__sleep__score_deep__range,sleep,vendor,sleep__score_deep: within-person range; calendar windows where applicable,temporal_v3
v3__sleep__score_deep__mad,sleep,vendor,sleep__score_deep: within-person mad; calendar windows where applicable,temporal_v3
v3__sleep__score_deep__cv,sleep,vendor,sleep__score_deep: within-person cv; calendar windows where applicable,temporal_v3
v3__sleep__score_deep__skew,sleep,vendor,sleep__score_deep: within-person skew; calendar windows where applicable,temporal_v3
v3__sleep__score_deep__kurtosis,sleep,vendor,sleep__score_deep: within-person kurtosis; calendar windows where applicable,temporal_v3
v3__sleep__score_deep__q05,sleep,vendor,sleep__score_deep: within-person q05; calendar windows where applicable,temporal_v3
v3__sleep__score_deep__q95,sleep,vendor,sleep__score_deep: within-person q95; calendar windows where applicable,temporal_v3
v3__sleep__score_deep__rmssd,sleep,vendor,sleep__score_deep: within-person rmssd; calendar windows where applicable,temporal_v3
v3__sleep__score_deep__moving_range,sleep,vendor,sleep__score_deep: within-person moving_range; calendar windows where applicable,temporal_v3
v3__sleep__score_deep__lag1,sleep,vendor,sleep__score_deep: within-person lag1; calendar windows where applicable,temporal_v3
v3__sleep__score_deep__trend,sleep,vendor,sleep__score_deep: within-person trend; calendar windows where applicable,temporal_v3
v3__sleep__score_deep__bin_variance4,sleep,vendor,sleep__score_deep: within-person bin_variance4; calendar windows where applicable,temporal_v3
v3__sleep__score_deep__bin_change4,sleep,vendor,sleep__score_deep: within-person bin_change4; calendar windows where applicable,temporal_v3
v3__sleep__score_deep__stv7,sleep,vendor,sleep__score_deep: within-person stv7; calendar windows where applicable,temporal_v3
v3__sleep__score_deep__rolling_cv7,sleep,vendor,sleep__score_deep: within-person rolling_cv7; calendar windows where applicable,temporal_v3
v3__sleep__score_deep__rolling_range7,sleep,vendor,sleep__score_deep: within-person rolling_range7; calendar windows where applicable,temporal_v3
v3__sleep__score_deep__stv14,sleep,vendor,sleep__score_deep: within-person stv14; calendar windows where applicable,temporal_v3
v3__sleep__score_deep__rolling_cv14,sleep,vendor,sleep__score_deep: within-person rolling_cv14; calendar windows where applicable,temporal_v3
v3__sleep__score_deep__rolling_range14,sleep,vendor,sleep__score_deep: within-person rolling_range14; calendar windows where applicable,temporal_v3
v3__sleep__score_deep__stv28,sleep,vendor,sleep__score_deep: within-person stv28; calendar windows where applicable,temporal_v3
v3__sleep__score_deep__rolling_cv28,sleep,vendor,sleep__score_deep: within-person rolling_cv28; calendar windows where applicable,temporal_v3
v3__sleep__score_deep__rolling_range28,sleep,vendor,sleep__score_deep: within-person rolling_range28; calendar windows where applicable,temporal_v3
v3__sleep__score_disturbances__mean,sleep,vendor,sleep__score_disturbances: within-person mean; calendar windows where applicable,temporal_v3
v3__sleep__score_disturbances__std,sleep,vendor,sleep__score_disturbances: within-person std; calendar windows where applicable,temporal_v3
v3__sleep__score_disturbances__median,sleep,vendor,sleep__score_disturbances: within-person median; calendar windows where applicable,temporal_v3
v3__sleep__score_disturbances__trimmed_mean,sleep,vendor,sleep__score_disturbances: within-person trimmed_mean; calendar windows where applicable,temporal_v3
v3__sleep__score_disturbances__mode,sleep,vendor,sleep__score_disturbances: within-person mode; calendar windows where applicable,temporal_v3
v3__sleep__score_disturbances__minimum,sleep,vendor,sleep__score_disturbances: within-person minimum; calendar windows where applicable,temporal_v3
v3__sleep__score_disturbances__maximum,sleep,vendor,sleep__score_disturbances: within-person maximum; calendar windows where applicable,temporal_v3
v3__sleep__score_disturbances__range,sleep,vendor,sleep__score_disturbances: within-person range; calendar windows where applicable,temporal_v3
v3__sleep__score_disturbances__mad,sleep,vendor,sleep__score_disturbances: within-person mad; calendar windows where applicable,temporal_v3
v3__sleep__score_disturbances__cv,sleep,vendor,sleep__score_disturbances: within-person cv; calendar windows where applicable,temporal_v3
v3__sleep__score_disturbances__skew,sleep,vendor,sleep__score_disturbances: within-person skew; calendar windows where applicable,temporal_v3
v3__sleep__score_disturbances__kurtosis,sleep,vendor,sleep__score_disturbances: within-person kurtosis; calendar windows where applicable,temporal_v3
v3__sleep__score_disturbances__q05,sleep,vendor,sleep__score_disturbances: within-person q05; calendar windows where applicable,temporal_v3
v3__sleep__score_disturbances__q95,sleep,vendor,sleep__score_disturbances: within-person q95; calendar windows where applicable,temporal_v3
v3__sleep__score_disturbances__rmssd,sleep,vendor,sleep__score_disturbances: within-person rmssd; calendar windows where applicable,temporal_v3
v3__sleep__score_disturbances__moving_range,sleep,vendor,sleep__score_disturbances: within-person moving_range; calendar windows where applicable,temporal_v3
v3__sleep__score_disturbances__lag1,sleep,vendor,sleep__score_disturbances: within-person lag1; calendar windows where applicable,temporal_v3
v3__sleep__score_disturbances__trend,sleep,vendor,sleep__score_disturbances: within-person trend; calendar windows where applicable,temporal_v3
v3__sleep__score_disturbances__bin_variance4,sleep,vendor,sleep__score_disturbances: within-person bin_variance4; calendar windows where applicable,temporal_v3
v3__sleep__score_disturbances__bin_change4,sleep,vendor,sleep__score_disturbances: within-person bin_change4; calendar windows where applicable,temporal_v3
v3__sleep__score_disturbances__stv7,sleep,vendor,sleep__score_disturbances: within-person stv7; calendar windows where applicable,temporal_v3
v3__sleep__score_disturbances__rolling_cv7,sleep,vendor,sleep__score_disturbances: within-person rolling_cv7; calendar windows where applicable,temporal_v3
v3__sleep__score_disturbances__rolling_range7,sleep,vendor,sleep__score_disturbances: within-person rolling_range7; calendar windows where applicable,temporal_v3
v3__sleep__score_disturbances__stv14,sleep,vendor,sleep__score_disturbances: within-person stv14; calendar windows where applicable,temporal_v3
v3__sleep__score_disturbances__rolling_cv14,sleep,vendor,sleep__score_disturbances: within-person rolling_cv14; calendar windows where applicable,temporal_v3
v3__sleep__score_disturbances__rolling_range14,sleep,vendor,sleep__score_disturbances: within-person rolling_range14; calendar windows where applicable,temporal_v3
v3__sleep__score_disturbances__stv28,sleep,vendor,sleep__score_disturbances: within-person stv28; calendar windows where applicable,temporal_v3
v3__sleep__score_disturbances__rolling_cv28,sleep,vendor,sleep__score_disturbances: within-person rolling_cv28; calendar windows where applicable,temporal_v3
v3__sleep__score_disturbances__rolling_range28,sleep,vendor,sleep__score_disturbances: within-person rolling_range28; calendar windows where applicable,temporal_v3
v3__sleep__score_efficiency__mean,sleep,vendor,sleep__score_efficiency: within-person mean; calendar windows where applicable,temporal_v3
v3__sleep__score_efficiency__std,sleep,vendor,sleep__score_efficiency: within-person std; calendar windows where applicable,temporal_v3
v3__sleep__score_efficiency__median,sleep,vendor,sleep__score_efficiency: within-person median; calendar windows where applicable,temporal_v3
v3__sleep__score_efficiency__trimmed_mean,sleep,vendor,sleep__score_efficiency: within-person trimmed_mean; calendar windows where applicable,temporal_v3
v3__sleep__score_efficiency__mode,sleep,vendor,sleep__score_efficiency: within-person mode; calendar windows where applicable,temporal_v3
v3__sleep__score_efficiency__minimum,sleep,vendor,sleep__score_efficiency: within-person minimum; calendar windows where applicable,temporal_v3
v3__sleep__score_efficiency__maximum,sleep,vendor,sleep__score_efficiency: within-person maximum; calendar windows where applicable,temporal_v3
v3__sleep__score_efficiency__range,sleep,vendor,sleep__score_efficiency: within-person range; calendar windows where applicable,temporal_v3
v3__sleep__score_efficiency__mad,sleep,vendor,sleep__score_efficiency: within-person mad; calendar windows where applicable,temporal_v3
v3__sleep__score_efficiency__cv,sleep,vendor,sleep__score_efficiency: within-person cv; calendar windows where applicable,temporal_v3
v3__sleep__score_efficiency__skew,sleep,vendor,sleep__score_efficiency: within-person skew; calendar windows where applicable,temporal_v3
v3__sleep__score_efficiency__kurtosis,sleep,vendor,sleep__score_efficiency: within-person kurtosis; calendar windows where applicable,temporal_v3
v3__sleep__score_efficiency__q05,sleep,vendor,sleep__score_efficiency: within-person q05; calendar windows where applicable,temporal_v3
v3__sleep__score_efficiency__q95,sleep,vendor,sleep__score_efficiency: within-person q95; calendar windows where applicable,temporal_v3
v3__sleep__score_efficiency__rmssd,sleep,vendor,sleep__score_efficiency: within-person rmssd; calendar windows where applicable,temporal_v3
v3__sleep__score_efficiency__moving_range,sleep,vendor,sleep__score_efficiency: within-person moving_range; calendar windows where applicable,temporal_v3
v3__sleep__score_efficiency__lag1,sleep,vendor,sleep__score_efficiency: within-person lag1; calendar windows where applicable,temporal_v3
v3__sleep__score_efficiency__trend,sleep,vendor,sleep__score_efficiency: within-person trend; calendar windows where applicable,temporal_v3
v3__sleep__score_efficiency__bin_variance4,sleep,vendor,sleep__score_efficiency: within-person bin_variance4; calendar windows where applicable,temporal_v3
v3__sleep__score_efficiency__bin_change4,sleep,vendor,sleep__score_efficiency: within-person bin_change4; calendar windows where applicable,temporal_v3
v3__sleep__score_efficiency__stv7,sleep,vendor,sleep__score_efficiency: within-person stv7; calendar windows where applicable,temporal_v3
v3__sleep__score_efficiency__rolling_cv7,sleep,vendor,sleep__score_efficiency: within-person rolling_cv7; calendar windows where applicable,temporal_v3
v3__sleep__score_efficiency__rolling_range7,sleep,vendor,sleep__score_efficiency: within-person rolling_range7; calendar windows where applicable,temporal_v3
v3__sleep__score_efficiency__stv14,sleep,vendor,sleep__score_efficiency: within-person stv14; calendar windows where applicable,temporal_v3
v3__sleep__score_efficiency__rolling_cv14,sleep,vendor,sleep__score_efficiency: within-person rolling_cv14; calendar windows where applicable,temporal_v3
v3__sleep__score_efficiency__rolling_range14,sleep,vendor,sleep__score_efficiency: within-person rolling_range14; calendar windows where applicable,temporal_v3
v3__sleep__score_efficiency__stv28,sleep,vendor,sleep__score_efficiency: within-person stv28; calendar windows where applicable,temporal_v3
v3__sleep__score_efficiency__rolling_cv28,sleep,vendor,sleep__score_efficiency: within-person rolling_cv28; calendar windows where applicable,temporal_v3
v3__sleep__score_efficiency__rolling_range28,sleep,vendor,sleep__score_efficiency: within-person rolling_range28; calendar windows where applicable,temporal_v3
v3__sleep__score_latency__mean,sleep,vendor,sleep__score_latency: within-person mean; calendar windows where applicable,temporal_v3
v3__sleep__score_latency__std,sleep,vendor,sleep__score_latency: within-person std; calendar windows where applicable,temporal_v3
v3__sleep__score_latency__median,sleep,vendor,sleep__score_latency: within-person median; calendar windows where applicable,temporal_v3
v3__sleep__score_latency__trimmed_mean,sleep,vendor,sleep__score_latency: within-person trimmed_mean; calendar windows where applicable,temporal_v3
v3__sleep__score_latency__mode,sleep,vendor,sleep__score_latency: within-person mode; calendar windows where applicable,temporal_v3
v3__sleep__score_latency__minimum,sleep,vendor,sleep__score_latency: within-person minimum; calendar windows where applicable,temporal_v3
v3__sleep__score_latency__maximum,sleep,vendor,sleep__score_latency: within-person maximum; calendar windows where applicable,temporal_v3
v3__sleep__score_latency__range,sleep,vendor,sleep__score_latency: within-person range; calendar windows where applicable,temporal_v3
v3__sleep__score_latency__mad,sleep,vendor,sleep__score_latency: within-person mad; calendar windows where applicable,temporal_v3
v3__sleep__score_latency__cv,sleep,vendor,sleep__score_latency: within-person cv; calendar windows where applicable,temporal_v3
v3__sleep__score_latency__skew,sleep,vendor,sleep__score_latency: within-person skew; calendar windows where applicable,temporal_v3
v3__sleep__score_latency__kurtosis,sleep,vendor,sleep__score_latency: within-person kurtosis; calendar windows where applicable,temporal_v3
v3__sleep__score_latency__q05,sleep,vendor,sleep__score_latency: within-person q05; calendar windows where applicable,temporal_v3
v3__sleep__score_latency__q95,sleep,vendor,sleep__score_latency: within-person q95; calendar windows where applicable,temporal_v3
v3__sleep__score_latency__rmssd,sleep,vendor,sleep__score_latency: within-person rmssd; calendar windows where applicable,temporal_v3
v3__sleep__score_latency__moving_range,sleep,vendor,sleep__score_latency: within-person moving_range; calendar windows where applicable,temporal_v3
v3__sleep__score_latency__lag1,sleep,vendor,sleep__score_latency: within-person lag1; calendar windows where applicable,temporal_v3
v3__sleep__score_latency__trend,sleep,vendor,sleep__score_latency: within-person trend; calendar windows where applicable,temporal_v3
v3__sleep__score_latency__bin_variance4,sleep,vendor,sleep__score_latency: within-person bin_variance4; calendar windows where applicable,temporal_v3
v3__sleep__score_latency__bin_change4,sleep,vendor,sleep__score_latency: within-person bin_change4; calendar windows where applicable,temporal_v3
v3__sleep__score_latency__stv7,sleep,vendor,sleep__score_latency: within-person stv7; calendar windows where applicable,temporal_v3
v3__sleep__score_latency__rolling_cv7,sleep,vendor,sleep__score_latency: within-person rolling_cv7; calendar windows where applicable,temporal_v3
v3__sleep__score_latency__rolling_range7,sleep,vendor,sleep__score_latency: within-person rolling_range7; calendar windows where applicable,temporal_v3
v3__sleep__score_latency__stv14,sleep,vendor,sleep__score_latency: within-person stv14; calendar windows where applicable,temporal_v3
v3__sleep__score_latency__rolling_cv14,sleep,vendor,sleep__score_latency: within-person rolling_cv14; calendar windows where applicable,temporal_v3
v3__sleep__score_latency__rolling_range14,sleep,vendor,sleep__score_latency: within-person rolling_range14; calendar windows where applicable,temporal_v3
v3__sleep__score_latency__stv28,sleep,vendor,sleep__score_latency: within-person stv28; calendar windows where applicable,temporal_v3
v3__sleep__score_latency__rolling_cv28,sleep,vendor,sleep__score_latency: within-person rolling_cv28; calendar windows where applicable,temporal_v3
v3__sleep__score_latency__rolling_range28,sleep,vendor,sleep__score_latency: within-person rolling_range28; calendar windows where applicable,temporal_v3
v3__sleep__score_rem__mean,sleep,vendor,sleep__score_rem: within-person mean; calendar windows where applicable,temporal_v3
v3__sleep__score_rem__std,sleep,vendor,sleep__score_rem: within-person std; calendar windows where applicable,temporal_v3
v3__sleep__score_rem__median,sleep,vendor,sleep__score_rem: within-person median; calendar windows where applicable,temporal_v3
v3__sleep__score_rem__trimmed_mean,sleep,vendor,sleep__score_rem: within-person trimmed_mean; calendar windows where applicable,temporal_v3
v3__sleep__score_rem__mode,sleep,vendor,sleep__score_rem: within-person mode; calendar windows where applicable,temporal_v3
v3__sleep__score_rem__minimum,sleep,vendor,sleep__score_rem: within-person minimum; calendar windows where applicable,temporal_v3
v3__sleep__score_rem__maximum,sleep,vendor,sleep__score_rem: within-person maximum; calendar windows where applicable,temporal_v3
v3__sleep__score_rem__range,sleep,vendor,sleep__score_rem: within-person range; calendar windows where applicable,temporal_v3
v3__sleep__score_rem__mad,sleep,vendor,sleep__score_rem: within-person mad; calendar windows where applicable,temporal_v3
v3__sleep__score_rem__cv,sleep,vendor,sleep__score_rem: within-person cv; calendar windows where applicable,temporal_v3
v3__sleep__score_rem__skew,sleep,vendor,sleep__score_rem: within-person skew; calendar windows where applicable,temporal_v3
v3__sleep__score_rem__kurtosis,sleep,vendor,sleep__score_rem: within-person kurtosis; calendar windows where applicable,temporal_v3
v3__sleep__score_rem__q05,sleep,vendor,sleep__score_rem: within-person q05; calendar windows where applicable,temporal_v3
v3__sleep__score_rem__q95,sleep,vendor,sleep__score_rem: within-person q95; calendar windows where applicable,temporal_v3
v3__sleep__score_rem__rmssd,sleep,vendor,sleep__score_rem: within-person rmssd; calendar windows where applicable,temporal_v3
v3__sleep__score_rem__moving_range,sleep,vendor,sleep__score_rem: within-person moving_range; calendar windows where applicable,temporal_v3
v3__sleep__score_rem__lag1,sleep,vendor,sleep__score_rem: within-person lag1; calendar windows where applicable,temporal_v3
v3__sleep__score_rem__trend,sleep,vendor,sleep__score_rem: within-person trend; calendar windows where applicable,temporal_v3
v3__sleep__score_rem__bin_variance4,sleep,vendor,sleep__score_rem: within-person bin_variance4; calendar windows where applicable,temporal_v3
v3__sleep__score_rem__bin_change4,sleep,vendor,sleep__score_rem: within-person bin_change4; calendar windows where applicable,temporal_v3
v3__sleep__score_rem__stv7,sleep,vendor,sleep__score_rem: within-person stv7; calendar windows where applicable,temporal_v3
v3__sleep__score_rem__rolling_cv7,sleep,vendor,sleep__score_rem: within-person rolling_cv7; calendar windows where applicable,temporal_v3
v3__sleep__score_rem__rolling_range7,sleep,vendor,sleep__score_rem: within-person rolling_range7; calendar windows where applicable,temporal_v3
v3__sleep__score_rem__stv14,sleep,vendor,sleep__score_rem: within-person stv14; calendar windows where applicable,temporal_v3
v3__sleep__score_rem__rolling_cv14,sleep,vendor,sleep__score_rem: within-person rolling_cv14; calendar windows where applicable,temporal_v3
v3__sleep__score_rem__rolling_range14,sleep,vendor,sleep__score_rem: within-person rolling_range14; calendar windows where applicable,temporal_v3
v3__sleep__score_rem__stv28,sleep,vendor,sleep__score_rem: within-person stv28; calendar windows where applicable,temporal_v3
v3__sleep__score_rem__rolling_cv28,sleep,vendor,sleep__score_rem: within-person rolling_cv28; calendar windows where applicable,temporal_v3
v3__sleep__score_rem__rolling_range28,sleep,vendor,sleep__score_rem: within-person rolling_range28; calendar windows where applicable,temporal_v3
v3__sleep__score_total__mean,sleep,vendor,sleep__score_total: within-person mean; calendar windows where applicable,temporal_v3
v3__sleep__score_total__std,sleep,vendor,sleep__score_total: within-person std; calendar windows where applicable,temporal_v3
v3__sleep__score_total__median,sleep,vendor,sleep__score_total: within-person median; calendar windows where applicable,temporal_v3
v3__sleep__score_total__trimmed_mean,sleep,vendor,sleep__score_total: within-person trimmed_mean; calendar windows where applicable,temporal_v3
v3__sleep__score_total__mode,sleep,vendor,sleep__score_total: within-person mode; calendar windows where applicable,temporal_v3
v3__sleep__score_total__minimum,sleep,vendor,sleep__score_total: within-person minimum; calendar windows where applicable,temporal_v3
v3__sleep__score_total__maximum,sleep,vendor,sleep__score_total: within-person maximum; calendar windows where applicable,temporal_v3
v3__sleep__score_total__range,sleep,vendor,sleep__score_total: within-person range; calendar windows where applicable,temporal_v3
v3__sleep__score_total__mad,sleep,vendor,sleep__score_total: within-person mad; calendar windows where applicable,temporal_v3
v3__sleep__score_total__cv,sleep,vendor,sleep__score_total: within-person cv; calendar windows where applicable,temporal_v3
v3__sleep__score_total__skew,sleep,vendor,sleep__score_total: within-person skew; calendar windows where applicable,temporal_v3
v3__sleep__score_total__kurtosis,sleep,vendor,sleep__score_total: within-person kurtosis; calendar windows where applicable,temporal_v3
v3__sleep__score_total__q05,sleep,vendor,sleep__score_total: within-person q05; calendar windows where applicable,temporal_v3
v3__sleep__score_total__q95,sleep,vendor,sleep__score_total: within-person q95; calendar windows where applicable,temporal_v3
v3__sleep__score_total__rmssd,sleep,vendor,sleep__score_total: within-person rmssd; calendar windows where applicable,temporal_v3
v3__sleep__score_total__moving_range,sleep,vendor,sleep__score_total: within-person moving_range; calendar windows where applicable,temporal_v3
v3__sleep__score_total__lag1,sleep,vendor,sleep__score_total: within-person lag1; calendar windows where applicable,temporal_v3
v3__sleep__score_total__trend,sleep,vendor,sleep__score_total: within-person trend; calendar windows where applicable,temporal_v3
v3__sleep__score_total__bin_variance4,sleep,vendor,sleep__score_total: within-person bin_variance4; calendar windows where applicable,temporal_v3
v3__sleep__score_total__bin_change4,sleep,vendor,sleep__score_total: within-person bin_change4; calendar windows where applicable,temporal_v3
v3__sleep__score_total__stv7,sleep,vendor,sleep__score_total: within-person stv7; calendar windows where applicable,temporal_v3
v3__sleep__score_total__rolling_cv7,sleep,vendor,sleep__score_total: within-person rolling_cv7; calendar windows where applicable,temporal_v3
v3__sleep__score_total__rolling_range7,sleep,vendor,sleep__score_total: within-person rolling_range7; calendar windows where applicable,temporal_v3
v3__sleep__score_total__stv14,sleep,vendor,sleep__score_total: within-person stv14; calendar windows where applicable,temporal_v3
v3__sleep__score_total__rolling_cv14,sleep,vendor,sleep__score_total: within-person rolling_cv14; calendar windows where applicable,temporal_v3
v3__sleep__score_total__rolling_range14,sleep,vendor,sleep__score_total: within-person rolling_range14; calendar windows where applicable,temporal_v3
v3__sleep__score_total__stv28,sleep,vendor,sleep__score_total: within-person stv28; calendar windows where applicable,temporal_v3
v3__sleep__score_total__rolling_cv28,sleep,vendor,sleep__score_total: within-person rolling_cv28; calendar windows where applicable,temporal_v3
v3__sleep__score_total__rolling_range28,sleep,vendor,sleep__score_total: within-person rolling_range28; calendar windows where applicable,temporal_v3
v3__sleep__temperature_delta__mean,sleep,physiology,sleep__temperature_delta: within-person mean; calendar windows where applicable,temporal_v3
v3__sleep__temperature_delta__std,sleep,physiology,sleep__temperature_delta: within-person std; calendar windows where applicable,temporal_v3
v3__sleep__temperature_delta__median,sleep,physiology,sleep__temperature_delta: within-person median; calendar windows where applicable,temporal_v3
v3__sleep__temperature_delta__trimmed_mean,sleep,physiology,sleep__temperature_delta: within-person trimmed_mean; calendar windows where applicable,temporal_v3
v3__sleep__temperature_delta__mode,sleep,physiology,sleep__temperature_delta: within-person mode; calendar windows where applicable,temporal_v3
v3__sleep__temperature_delta__minimum,sleep,physiology,sleep__temperature_delta: within-person minimum; calendar windows where applicable,temporal_v3
v3__sleep__temperature_delta__maximum,sleep,physiology,sleep__temperature_delta: within-person maximum; calendar windows where applicable,temporal_v3
v3__sleep__temperature_delta__range,sleep,physiology,sleep__temperature_delta: within-person range; calendar windows where applicable,temporal_v3
v3__sleep__temperature_delta__mad,sleep,physiology,sleep__temperature_delta: within-person mad; calendar windows where applicable,temporal_v3
v3__sleep__temperature_delta__cv,sleep,physiology,sleep__temperature_delta: within-person cv; calendar windows where applicable,temporal_v3
v3__sleep__temperature_delta__skew,sleep,physiology,sleep__temperature_delta: within-person skew; calendar windows where applicable,temporal_v3
v3__sleep__temperature_delta__kurtosis,sleep,physiology,sleep__temperature_delta: within-person kurtosis; calendar windows where applicable,temporal_v3
v3__sleep__temperature_delta__q05,sleep,physiology,sleep__temperature_delta: within-person q05; calendar windows where applicable,temporal_v3
v3__sleep__temperature_delta__q95,sleep,physiology,sleep__temperature_delta: within-person q95; calendar windows where applicable,temporal_v3
v3__sleep__temperature_delta__rmssd,sleep,physiology,sleep__temperature_delta: within-person rmssd; calendar windows where applicable,temporal_v3
v3__sleep__temperature_delta__moving_range,sleep,physiology,sleep__temperature_delta: within-person moving_range; calendar windows where applicable,temporal_v3
v3__sleep__temperature_delta__lag1,sleep,physiology,sleep__temperature_delta: within-person lag1; calendar windows where applicable,temporal_v3
v3__sleep__temperature_delta__trend,sleep,physiology,sleep__temperature_delta: within-person trend; calendar windows where applicable,temporal_v3
v3__sleep__temperature_delta__bin_variance4,sleep,physiology,sleep__temperature_delta: within-person bin_variance4; calendar windows where applicable,temporal_v3
v3__sleep__temperature_delta__bin_change4,sleep,physiology,sleep__temperature_delta: within-person bin_change4; calendar windows where applicable,temporal_v3
v3__sleep__temperature_delta__stv7,sleep,physiology,sleep__temperature_delta: within-person stv7; calendar windows where applicable,temporal_v3
v3__sleep__temperature_delta__rolling_cv7,sleep,physiology,sleep__temperature_delta: within-person rolling_cv7; calendar windows where applicable,temporal_v3
v3__sleep__temperature_delta__rolling_range7,sleep,physiology,sleep__temperature_delta: within-person rolling_range7; calendar windows where applicable,temporal_v3
v3__sleep__temperature_delta__stv14,sleep,physiology,sleep__temperature_delta: within-person stv14; calendar windows where applicable,temporal_v3
v3__sleep__temperature_delta__rolling_cv14,sleep,physiology,sleep__temperature_delta: within-person rolling_cv14; calendar windows where applicable,temporal_v3
v3__sleep__temperature_delta__rolling_range14,sleep,physiology,sleep__temperature_delta: within-person rolling_range14; calendar windows where applicable,temporal_v3
v3__sleep__temperature_delta__stv28,sleep,physiology,sleep__temperature_delta: within-person stv28; calendar windows where applicable,temporal_v3
v3__sleep__temperature_delta__rolling_cv28,sleep,physiology,sleep__temperature_delta: within-person rolling_cv28; calendar windows where applicable,temporal_v3
v3__sleep__temperature_delta__rolling_range28,sleep,physiology,sleep__temperature_delta: within-person rolling_range28; calendar windows where applicable,temporal_v3
v3__sleep__temperature_deviation__mean,sleep,physiology,sleep__temperature_deviation: within-person mean; calendar windows where applicable,temporal_v3
v3__sleep__temperature_deviation__std,sleep,physiology,sleep__temperature_deviation: within-person std; calendar windows where applicable,temporal_v3
v3__sleep__temperature_deviation__median,sleep,physiology,sleep__temperature_deviation: within-person median; calendar windows where applicable,temporal_v3
v3__sleep__temperature_deviation__trimmed_mean,sleep,physiology,sleep__temperature_deviation: within-person trimmed_mean; calendar windows where applicable,temporal_v3
v3__sleep__temperature_deviation__mode,sleep,physiology,sleep__temperature_deviation: within-person mode; calendar windows where applicable,temporal_v3
v3__sleep__temperature_deviation__minimum,sleep,physiology,sleep__temperature_deviation: within-person minimum; calendar windows where applicable,temporal_v3
v3__sleep__temperature_deviation__maximum,sleep,physiology,sleep__temperature_deviation: within-person maximum; calendar windows where applicable,temporal_v3
v3__sleep__temperature_deviation__range,sleep,physiology,sleep__temperature_deviation: within-person range; calendar windows where applicable,temporal_v3
v3__sleep__temperature_deviation__mad,sleep,physiology,sleep__temperature_deviation: within-person mad; calendar windows where applicable,temporal_v3
v3__sleep__temperature_deviation__cv,sleep,physiology,sleep__temperature_deviation: within-person cv; calendar windows where applicable,temporal_v3
v3__sleep__temperature_deviation__skew,sleep,physiology,sleep__temperature_deviation: within-person skew; calendar windows where applicable,temporal_v3
v3__sleep__temperature_deviation__kurtosis,sleep,physiology,sleep__temperature_deviation: within-person kurtosis; calendar windows where applicable,temporal_v3
v3__sleep__temperature_deviation__q05,sleep,physiology,sleep__temperature_deviation: within-person q05; calendar windows where applicable,temporal_v3
v3__sleep__temperature_deviation__q95,sleep,physiology,sleep__temperature_deviation: within-person q95; calendar windows where applicable,temporal_v3
v3__sleep__temperature_deviation__rmssd,sleep,physiology,sleep__temperature_deviation: within-person rmssd; calendar windows where applicable,temporal_v3
v3__sleep__temperature_deviation__moving_range,sleep,physiology,sleep__temperature_deviation: within-person moving_range; calendar windows where applicable,temporal_v3
v3__sleep__temperature_deviation__lag1,sleep,physiology,sleep__temperature_deviation: within-person lag1; calendar windows where applicable,temporal_v3
v3__sleep__temperature_deviation__trend,sleep,physiology,sleep__temperature_deviation: within-person trend; calendar windows where applicable,temporal_v3
v3__sleep__temperature_deviation__bin_variance4,sleep,physiology,sleep__temperature_deviation: within-person bin_variance4; calendar windows where applicable,temporal_v3
v3__sleep__temperature_deviation__bin_change4,sleep,physiology,sleep__temperature_deviation: within-person bin_change4; calendar windows where applicable,temporal_v3
v3__sleep__temperature_deviation__stv7,sleep,physiology,sleep__temperature_deviation: within-person stv7; calendar windows where applicable,temporal_v3
v3__sleep__temperature_deviation__rolling_cv7,sleep,physiology,sleep__temperature_deviation: within-person rolling_cv7; calendar windows where applicable,temporal_v3
v3__sleep__temperature_deviation__rolling_range7,sleep,physiology,sleep__temperature_deviation: within-person rolling_range7; calendar windows where applicable,temporal_v3
v3__sleep__temperature_deviation__stv14,sleep,physiology,sleep__temperature_deviation: within-person stv14; calendar windows where applicable,temporal_v3
v3__sleep__temperature_deviation__rolling_cv14,sleep,physiology,sleep__temperature_deviation: within-person rolling_cv14; calendar windows where applicable,temporal_v3
v3__sleep__temperature_deviation__rolling_range14,sleep,physiology,sleep__temperature_deviation: within-person rolling_range14; calendar windows where applicable,temporal_v3
v3__sleep__temperature_deviation__stv28,sleep,physiology,sleep__temperature_deviation: within-person stv28; calendar windows where applicable,temporal_v3
v3__sleep__temperature_deviation__rolling_cv28,sleep,physiology,sleep__temperature_deviation: within-person rolling_cv28; calendar windows where applicable,temporal_v3
v3__sleep__temperature_deviation__rolling_range28,sleep,physiology,sleep__temperature_deviation: within-person rolling_range28; calendar windows where applicable,temporal_v3
v3__sleep__total__mean,sleep,physiology,sleep__total: within-person mean; calendar windows where applicable,temporal_v3
v3__sleep__total__std,sleep,physiology,sleep__total: within-person std; calendar windows where applicable,temporal_v3
v3__sleep__total__median,sleep,physiology,sleep__total: within-person median; calendar windows where applicable,temporal_v3
v3__sleep__total__trimmed_mean,sleep,physiology,sleep__total: within-person trimmed_mean; calendar windows where applicable,temporal_v3
v3__sleep__total__mode,sleep,physiology,sleep__total: within-person mode; calendar windows where applicable,temporal_v3
v3__sleep__total__minimum,sleep,physiology,sleep__total: within-person minimum; calendar windows where applicable,temporal_v3
v3__sleep__total__maximum,sleep,physiology,sleep__total: within-person maximum; calendar windows where applicable,temporal_v3
v3__sleep__total__range,sleep,physiology,sleep__total: within-person range; calendar windows where applicable,temporal_v3
v3__sleep__total__mad,sleep,physiology,sleep__total: within-person mad; calendar windows where applicable,temporal_v3
v3__sleep__total__cv,sleep,physiology,sleep__total: within-person cv; calendar windows where applicable,temporal_v3
v3__sleep__total__skew,sleep,physiology,sleep__total: within-person skew; calendar windows where applicable,temporal_v3
v3__sleep__total__kurtosis,sleep,physiology,sleep__total: within-person kurtosis; calendar windows where applicable,temporal_v3
v3__sleep__total__q05,sleep,physiology,sleep__total: within-person q05; calendar windows where applicable,temporal_v3
v3__sleep__total__q95,sleep,physiology,sleep__total: within-person q95; calendar windows where applicable,temporal_v3
v3__sleep__total__rmssd,sleep,physiology,sleep__total: within-person rmssd; calendar windows where applicable,temporal_v3
v3__sleep__total__moving_range,sleep,physiology,sleep__total: within-person moving_range; calendar windows where applicable,temporal_v3
v3__sleep__total__lag1,sleep,physiology,sleep__total: within-person lag1; calendar windows where applicable,temporal_v3
v3__sleep__total__trend,sleep,physiology,sleep__total: within-person trend; calendar windows where applicable,temporal_v3
v3__sleep__total__bin_variance4,sleep,physiology,sleep__total: within-person bin_variance4; calendar windows where applicable,temporal_v3
v3__sleep__total__bin_change4,sleep,physiology,sleep__total: within-person bin_change4; calendar windows where applicable,temporal_v3
v3__sleep__total__stv7,sleep,physiology,sleep__total: within-person stv7; calendar windows where applicable,temporal_v3
v3__sleep__total__rolling_cv7,sleep,physiology,sleep__total: within-person rolling_cv7; calendar windows where applicable,temporal_v3
v3__sleep__total__rolling_range7,sleep,physiology,sleep__total: within-person rolling_range7; calendar windows where applicable,temporal_v3
v3__sleep__total__stv14,sleep,physiology,sleep__total: within-person stv14; calendar windows where applicable,temporal_v3
v3__sleep__total__rolling_cv14,sleep,physiology,sleep__total: within-person rolling_cv14; calendar windows where applicable,temporal_v3
v3__sleep__total__rolling_range14,sleep,physiology,sleep__total: within-person rolling_range14; calendar windows where applicable,temporal_v3
v3__sleep__total__stv28,sleep,physiology,sleep__total: within-person stv28; calendar windows where applicable,temporal_v3
v3__sleep__total__rolling_cv28,sleep,physiology,sleep__total: within-person rolling_cv28; calendar windows where applicable,temporal_v3
v3__sleep__total__rolling_range28,sleep,physiology,sleep__total: within-person rolling_range28; calendar windows where applicable,temporal_v3
v3__sleep__hr_mean__mean,sleep,physiology,sleep__hr_mean: within-person mean; calendar windows where applicable,temporal_v3
v3__sleep__hr_mean__std,sleep,physiology,sleep__hr_mean: within-person std; calendar windows where applicable,temporal_v3
v3__sleep__hr_mean__median,sleep,physiology,sleep__hr_mean: within-person median; calendar windows where applicable,temporal_v3
v3__sleep__hr_mean__trimmed_mean,sleep,physiology,sleep__hr_mean: within-person trimmed_mean; calendar windows where applicable,temporal_v3
v3__sleep__hr_mean__mode,sleep,physiology,sleep__hr_mean: within-person mode; calendar windows where applicable,temporal_v3
v3__sleep__hr_mean__minimum,sleep,physiology,sleep__hr_mean: within-person minimum; calendar windows where applicable,temporal_v3
v3__sleep__hr_mean__maximum,sleep,physiology,sleep__hr_mean: within-person maximum; calendar windows where applicable,temporal_v3
v3__sleep__hr_mean__range,sleep,physiology,sleep__hr_mean: within-person range; calendar windows where applicable,temporal_v3
v3__sleep__hr_mean__mad,sleep,physiology,sleep__hr_mean: within-person mad; calendar windows where applicable,temporal_v3
v3__sleep__hr_mean__cv,sleep,physiology,sleep__hr_mean: within-person cv; calendar windows where applicable,temporal_v3
v3__sleep__hr_mean__skew,sleep,physiology,sleep__hr_mean: within-person skew; calendar windows where applicable,temporal_v3
v3__sleep__hr_mean__kurtosis,sleep,physiology,sleep__hr_mean: within-person kurtosis; calendar windows where applicable,temporal_v3
v3__sleep__hr_mean__q05,sleep,physiology,sleep__hr_mean: within-person q05; calendar windows where applicable,temporal_v3
v3__sleep__hr_mean__q95,sleep,physiology,sleep__hr_mean: within-person q95; calendar windows where applicable,temporal_v3
v3__sleep__hr_mean__rmssd,sleep,physiology,sleep__hr_mean: within-person rmssd; calendar windows where applicable,temporal_v3
v3__sleep__hr_mean__moving_range,sleep,physiology,sleep__hr_mean: within-person moving_range; calendar windows where applicable,temporal_v3
v3__sleep__hr_mean__lag1,sleep,physiology,sleep__hr_mean: within-person lag1; calendar windows where applicable,temporal_v3
v3__sleep__hr_mean__trend,sleep,physiology,sleep__hr_mean: within-person trend; calendar windows where applicable,temporal_v3
v3__sleep__hr_mean__bin_variance4,sleep,physiology,sleep__hr_mean: within-person bin_variance4; calendar windows where applicable,temporal_v3
v3__sleep__hr_mean__bin_change4,sleep,physiology,sleep__hr_mean: within-person bin_change4; calendar windows where applicable,temporal_v3
v3__sleep__hr_mean__stv7,sleep,physiology,sleep__hr_mean: within-person stv7; calendar windows where applicable,temporal_v3
v3__sleep__hr_mean__rolling_cv7,sleep,physiology,sleep__hr_mean: within-person rolling_cv7; calendar windows where applicable,temporal_v3
v3__sleep__hr_mean__rolling_range7,sleep,physiology,sleep__hr_mean: within-person rolling_range7; calendar windows where applicable,temporal_v3
v3__sleep__hr_mean__stv14,sleep,physiology,sleep__hr_mean: within-person stv14; calendar windows where applicable,temporal_v3
v3__sleep__hr_mean__rolling_cv14,sleep,physiology,sleep__hr_mean: within-person rolling_cv14; calendar windows where applicable,temporal_v3
v3__sleep__hr_mean__rolling_range14,sleep,physiology,sleep__hr_mean: within-person rolling_range14; calendar windows where applicable,temporal_v3
v3__sleep__hr_mean__stv28,sleep,physiology,sleep__hr_mean: within-person stv28; calendar windows where applicable,temporal_v3
v3__sleep__hr_mean__rolling_cv28,sleep,physiology,sleep__hr_mean: within-person rolling_cv28; calendar windows where applicable,temporal_v3
v3__sleep__hr_mean__rolling_range28,sleep,physiology,sleep__hr_mean: within-person rolling_range28; calendar windows where applicable,temporal_v3
v3__sleep__hr_std__mean,sleep,physiology,sleep__hr_std: within-person mean; calendar windows where applicable,temporal_v3
v3__sleep__hr_std__std,sleep,physiology,sleep__hr_std: within-person std; calendar windows where applicable,temporal_v3
v3__sleep__hr_std__median,sleep,physiology,sleep__hr_std: within-person median; calendar windows where applicable,temporal_v3
v3__sleep__hr_std__trimmed_mean,sleep,physiology,sleep__hr_std: within-person trimmed_mean; calendar windows where applicable,temporal_v3
v3__sleep__hr_std__mode,sleep,physiology,sleep__hr_std: within-person mode; calendar windows where applicable,temporal_v3
v3__sleep__hr_std__minimum,sleep,physiology,sleep__hr_std: within-person minimum; calendar windows where applicable,temporal_v3
v3__sleep__hr_std__maximum,sleep,physiology,sleep__hr_std: within-person maximum; calendar windows where applicable,temporal_v3
v3__sleep__hr_std__range,sleep,physiology,sleep__hr_std: within-person range; calendar windows where applicable,temporal_v3
v3__sleep__hr_std__mad,sleep,physiology,sleep__hr_std: within-person mad; calendar windows where applicable,temporal_v3
v3__sleep__hr_std__cv,sleep,physiology,sleep__hr_std: within-person cv; calendar windows where applicable,temporal_v3
v3__sleep__hr_std__skew,sleep,physiology,sleep__hr_std: within-person skew; calendar windows where applicable,temporal_v3
v3__sleep__hr_std__kurtosis,sleep,physiology,sleep__hr_std: within-person kurtosis; calendar windows where applicable,temporal_v3
v3__sleep__hr_std__q05,sleep,physiology,sleep__hr_std: within-person q05; calendar windows where applicable,temporal_v3
v3__sleep__hr_std__q95,sleep,physiology,sleep__hr_std: within-person q95; calendar windows where applicable,temporal_v3
v3__sleep__hr_std__rmssd,sleep,physiology,sleep__hr_std: within-person rmssd; calendar windows where applicable,temporal_v3
v3__sleep__hr_std__moving_range,sleep,physiology,sleep__hr_std: within-person moving_range; calendar windows where applicable,temporal_v3
v3__sleep__hr_std__lag1,sleep,physiology,sleep__hr_std: within-person lag1; calendar windows where applicable,temporal_v3
v3__sleep__hr_std__trend,sleep,physiology,sleep__hr_std: within-person trend; calendar windows where applicable,temporal_v3
v3__sleep__hr_std__bin_variance4,sleep,physiology,sleep__hr_std: within-person bin_variance4; calendar windows where applicable,temporal_v3
v3__sleep__hr_std__bin_change4,sleep,physiology,sleep__hr_std: within-person bin_change4; calendar windows where applicable,temporal_v3
v3__sleep__hr_std__stv7,sleep,physiology,sleep__hr_std: within-person stv7; calendar windows where applicable,temporal_v3
v3__sleep__hr_std__rolling_cv7,sleep,physiology,sleep__hr_std: within-person rolling_cv7; calendar windows where applicable,temporal_v3
v3__sleep__hr_std__rolling_range7,sleep,physiology,sleep__hr_std: within-person rolling_range7; calendar windows where applicable,temporal_v3
v3__sleep__hr_std__stv14,sleep,physiology,sleep__hr_std: within-person stv14; calendar windows where applicable,temporal_v3
v3__sleep__hr_std__rolling_cv14,sleep,physiology,sleep__hr_std: within-person rolling_cv14; calendar windows where applicable,temporal_v3
v3__sleep__hr_std__rolling_range14,sleep,physiology,sleep__hr_std: within-person rolling_range14; calendar windows where applicable,temporal_v3
v3__sleep__hr_std__stv28,sleep,physiology,sleep__hr_std: within-person stv28; calendar windows where applicable,temporal_v3
v3__sleep__hr_std__rolling_cv28,sleep,physiology,sleep__hr_std: within-person rolling_cv28; calendar windows where applicable,temporal_v3
v3__sleep__hr_std__rolling_range28,sleep,physiology,sleep__hr_std: within-person rolling_range28; calendar windows where applicable,temporal_v3
v3__sleep__hr_p10__mean,sleep,physiology,sleep__hr_p10: within-person mean; calendar windows where applicable,temporal_v3
v3__sleep__hr_p10__std,sleep,physiology,sleep__hr_p10: within-person std; calendar windows where applicable,temporal_v3
v3__sleep__hr_p10__median,sleep,physiology,sleep__hr_p10: within-person median; calendar windows where applicable,temporal_v3
v3__sleep__hr_p10__trimmed_mean,sleep,physiology,sleep__hr_p10: within-person trimmed_mean; calendar windows where applicable,temporal_v3
v3__sleep__hr_p10__mode,sleep,physiology,sleep__hr_p10: within-person mode; calendar windows where applicable,temporal_v3
v3__sleep__hr_p10__minimum,sleep,physiology,sleep__hr_p10: within-person minimum; calendar windows where applicable,temporal_v3
v3__sleep__hr_p10__maximum,sleep,physiology,sleep__hr_p10: within-person maximum; calendar windows where applicable,temporal_v3
v3__sleep__hr_p10__range,sleep,physiology,sleep__hr_p10: within-person range; calendar windows where applicable,temporal_v3
v3__sleep__hr_p10__mad,sleep,physiology,sleep__hr_p10: within-person mad; calendar windows where applicable,temporal_v3
v3__sleep__hr_p10__cv,sleep,physiology,sleep__hr_p10: within-person cv; calendar windows where applicable,temporal_v3
v3__sleep__hr_p10__skew,sleep,physiology,sleep__hr_p10: within-person skew; calendar windows where applicable,temporal_v3
v3__sleep__hr_p10__kurtosis,sleep,physiology,sleep__hr_p10: within-person kurtosis; calendar windows where applicable,temporal_v3
v3__sleep__hr_p10__q05,sleep,physiology,sleep__hr_p10: within-person q05; calendar windows where applicable,temporal_v3
v3__sleep__hr_p10__q95,sleep,physiology,sleep__hr_p10: within-person q95; calendar windows where applicable,temporal_v3
v3__sleep__hr_p10__rmssd,sleep,physiology,sleep__hr_p10: within-person rmssd; calendar windows where applicable,temporal_v3
v3__sleep__hr_p10__moving_range,sleep,physiology,sleep__hr_p10: within-person moving_range; calendar windows where applicable,temporal_v3
v3__sleep__hr_p10__lag1,sleep,physiology,sleep__hr_p10: within-person lag1; calendar windows where applicable,temporal_v3
v3__sleep__hr_p10__trend,sleep,physiology,sleep__hr_p10: within-person trend; calendar windows where applicable,temporal_v3
v3__sleep__hr_p10__bin_variance4,sleep,physiology,sleep__hr_p10: within-person bin_variance4; calendar windows where applicable,temporal_v3
v3__sleep__hr_p10__bin_change4,sleep,physiology,sleep__hr_p10: within-person bin_change4; calendar windows where applicable,temporal_v3
v3__sleep__hr_p10__stv7,sleep,physiology,sleep__hr_p10: within-person stv7; calendar windows where applicable,temporal_v3
v3__sleep__hr_p10__rolling_cv7,sleep,physiology,sleep__hr_p10: within-person rolling_cv7; calendar windows where applicable,temporal_v3
v3__sleep__hr_p10__rolling_range7,sleep,physiology,sleep__hr_p10: within-person rolling_range7; calendar windows where applicable,temporal_v3
v3__sleep__hr_p10__stv14,sleep,physiology,sleep__hr_p10: within-person stv14; calendar windows where applicable,temporal_v3
v3__sleep__hr_p10__rolling_cv14,sleep,physiology,sleep__hr_p10: within-person rolling_cv14; calendar windows where applicable,temporal_v3
v3__sleep__hr_p10__rolling_range14,sleep,physiology,sleep__hr_p10: within-person rolling_range14; calendar windows where applicable,temporal_v3
v3__sleep__hr_p10__stv28,sleep,physiology,sleep__hr_p10: within-person stv28; calendar windows where applicable,temporal_v3
v3__sleep__hr_p10__rolling_cv28,sleep,physiology,sleep__hr_p10: within-person rolling_cv28; calendar windows where applicable,temporal_v3
v3__sleep__hr_p10__rolling_range28,sleep,physiology,sleep__hr_p10: within-person rolling_range28; calendar windows where applicable,temporal_v3
v3__sleep__hr_p90__mean,sleep,physiology,sleep__hr_p90: within-person mean; calendar windows where applicable,temporal_v3
v3__sleep__hr_p90__std,sleep,physiology,sleep__hr_p90: within-person std; calendar windows where applicable,temporal_v3
v3__sleep__hr_p90__median,sleep,physiology,sleep__hr_p90: within-person median; calendar windows where applicable,temporal_v3
v3__sleep__hr_p90__trimmed_mean,sleep,physiology,sleep__hr_p90: within-person trimmed_mean; calendar windows where applicable,temporal_v3
v3__sleep__hr_p90__mode,sleep,physiology,sleep__hr_p90: within-person mode; calendar windows where applicable,temporal_v3
v3__sleep__hr_p90__minimum,sleep,physiology,sleep__hr_p90: within-person minimum; calendar windows where applicable,temporal_v3
v3__sleep__hr_p90__maximum,sleep,physiology,sleep__hr_p90: within-person maximum; calendar windows where applicable,temporal_v3
v3__sleep__hr_p90__range,sleep,physiology,sleep__hr_p90: within-person range; calendar windows where applicable,temporal_v3
v3__sleep__hr_p90__mad,sleep,physiology,sleep__hr_p90: within-person mad; calendar windows where applicable,temporal_v3
v3__sleep__hr_p90__cv,sleep,physiology,sleep__hr_p90: within-person cv; calendar windows where applicable,temporal_v3
v3__sleep__hr_p90__skew,sleep,physiology,sleep__hr_p90: within-person skew; calendar windows where applicable,temporal_v3
v3__sleep__hr_p90__kurtosis,sleep,physiology,sleep__hr_p90: within-person kurtosis; calendar windows where applicable,temporal_v3
v3__sleep__hr_p90__q05,sleep,physiology,sleep__hr_p90: within-person q05; calendar windows where applicable,temporal_v3
v3__sleep__hr_p90__q95,sleep,physiology,sleep__hr_p90: within-person q95; calendar windows where applicable,temporal_v3
v3__sleep__hr_p90__rmssd,sleep,physiology,sleep__hr_p90: within-person rmssd; calendar windows where applicable,temporal_v3
v3__sleep__hr_p90__moving_range,sleep,physiology,sleep__hr_p90: within-person moving_range; calendar windows where applicable,temporal_v3
v3__sleep__hr_p90__lag1,sleep,physiology,sleep__hr_p90: within-person lag1; calendar windows where applicable,temporal_v3
v3__sleep__hr_p90__trend,sleep,physiology,sleep__hr_p90: within-person trend; calendar windows where applicable,temporal_v3
v3__sleep__hr_p90__bin_variance4,sleep,physiology,sleep__hr_p90: within-person bin_variance4; calendar windows where applicable,temporal_v3
v3__sleep__hr_p90__bin_change4,sleep,physiology,sleep__hr_p90: within-person bin_change4; calendar windows where applicable,temporal_v3
v3__sleep__hr_p90__stv7,sleep,physiology,sleep__hr_p90: within-person stv7; calendar windows where applicable,temporal_v3
v3__sleep__hr_p90__rolling_cv7,sleep,physiology,sleep__hr_p90: within-person rolling_cv7; calendar windows where applicable,temporal_v3
v3__sleep__hr_p90__rolling_range7,sleep,physiology,sleep__hr_p90: within-person rolling_range7; calendar windows where applicable,temporal_v3
v3__sleep__hr_p90__stv14,sleep,physiology,sleep__hr_p90: within-person stv14; calendar windows where applicable,temporal_v3
v3__sleep__hr_p90__rolling_cv14,sleep,physiology,sleep__hr_p90: within-person rolling_cv14; calendar windows where applicable,temporal_v3
v3__sleep__hr_p90__rolling_range14,sleep,physiology,sleep__hr_p90: within-person rolling_range14; calendar windows where applicable,temporal_v3
v3__sleep__hr_p90__stv28,sleep,physiology,sleep__hr_p90: within-person stv28; calendar windows where applicable,temporal_v3
v3__sleep__hr_p90__rolling_cv28,sleep,physiology,sleep__hr_p90: within-person rolling_cv28; calendar windows where applicable,temporal_v3
v3__sleep__hr_p90__rolling_range28,sleep,physiology,sleep__hr_p90: within-person rolling_range28; calendar windows where applicable,temporal_v3
v3__sleep__hr_rmssd_adjacent__mean,sleep,physiology,sleep__hr_rmssd_adjacent: within-person mean; calendar windows where applicable,temporal_v3
v3__sleep__hr_rmssd_adjacent__std,sleep,physiology,sleep__hr_rmssd_adjacent: within-person std; calendar windows where applicable,temporal_v3
v3__sleep__hr_rmssd_adjacent__median,sleep,physiology,sleep__hr_rmssd_adjacent: within-person median; calendar windows where applicable,temporal_v3
v3__sleep__hr_rmssd_adjacent__trimmed_mean,sleep,physiology,sleep__hr_rmssd_adjacent: within-person trimmed_mean; calendar windows where applicable,temporal_v3
v3__sleep__hr_rmssd_adjacent__mode,sleep,physiology,sleep__hr_rmssd_adjacent: within-person mode; calendar windows where applicable,temporal_v3
v3__sleep__hr_rmssd_adjacent__minimum,sleep,physiology,sleep__hr_rmssd_adjacent: within-person minimum; calendar windows where applicable,temporal_v3
v3__sleep__hr_rmssd_adjacent__maximum,sleep,physiology,sleep__hr_rmssd_adjacent: within-person maximum; calendar windows where applicable,temporal_v3
v3__sleep__hr_rmssd_adjacent__range,sleep,physiology,sleep__hr_rmssd_adjacent: within-person range; calendar windows where applicable,temporal_v3
v3__sleep__hr_rmssd_adjacent__mad,sleep,physiology,sleep__hr_rmssd_adjacent: within-person mad; calendar windows where applicable,temporal_v3
v3__sleep__hr_rmssd_adjacent__cv,sleep,physiology,sleep__hr_rmssd_adjacent: within-person cv; calendar windows where applicable,temporal_v3
v3__sleep__hr_rmssd_adjacent__skew,sleep,physiology,sleep__hr_rmssd_adjacent: within-person skew; calendar windows where applicable,temporal_v3
v3__sleep__hr_rmssd_adjacent__kurtosis,sleep,physiology,sleep__hr_rmssd_adjacent: within-person kurtosis; calendar windows where applicable,temporal_v3
v3__sleep__hr_rmssd_adjacent__q05,sleep,physiology,sleep__hr_rmssd_adjacent: within-person q05; calendar windows where applicable,temporal_v3
v3__sleep__hr_rmssd_adjacent__q95,sleep,physiology,sleep__hr_rmssd_adjacent: within-person q95; calendar windows where applicable,temporal_v3
v3__sleep__hr_rmssd_adjacent__rmssd,sleep,physiology,sleep__hr_rmssd_adjacent: within-person rmssd; calendar windows where applicable,temporal_v3
v3__sleep__hr_rmssd_adjacent__moving_range,sleep,physiology,sleep__hr_rmssd_adjacent: within-person moving_range; calendar windows where applicable,temporal_v3
v3__sleep__hr_rmssd_adjacent__lag1,sleep,physiology,sleep__hr_rmssd_adjacent: within-person lag1; calendar windows where applicable,temporal_v3
v3__sleep__hr_rmssd_adjacent__trend,sleep,physiology,sleep__hr_rmssd_adjacent: within-person trend; calendar windows where applicable,temporal_v3
v3__sleep__hr_rmssd_adjacent__bin_variance4,sleep,physiology,sleep__hr_rmssd_adjacent: within-person bin_variance4; calendar windows where applicable,temporal_v3
v3__sleep__hr_rmssd_adjacent__bin_change4,sleep,physiology,sleep__hr_rmssd_adjacent: within-person bin_change4; calendar windows where applicable,temporal_v3
v3__sleep__hr_rmssd_adjacent__stv7,sleep,physiology,sleep__hr_rmssd_adjacent: within-person stv7; calendar windows where applicable,temporal_v3
v3__sleep__hr_rmssd_adjacent__rolling_cv7,sleep,physiology,sleep__hr_rmssd_adjacent: within-person rolling_cv7; calendar windows where applicable,temporal_v3
v3__sleep__hr_rmssd_adjacent__rolling_range7,sleep,physiology,sleep__hr_rmssd_adjacent: within-person rolling_range7; calendar windows where applicable,temporal_v3
v3__sleep__hr_rmssd_adjacent__stv14,sleep,physiology,sleep__hr_rmssd_adjacent: within-person stv14; calendar windows where applicable,temporal_v3
v3__sleep__hr_rmssd_adjacent__rolling_cv14,sleep,physiology,sleep__hr_rmssd_adjacent: within-person rolling_cv14; calendar windows where applicable,temporal_v3
v3__sleep__hr_rmssd_adjacent__rolling_range14,sleep,physiology,sleep__hr_rmssd_adjacent: within-person rolling_range14; calendar windows where applicable,temporal_v3
v3__sleep__hr_rmssd_adjacent__stv28,sleep,physiology,sleep__hr_rmssd_adjacent: within-person stv28; calendar windows where applicable,temporal_v3
v3__sleep__hr_rmssd_adjacent__rolling_cv28,sleep,physiology,sleep__hr_rmssd_adjacent: within-person rolling_cv28; calendar windows where applicable,temporal_v3
v3__sleep__hr_rmssd_adjacent__rolling_range28,sleep,physiology,sleep__hr_rmssd_adjacent: within-person rolling_range28; calendar windows where applicable,temporal_v3
v3__sleep__hr_lag1__mean,sleep,physiology,sleep__hr_lag1: within-person mean; calendar windows where applicable,temporal_v3
v3__sleep__hr_lag1__std,sleep,physiology,sleep__hr_lag1: within-person std; calendar windows where applicable,temporal_v3
v3__sleep__hr_lag1__median,sleep,physiology,sleep__hr_lag1: within-person median; calendar windows where applicable,temporal_v3
v3__sleep__hr_lag1__trimmed_mean,sleep,physiology,sleep__hr_lag1: within-person trimmed_mean; calendar windows where applicable,temporal_v3
v3__sleep__hr_lag1__mode,sleep,physiology,sleep__hr_lag1: within-person mode; calendar windows where applicable,temporal_v3
v3__sleep__hr_lag1__minimum,sleep,physiology,sleep__hr_lag1: within-person minimum; calendar windows where applicable,temporal_v3
v3__sleep__hr_lag1__maximum,sleep,physiology,sleep__hr_lag1: within-person maximum; calendar windows where applicable,temporal_v3
v3__sleep__hr_lag1__range,sleep,physiology,sleep__hr_lag1: within-person range; calendar windows where applicable,temporal_v3
v3__sleep__hr_lag1__mad,sleep,physiology,sleep__hr_lag1: within-person mad; calendar windows where applicable,temporal_v3
v3__sleep__hr_lag1__cv,sleep,physiology,sleep__hr_lag1: within-person cv; calendar windows where applicable,temporal_v3
v3__sleep__hr_lag1__skew,sleep,physiology,sleep__hr_lag1: within-person skew; calendar windows where applicable,temporal_v3
v3__sleep__hr_lag1__kurtosis,sleep,physiology,sleep__hr_lag1: within-person kurtosis; calendar windows where applicable,temporal_v3
v3__sleep__hr_lag1__q05,sleep,physiology,sleep__hr_lag1: within-person q05; calendar windows where applicable,temporal_v3
v3__sleep__hr_lag1__q95,sleep,physiology,sleep__hr_lag1: within-person q95; calendar windows where applicable,temporal_v3
v3__sleep__hr_lag1__rmssd,sleep,physiology,sleep__hr_lag1: within-person rmssd; calendar windows where applicable,temporal_v3
v3__sleep__hr_lag1__moving_range,sleep,physiology,sleep__hr_lag1: within-person moving_range; calendar windows where applicable,temporal_v3
v3__sleep__hr_lag1__lag1,sleep,physiology,sleep__hr_lag1: within-person lag1; calendar windows where applicable,temporal_v3
v3__sleep__hr_lag1__trend,sleep,physiology,sleep__hr_lag1: within-person trend; calendar windows where applicable,temporal_v3
v3__sleep__hr_lag1__bin_variance4,sleep,physiology,sleep__hr_lag1: within-person bin_variance4; calendar windows where applicable,temporal_v3
v3__sleep__hr_lag1__bin_change4,sleep,physiology,sleep__hr_lag1: within-person bin_change4; calendar windows where applicable,temporal_v3
v3__sleep__hr_lag1__stv7,sleep,physiology,sleep__hr_lag1: within-person stv7; calendar windows where applicable,temporal_v3
v3__sleep__hr_lag1__rolling_cv7,sleep,physiology,sleep__hr_lag1: within-person rolling_cv7; calendar windows where applicable,temporal_v3
v3__sleep__hr_lag1__rolling_range7,sleep,physiology,sleep__hr_lag1: within-person rolling_range7; calendar windows where applicable,temporal_v3
v3__sleep__hr_lag1__stv14,sleep,physiology,sleep__hr_lag1: within-person stv14; calendar windows where applicable,temporal_v3
v3__sleep__hr_lag1__rolling_cv14,sleep,physiology,sleep__hr_lag1: within-person rolling_cv14; calendar windows where applicable,temporal_v3
v3__sleep__hr_lag1__rolling_range14,sleep,physiology,sleep__hr_lag1: within-person rolling_range14; calendar windows where applicable,temporal_v3
v3__sleep__hr_lag1__stv28,sleep,physiology,sleep__hr_lag1: within-person stv28; calendar windows where applicable,temporal_v3
v3__sleep__hr_lag1__rolling_cv28,sleep,physiology,sleep__hr_lag1: within-person rolling_cv28; calendar windows where applicable,temporal_v3
v3__sleep__hr_lag1__rolling_range28,sleep,physiology,sleep__hr_lag1: within-person rolling_range28; calendar windows where applicable,temporal_v3
v3__sleep__hr_last_first_third__mean,sleep,physiology,sleep__hr_last_first_third: within-person mean; calendar windows where applicable,temporal_v3
v3__sleep__hr_last_first_third__std,sleep,physiology,sleep__hr_last_first_third: within-person std; calendar windows where applicable,temporal_v3
v3__sleep__hr_last_first_third__median,sleep,physiology,sleep__hr_last_first_third: within-person median; calendar windows where applicable,temporal_v3
v3__sleep__hr_last_first_third__trimmed_mean,sleep,physiology,sleep__hr_last_first_third: within-person trimmed_mean; calendar windows where applicable,temporal_v3
v3__sleep__hr_last_first_third__mode,sleep,physiology,sleep__hr_last_first_third: within-person mode; calendar windows where applicable,temporal_v3
v3__sleep__hr_last_first_third__minimum,sleep,physiology,sleep__hr_last_first_third: within-person minimum; calendar windows where applicable,temporal_v3
v3__sleep__hr_last_first_third__maximum,sleep,physiology,sleep__hr_last_first_third: within-person maximum; calendar windows where applicable,temporal_v3
v3__sleep__hr_last_first_third__range,sleep,physiology,sleep__hr_last_first_third: within-person range; calendar windows where applicable,temporal_v3
v3__sleep__hr_last_first_third__mad,sleep,physiology,sleep__hr_last_first_third: within-person mad; calendar windows where applicable,temporal_v3
v3__sleep__hr_last_first_third__cv,sleep,physiology,sleep__hr_last_first_third: within-person cv; calendar windows where applicable,temporal_v3
v3__sleep__hr_last_first_third__skew,sleep,physiology,sleep__hr_last_first_third: within-person skew; calendar windows where applicable,temporal_v3
v3__sleep__hr_last_first_third__kurtosis,sleep,physiology,sleep__hr_last_first_third: within-person kurtosis; calendar windows where applicable,temporal_v3
v3__sleep__hr_last_first_third__q05,sleep,physiology,sleep__hr_last_first_third: within-person q05; calendar windows where applicable,temporal_v3
v3__sleep__hr_last_first_third__q95,sleep,physiology,sleep__hr_last_first_third: within-person q95; calendar windows where applicable,temporal_v3
v3__sleep__hr_last_first_third__rmssd,sleep,physiology,sleep__hr_last_first_third: within-person rmssd; calendar windows where applicable,temporal_v3
v3__sleep__hr_last_first_third__moving_range,sleep,physiology,sleep__hr_last_first_third: within-person moving_range; calendar windows where applicable,temporal_v3
v3__sleep__hr_last_first_third__lag1,sleep,physiology,sleep__hr_last_first_third: within-person lag1; calendar windows where applicable,temporal_v3
v3__sleep__hr_last_first_third__trend,sleep,physiology,sleep__hr_last_first_third: within-person trend; calendar windows where applicable,temporal_v3
v3__sleep__hr_last_first_third__bin_variance4,sleep,physiology,sleep__hr_last_first_third: within-person bin_variance4; calendar windows where applicable,temporal_v3
v3__sleep__hr_last_first_third__bin_change4,sleep,physiology,sleep__hr_last_first_third: within-person bin_change4; calendar windows where applicable,temporal_v3
v3__sleep__hr_last_first_third__stv7,sleep,physiology,sleep__hr_last_first_third: within-person stv7; calendar windows where applicable,temporal_v3
v3__sleep__hr_last_first_third__rolling_cv7,sleep,physiology,sleep__hr_last_first_third: within-person rolling_cv7; calendar windows where applicable,temporal_v3
v3__sleep__hr_last_first_third__rolling_range7,sleep,physiology,sleep__hr_last_first_third: within-person rolling_range7; calendar windows where applicable,temporal_v3
v3__sleep__hr_last_first_third__stv14,sleep,physiology,sleep__hr_last_first_third: within-person stv14; calendar windows where applicable,temporal_v3
v3__sleep__hr_last_first_third__rolling_cv14,sleep,physiology,sleep__hr_last_first_third: within-person rolling_cv14; calendar windows where applicable,temporal_v3
v3__sleep__hr_last_first_third__rolling_range14,sleep,physiology,sleep__hr_last_first_third: within-person rolling_range14; calendar windows where applicable,temporal_v3
v3__sleep__hr_last_first_third__stv28,sleep,physiology,sleep__hr_last_first_third: within-person stv28; calendar windows where applicable,temporal_v3
v3__sleep__hr_last_first_third__rolling_cv28,sleep,physiology,sleep__hr_last_first_third: within-person rolling_cv28; calendar windows where applicable,temporal_v3
v3__sleep__hr_last_first_third__rolling_range28,sleep,physiology,sleep__hr_last_first_third: within-person rolling_range28; calendar windows where applicable,temporal_v3
v3__sleep__state_code_1_fraction__mean,sleep,physiology,sleep__state_code_1_fraction: within-person mean; calendar windows where applicable,temporal_v3
v3__sleep__state_code_1_fraction__std,sleep,physiology,sleep__state_code_1_fraction: within-person std; calendar windows where applicable,temporal_v3
v3__sleep__state_code_1_fraction__median,sleep,physiology,sleep__state_code_1_fraction: within-person median; calendar windows where applicable,temporal_v3
v3__sleep__state_code_1_fraction__trimmed_mean,sleep,physiology,sleep__state_code_1_fraction: within-person trimmed_mean; calendar windows where applicable,temporal_v3
v3__sleep__state_code_1_fraction__mode,sleep,physiology,sleep__state_code_1_fraction: within-person mode; calendar windows where applicable,temporal_v3
v3__sleep__state_code_1_fraction__minimum,sleep,physiology,sleep__state_code_1_fraction: within-person minimum; calendar windows where applicable,temporal_v3
v3__sleep__state_code_1_fraction__maximum,sleep,physiology,sleep__state_code_1_fraction: within-person maximum; calendar windows where applicable,temporal_v3
v3__sleep__state_code_1_fraction__range,sleep,physiology,sleep__state_code_1_fraction: within-person range; calendar windows where applicable,temporal_v3
v3__sleep__state_code_1_fraction__mad,sleep,physiology,sleep__state_code_1_fraction: within-person mad; calendar windows where applicable,temporal_v3
v3__sleep__state_code_1_fraction__cv,sleep,physiology,sleep__state_code_1_fraction: within-person cv; calendar windows where applicable,temporal_v3
v3__sleep__state_code_1_fraction__skew,sleep,physiology,sleep__state_code_1_fraction: within-person skew; calendar windows where applicable,temporal_v3
v3__sleep__state_code_1_fraction__kurtosis,sleep,physiology,sleep__state_code_1_fraction: within-person kurtosis; calendar windows where applicable,temporal_v3
v3__sleep__state_code_1_fraction__q05,sleep,physiology,sleep__state_code_1_fraction: within-person q05; calendar windows where applicable,temporal_v3
v3__sleep__state_code_1_fraction__q95,sleep,physiology,sleep__state_code_1_fraction: within-person q95; calendar windows where applicable,temporal_v3
v3__sleep__state_code_1_fraction__rmssd,sleep,physiology,sleep__state_code_1_fraction: within-person rmssd; calendar windows where applicable,temporal_v3
v3__sleep__state_code_1_fraction__moving_range,sleep,physiology,sleep__state_code_1_fraction: within-person moving_range; calendar windows where applicable,temporal_v3
v3__sleep__state_code_1_fraction__lag1,sleep,physiology,sleep__state_code_1_fraction: within-person lag1; calendar windows where applicable,temporal_v3
v3__sleep__state_code_1_fraction__trend,sleep,physiology,sleep__state_code_1_fraction: within-person trend; calendar windows where applicable,temporal_v3
v3__sleep__state_code_1_fraction__bin_variance4,sleep,physiology,sleep__state_code_1_fraction: within-person bin_variance4; calendar windows where applicable,temporal_v3
v3__sleep__state_code_1_fraction__bin_change4,sleep,physiology,sleep__state_code_1_fraction: within-person bin_change4; calendar windows where applicable,temporal_v3
v3__sleep__state_code_1_fraction__stv7,sleep,physiology,sleep__state_code_1_fraction: within-person stv7; calendar windows where applicable,temporal_v3
v3__sleep__state_code_1_fraction__rolling_cv7,sleep,physiology,sleep__state_code_1_fraction: within-person rolling_cv7; calendar windows where applicable,temporal_v3
v3__sleep__state_code_1_fraction__rolling_range7,sleep,physiology,sleep__state_code_1_fraction: within-person rolling_range7; calendar windows where applicable,temporal_v3
v3__sleep__state_code_1_fraction__stv14,sleep,physiology,sleep__state_code_1_fraction: within-person stv14; calendar windows where applicable,temporal_v3
v3__sleep__state_code_1_fraction__rolling_cv14,sleep,physiology,sleep__state_code_1_fraction: within-person rolling_cv14; calendar windows where applicable,temporal_v3
v3__sleep__state_code_1_fraction__rolling_range14,sleep,physiology,sleep__state_code_1_fraction: within-person rolling_range14; calendar windows where applicable,temporal_v3
v3__sleep__state_code_1_fraction__stv28,sleep,physiology,sleep__state_code_1_fraction: within-person stv28; calendar windows where applicable,temporal_v3
v3__sleep__state_code_1_fraction__rolling_cv28,sleep,physiology,sleep__state_code_1_fraction: within-person rolling_cv28; calendar windows where applicable,temporal_v3
v3__sleep__state_code_1_fraction__rolling_range28,sleep,physiology,sleep__state_code_1_fraction: within-person rolling_range28; calendar windows where applicable,temporal_v3
v3__sleep__state_code_1_longest_minutes__mean,sleep,physiology,sleep__state_code_1_longest_minutes: within-person mean; calendar windows where applicable,temporal_v3
v3__sleep__state_code_1_longest_minutes__std,sleep,physiology,sleep__state_code_1_longest_minutes: within-person std; calendar windows where applicable,temporal_v3
v3__sleep__state_code_1_longest_minutes__median,sleep,physiology,sleep__state_code_1_longest_minutes: within-person median; calendar windows where applicable,temporal_v3
v3__sleep__state_code_1_longest_minutes__trimmed_mean,sleep,physiology,sleep__state_code_1_longest_minutes: within-person trimmed_mean; calendar windows where applicable,temporal_v3
v3__sleep__state_code_1_longest_minutes__mode,sleep,physiology,sleep__state_code_1_longest_minutes: within-person mode; calendar windows where applicable,temporal_v3
v3__sleep__state_code_1_longest_minutes__minimum,sleep,physiology,sleep__state_code_1_longest_minutes: within-person minimum; calendar windows where applicable,temporal_v3
v3__sleep__state_code_1_longest_minutes__maximum,sleep,physiology,sleep__state_code_1_longest_minutes: within-person maximum; calendar windows where applicable,temporal_v3
v3__sleep__state_code_1_longest_minutes__range,sleep,physiology,sleep__state_code_1_longest_minutes: within-person range; calendar windows where applicable,temporal_v3
v3__sleep__state_code_1_longest_minutes__mad,sleep,physiology,sleep__state_code_1_longest_minutes: within-person mad; calendar windows where applicable,temporal_v3
v3__sleep__state_code_1_longest_minutes__cv,sleep,physiology,sleep__state_code_1_longest_minutes: within-person cv; calendar windows where applicable,temporal_v3
v3__sleep__state_code_1_longest_minutes__skew,sleep,physiology,sleep__state_code_1_longest_minutes: within-person skew; calendar windows where applicable,temporal_v3
v3__sleep__state_code_1_longest_minutes__kurtosis,sleep,physiology,sleep__state_code_1_longest_minutes: within-person kurtosis; calendar windows where applicable,temporal_v3
v3__sleep__state_code_1_longest_minutes__q05,sleep,physiology,sleep__state_code_1_longest_minutes: within-person q05; calendar windows where applicable,temporal_v3
v3__sleep__state_code_1_longest_minutes__q95,sleep,physiology,sleep__state_code_1_longest_minutes: within-person q95; calendar windows where applicable,temporal_v3
v3__sleep__state_code_1_longest_minutes__rmssd,sleep,physiology,sleep__state_code_1_longest_minutes: within-person rmssd; calendar windows where applicable,temporal_v3
v3__sleep__state_code_1_longest_minutes__moving_range,sleep,physiology,sleep__state_code_1_longest_minutes: within-person moving_range; calendar windows where applicable,temporal_v3
v3__sleep__state_code_1_longest_minutes__lag1,sleep,physiology,sleep__state_code_1_longest_minutes: within-person lag1; calendar windows where applicable,temporal_v3
v3__sleep__state_code_1_longest_minutes__trend,sleep,physiology,sleep__state_code_1_longest_minutes: within-person trend; calendar windows where applicable,temporal_v3
v3__sleep__state_code_1_longest_minutes__bin_variance4,sleep,physiology,sleep__state_code_1_longest_minutes: within-person bin_variance4; calendar windows where applicable,temporal_v3
v3__sleep__state_code_1_longest_minutes__bin_change4,sleep,physiology,sleep__state_code_1_longest_minutes: within-person bin_change4; calendar windows where applicable,temporal_v3
v3__sleep__state_code_1_longest_minutes__stv7,sleep,physiology,sleep__state_code_1_longest_minutes: within-person stv7; calendar windows where applicable,temporal_v3
v3__sleep__state_code_1_longest_minutes__rolling_cv7,sleep,physiology,sleep__state_code_1_longest_minutes: within-person rolling_cv7; calendar windows where applicable,temporal_v3
v3__sleep__state_code_1_longest_minutes__rolling_range7,sleep,physiology,sleep__state_code_1_longest_minutes: within-person rolling_range7; calendar windows where applicable,temporal_v3
v3__sleep__state_code_1_longest_minutes__stv14,sleep,physiology,sleep__state_code_1_longest_minutes: within-person stv14; calendar windows where applicable,temporal_v3
v3__sleep__state_code_1_longest_minutes__rolling_cv14,sleep,physiology,sleep__state_code_1_longest_minutes: within-person rolling_cv14; calendar windows where applicable,temporal_v3
v3__sleep__state_code_1_longest_minutes__rolling_range14,sleep,physiology,sleep__state_code_1_longest_minutes: within-person rolling_range14; calendar windows where applicable,temporal_v3
v3__sleep__state_code_1_longest_minutes__stv28,sleep,physiology,sleep__state_code_1_longest_minutes: within-person stv28; calendar windows where applicable,temporal_v3
v3__sleep__state_code_1_longest_minutes__rolling_cv28,sleep,physiology,sleep__state_code_1_longest_minutes: within-person rolling_cv28; calendar windows where applicable,temporal_v3
v3__sleep__state_code_1_longest_minutes__rolling_range28,sleep,physiology,sleep__state_code_1_longest_minutes: within-person rolling_range28; calendar windows where applicable,temporal_v3
v3__sleep__state_code_2_fraction__mean,sleep,physiology,sleep__state_code_2_fraction: within-person mean; calendar windows where applicable,temporal_v3
v3__sleep__state_code_2_fraction__std,sleep,physiology,sleep__state_code_2_fraction: within-person std; calendar windows where applicable,temporal_v3
v3__sleep__state_code_2_fraction__median,sleep,physiology,sleep__state_code_2_fraction: within-person median; calendar windows where applicable,temporal_v3
v3__sleep__state_code_2_fraction__trimmed_mean,sleep,physiology,sleep__state_code_2_fraction: within-person trimmed_mean; calendar windows where applicable,temporal_v3
v3__sleep__state_code_2_fraction__mode,sleep,physiology,sleep__state_code_2_fraction: within-person mode; calendar windows where applicable,temporal_v3
v3__sleep__state_code_2_fraction__minimum,sleep,physiology,sleep__state_code_2_fraction: within-person minimum; calendar windows where applicable,temporal_v3
v3__sleep__state_code_2_fraction__maximum,sleep,physiology,sleep__state_code_2_fraction: within-person maximum; calendar windows where applicable,temporal_v3
v3__sleep__state_code_2_fraction__range,sleep,physiology,sleep__state_code_2_fraction: within-person range; calendar windows where applicable,temporal_v3
v3__sleep__state_code_2_fraction__mad,sleep,physiology,sleep__state_code_2_fraction: within-person mad; calendar windows where applicable,temporal_v3
v3__sleep__state_code_2_fraction__cv,sleep,physiology,sleep__state_code_2_fraction: within-person cv; calendar windows where applicable,temporal_v3
v3__sleep__state_code_2_fraction__skew,sleep,physiology,sleep__state_code_2_fraction: within-person skew; calendar windows where applicable,temporal_v3
v3__sleep__state_code_2_fraction__kurtosis,sleep,physiology,sleep__state_code_2_fraction: within-person kurtosis; calendar windows where applicable,temporal_v3
v3__sleep__state_code_2_fraction__q05,sleep,physiology,sleep__state_code_2_fraction: within-person q05; calendar windows where applicable,temporal_v3
v3__sleep__state_code_2_fraction__q95,sleep,physiology,sleep__state_code_2_fraction: within-person q95; calendar windows where applicable,temporal_v3
v3__sleep__state_code_2_fraction__rmssd,sleep,physiology,sleep__state_code_2_fraction: within-person rmssd; calendar windows where applicable,temporal_v3
v3__sleep__state_code_2_fraction__moving_range,sleep,physiology,sleep__state_code_2_fraction: within-person moving_range; calendar windows where applicable,temporal_v3
v3__sleep__state_code_2_fraction__lag1,sleep,physiology,sleep__state_code_2_fraction: within-person lag1; calendar windows where applicable,temporal_v3
v3__sleep__state_code_2_fraction__trend,sleep,physiology,sleep__state_code_2_fraction: within-person trend; calendar windows where applicable,temporal_v3
v3__sleep__state_code_2_fraction__bin_variance4,sleep,physiology,sleep__state_code_2_fraction: within-person bin_variance4; calendar windows where applicable,temporal_v3
v3__sleep__state_code_2_fraction__bin_change4,sleep,physiology,sleep__state_code_2_fraction: within-person bin_change4; calendar windows where applicable,temporal_v3
v3__sleep__state_code_2_fraction__stv7,sleep,physiology,sleep__state_code_2_fraction: within-person stv7; calendar windows where applicable,temporal_v3
v3__sleep__state_code_2_fraction__rolling_cv7,sleep,physiology,sleep__state_code_2_fraction: within-person rolling_cv7; calendar windows where applicable,temporal_v3
v3__sleep__state_code_2_fraction__rolling_range7,sleep,physiology,sleep__state_code_2_fraction: within-person rolling_range7; calendar windows where applicable,temporal_v3
v3__sleep__state_code_2_fraction__stv14,sleep,physiology,sleep__state_code_2_fraction: within-person stv14; calendar windows where applicable,temporal_v3
v3__sleep__state_code_2_fraction__rolling_cv14,sleep,physiology,sleep__state_code_2_fraction: within-person rolling_cv14; calendar windows where applicable,temporal_v3
v3__sleep__state_code_2_fraction__rolling_range14,sleep,physiology,sleep__state_code_2_fraction: within-person rolling_range14; calendar windows where applicable,temporal_v3
v3__sleep__state_code_2_fraction__stv28,sleep,physiology,sleep__state_code_2_fraction: within-person stv28; calendar windows where applicable,temporal_v3
v3__sleep__state_code_2_fraction__rolling_cv28,sleep,physiology,sleep__state_code_2_fraction: within-person rolling_cv28; calendar windows where applicable,temporal_v3
v3__sleep__state_code_2_fraction__rolling_range28,sleep,physiology,sleep__state_code_2_fraction: within-person rolling_range28; calendar windows where applicable,temporal_v3
v3__sleep__state_code_2_longest_minutes__mean,sleep,physiology,sleep__state_code_2_longest_minutes: within-person mean; calendar windows where applicable,temporal_v3
v3__sleep__state_code_2_longest_minutes__std,sleep,physiology,sleep__state_code_2_longest_minutes: within-person std; calendar windows where applicable,temporal_v3
v3__sleep__state_code_2_longest_minutes__median,sleep,physiology,sleep__state_code_2_longest_minutes: within-person median; calendar windows where applicable,temporal_v3
v3__sleep__state_code_2_longest_minutes__trimmed_mean,sleep,physiology,sleep__state_code_2_longest_minutes: within-person trimmed_mean; calendar windows where applicable,temporal_v3
v3__sleep__state_code_2_longest_minutes__mode,sleep,physiology,sleep__state_code_2_longest_minutes: within-person mode; calendar windows where applicable,temporal_v3
v3__sleep__state_code_2_longest_minutes__minimum,sleep,physiology,sleep__state_code_2_longest_minutes: within-person minimum; calendar windows where applicable,temporal_v3
v3__sleep__state_code_2_longest_minutes__maximum,sleep,physiology,sleep__state_code_2_longest_minutes: within-person maximum; calendar windows where applicable,temporal_v3
v3__sleep__state_code_2_longest_minutes__range,sleep,physiology,sleep__state_code_2_longest_minutes: within-person range; calendar windows where applicable,temporal_v3
v3__sleep__state_code_2_longest_minutes__mad,sleep,physiology,sleep__state_code_2_longest_minutes: within-person mad; calendar windows where applicable,temporal_v3
v3__sleep__state_code_2_longest_minutes__cv,sleep,physiology,sleep__state_code_2_longest_minutes: within-person cv; calendar windows where applicable,temporal_v3
v3__sleep__state_code_2_longest_minutes__skew,sleep,physiology,sleep__state_code_2_longest_minutes: within-person skew; calendar windows where applicable,temporal_v3
v3__sleep__state_code_2_longest_minutes__kurtosis,sleep,physiology,sleep__state_code_2_longest_minutes: within-person kurtosis; calendar windows where applicable,temporal_v3
v3__sleep__state_code_2_longest_minutes__q05,sleep,physiology,sleep__state_code_2_longest_minutes: within-person q05; calendar windows where applicable,temporal_v3
v3__sleep__state_code_2_longest_minutes__q95,sleep,physiology,sleep__state_code_2_longest_minutes: within-person q95; calendar windows where applicable,temporal_v3
v3__sleep__state_code_2_longest_minutes__rmssd,sleep,physiology,sleep__state_code_2_longest_minutes: within-person rmssd; calendar windows where applicable,temporal_v3
v3__sleep__state_code_2_longest_minutes__moving_range,sleep,physiology,sleep__state_code_2_longest_minutes: within-person moving_range; calendar windows where applicable,temporal_v3
v3__sleep__state_code_2_longest_minutes__lag1,sleep,physiology,sleep__state_code_2_longest_minutes: within-person lag1; calendar windows where applicable,temporal_v3
v3__sleep__state_code_2_longest_minutes__trend,sleep,physiology,sleep__state_code_2_longest_minutes: within-person trend; calendar windows where applicable,temporal_v3
v3__sleep__state_code_2_longest_minutes__bin_variance4,sleep,physiology,sleep__state_code_2_longest_minutes: within-person bin_variance4; calendar windows where applicable,temporal_v3
v3__sleep__state_code_2_longest_minutes__bin_change4,sleep,physiology,sleep__state_code_2_longest_minutes: within-person bin_change4; calendar windows where applicable,temporal_v3
v3__sleep__state_code_2_longest_minutes__stv7,sleep,physiology,sleep__state_code_2_longest_minutes: within-person stv7; calendar windows where applicable,temporal_v3
v3__sleep__state_code_2_longest_minutes__rolling_cv7,sleep,physiology,sleep__state_code_2_longest_minutes: within-person rolling_cv7; calendar windows where applicable,temporal_v3
v3__sleep__state_code_2_longest_minutes__rolling_range7,sleep,physiology,sleep__state_code_2_longest_minutes: within-person rolling_range7; calendar windows where applicable,temporal_v3
v3__sleep__state_code_2_longest_minutes__stv14,sleep,physiology,sleep__state_code_2_longest_minutes: within-person stv14; calendar windows where applicable,temporal_v3
v3__sleep__state_code_2_longest_minutes__rolling_cv14,sleep,physiology,sleep__state_code_2_longest_minutes: within-person rolling_cv14; calendar windows where applicable,temporal_v3
v3__sleep__state_code_2_longest_minutes__rolling_range14,sleep,physiology,sleep__state_code_2_longest_minutes: within-person rolling_range14; calendar windows where applicable,temporal_v3
v3__sleep__state_code_2_longest_minutes__stv28,sleep,physiology,sleep__state_code_2_longest_minutes: within-person stv28; calendar windows where applicable,temporal_v3
v3__sleep__state_code_2_longest_minutes__rolling_cv28,sleep,physiology,sleep__state_code_2_longest_minutes: within-person rolling_cv28; calendar windows where applicable,temporal_v3
v3__sleep__state_code_2_longest_minutes__rolling_range28,sleep,physiology,sleep__state_code_2_longest_minutes: within-person rolling_range28; calendar windows where applicable,temporal_v3
v3__sleep__state_code_3_fraction__mean,sleep,physiology,sleep__state_code_3_fraction: within-person mean; calendar windows where applicable,temporal_v3
v3__sleep__state_code_3_fraction__std,sleep,physiology,sleep__state_code_3_fraction: within-person std; calendar windows where applicable,temporal_v3
v3__sleep__state_code_3_fraction__median,sleep,physiology,sleep__state_code_3_fraction: within-person median; calendar windows where applicable,temporal_v3
v3__sleep__state_code_3_fraction__trimmed_mean,sleep,physiology,sleep__state_code_3_fraction: within-person trimmed_mean; calendar windows where applicable,temporal_v3
v3__sleep__state_code_3_fraction__mode,sleep,physiology,sleep__state_code_3_fraction: within-person mode; calendar windows where applicable,temporal_v3
v3__sleep__state_code_3_fraction__minimum,sleep,physiology,sleep__state_code_3_fraction: within-person minimum; calendar windows where applicable,temporal_v3
v3__sleep__state_code_3_fraction__maximum,sleep,physiology,sleep__state_code_3_fraction: within-person maximum; calendar windows where applicable,temporal_v3
v3__sleep__state_code_3_fraction__range,sleep,physiology,sleep__state_code_3_fraction: within-person range; calendar windows where applicable,temporal_v3
v3__sleep__state_code_3_fraction__mad,sleep,physiology,sleep__state_code_3_fraction: within-person mad; calendar windows where applicable,temporal_v3
v3__sleep__state_code_3_fraction__cv,sleep,physiology,sleep__state_code_3_fraction: within-person cv; calendar windows where applicable,temporal_v3
v3__sleep__state_code_3_fraction__skew,sleep,physiology,sleep__state_code_3_fraction: within-person skew; calendar windows where applicable,temporal_v3
v3__sleep__state_code_3_fraction__kurtosis,sleep,physiology,sleep__state_code_3_fraction: within-person kurtosis; calendar windows where applicable,temporal_v3
v3__sleep__state_code_3_fraction__q05,sleep,physiology,sleep__state_code_3_fraction: within-person q05; calendar windows where applicable,temporal_v3
v3__sleep__state_code_3_fraction__q95,sleep,physiology,sleep__state_code_3_fraction: within-person q95; calendar windows where applicable,temporal_v3
v3__sleep__state_code_3_fraction__rmssd,sleep,physiology,sleep__state_code_3_fraction: within-person rmssd; calendar windows where applicable,temporal_v3
v3__sleep__state_code_3_fraction__moving_range,sleep,physiology,sleep__state_code_3_fraction: within-person moving_range; calendar windows where applicable,temporal_v3
v3__sleep__state_code_3_fraction__lag1,sleep,physiology,sleep__state_code_3_fraction: within-person lag1; calendar windows where applicable,temporal_v3
v3__sleep__state_code_3_fraction__trend,sleep,physiology,sleep__state_code_3_fraction: within-person trend; calendar windows where applicable,temporal_v3
v3__sleep__state_code_3_fraction__bin_variance4,sleep,physiology,sleep__state_code_3_fraction: within-person bin_variance4; calendar windows where applicable,temporal_v3
v3__sleep__state_code_3_fraction__bin_change4,sleep,physiology,sleep__state_code_3_fraction: within-person bin_change4; calendar windows where applicable,temporal_v3
v3__sleep__state_code_3_fraction__stv7,sleep,physiology,sleep__state_code_3_fraction: within-person stv7; calendar windows where applicable,temporal_v3
v3__sleep__state_code_3_fraction__rolling_cv7,sleep,physiology,sleep__state_code_3_fraction: within-person rolling_cv7; calendar windows where applicable,temporal_v3
v3__sleep__state_code_3_fraction__rolling_range7,sleep,physiology,sleep__state_code_3_fraction: within-person rolling_range7; calendar windows where applicable,temporal_v3
v3__sleep__state_code_3_fraction__stv14,sleep,physiology,sleep__state_code_3_fraction: within-person stv14; calendar windows where applicable,temporal_v3
v3__sleep__state_code_3_fraction__rolling_cv14,sleep,physiology,sleep__state_code_3_fraction: within-person rolling_cv14; calendar windows where applicable,temporal_v3
v3__sleep__state_code_3_fraction__rolling_range14,sleep,physiology,sleep__state_code_3_fraction: within-person rolling_range14; calendar windows where applicable,temporal_v3
v3__sleep__state_code_3_fraction__stv28,sleep,physiology,sleep__state_code_3_fraction: within-person stv28; calendar windows where applicable,temporal_v3
v3__sleep__state_code_3_fraction__rolling_cv28,sleep,physiology,sleep__state_code_3_fraction: within-person rolling_cv28; calendar windows where applicable,temporal_v3
v3__sleep__state_code_3_fraction__rolling_range28,sleep,physiology,sleep__state_code_3_fraction: within-person rolling_range28; calendar windows where applicable,temporal_v3
v3__sleep__state_code_3_longest_minutes__mean,sleep,physiology,sleep__state_code_3_longest_minutes: within-person mean; calendar windows where applicable,temporal_v3
v3__sleep__state_code_3_longest_minutes__std,sleep,physiology,sleep__state_code_3_longest_minutes: within-person std; calendar windows where applicable,temporal_v3
v3__sleep__state_code_3_longest_minutes__median,sleep,physiology,sleep__state_code_3_longest_minutes: within-person median; calendar windows where applicable,temporal_v3
v3__sleep__state_code_3_longest_minutes__trimmed_mean,sleep,physiology,sleep__state_code_3_longest_minutes: within-person trimmed_mean; calendar windows where applicable,temporal_v3
v3__sleep__state_code_3_longest_minutes__mode,sleep,physiology,sleep__state_code_3_longest_minutes: within-person mode; calendar windows where applicable,temporal_v3
v3__sleep__state_code_3_longest_minutes__minimum,sleep,physiology,sleep__state_code_3_longest_minutes: within-person minimum; calendar windows where applicable,temporal_v3
v3__sleep__state_code_3_longest_minutes__maximum,sleep,physiology,sleep__state_code_3_longest_minutes: within-person maximum; calendar windows where applicable,temporal_v3
v3__sleep__state_code_3_longest_minutes__range,sleep,physiology,sleep__state_code_3_longest_minutes: within-person range; calendar windows where applicable,temporal_v3
v3__sleep__state_code_3_longest_minutes__mad,sleep,physiology,sleep__state_code_3_longest_minutes: within-person mad; calendar windows where applicable,temporal_v3
v3__sleep__state_code_3_longest_minutes__cv,sleep,physiology,sleep__state_code_3_longest_minutes: within-person cv; calendar windows where applicable,temporal_v3
v3__sleep__state_code_3_longest_minutes__skew,sleep,physiology,sleep__state_code_3_longest_minutes: within-person skew; calendar windows where applicable,temporal_v3
v3__sleep__state_code_3_longest_minutes__kurtosis,sleep,physiology,sleep__state_code_3_longest_minutes: within-person kurtosis; calendar windows where applicable,temporal_v3
v3__sleep__state_code_3_longest_minutes__q05,sleep,physiology,sleep__state_code_3_longest_minutes: within-person q05; calendar windows where applicable,temporal_v3
v3__sleep__state_code_3_longest_minutes__q95,sleep,physiology,sleep__state_code_3_longest_minutes: within-person q95; calendar windows where applicable,temporal_v3
v3__sleep__state_code_3_longest_minutes__rmssd,sleep,physiology,sleep__state_code_3_longest_minutes: within-person rmssd; calendar windows where applicable,temporal_v3
v3__sleep__state_code_3_longest_minutes__moving_range,sleep,physiology,sleep__state_code_3_longest_minutes: within-person moving_range; calendar windows where applicable,temporal_v3
v3__sleep__state_code_3_longest_minutes__lag1,sleep,physiology,sleep__state_code_3_longest_minutes: within-person lag1; calendar windows where applicable,temporal_v3
v3__sleep__state_code_3_longest_minutes__trend,sleep,physiology,sleep__state_code_3_longest_minutes: within-person trend; calendar windows where applicable,temporal_v3
v3__sleep__state_code_3_longest_minutes__bin_variance4,sleep,physiology,sleep__state_code_3_longest_minutes: within-person bin_variance4; calendar windows where applicable,temporal_v3
v3__sleep__state_code_3_longest_minutes__bin_change4,sleep,physiology,sleep__state_code_3_longest_minutes: within-person bin_change4; calendar windows where applicable,temporal_v3
v3__sleep__state_code_3_longest_minutes__stv7,sleep,physiology,sleep__state_code_3_longest_minutes: within-person stv7; calendar windows where applicable,temporal_v3
v3__sleep__state_code_3_longest_minutes__rolling_cv7,sleep,physiology,sleep__state_code_3_longest_minutes: within-person rolling_cv7; calendar windows where applicable,temporal_v3
v3__sleep__state_code_3_longest_minutes__rolling_range7,sleep,physiology,sleep__state_code_3_longest_minutes: within-person rolling_range7; calendar windows where applicable,temporal_v3
v3__sleep__state_code_3_longest_minutes__stv14,sleep,physiology,sleep__state_code_3_longest_minutes: within-person stv14; calendar windows where applicable,temporal_v3
v3__sleep__state_code_3_longest_minutes__rolling_cv14,sleep,physiology,sleep__state_code_3_longest_minutes: within-person rolling_cv14; calendar windows where applicable,temporal_v3
v3__sleep__state_code_3_longest_minutes__rolling_range14,sleep,physiology,sleep__state_code_3_longest_minutes: within-person rolling_range14; calendar windows where applicable,temporal_v3
v3__sleep__state_code_3_longest_minutes__stv28,sleep,physiology,sleep__state_code_3_longest_minutes: within-person stv28; calendar windows where applicable,temporal_v3
v3__sleep__state_code_3_longest_minutes__rolling_cv28,sleep,physiology,sleep__state_code_3_longest_minutes: within-person rolling_cv28; calendar windows where applicable,temporal_v3
v3__sleep__state_code_3_longest_minutes__rolling_range28,sleep,physiology,sleep__state_code_3_longest_minutes: within-person rolling_range28; calendar windows where applicable,temporal_v3
v3__sleep__state_code_4_fraction__mean,sleep,physiology,sleep__state_code_4_fraction: within-person mean; calendar windows where applicable,temporal_v3
v3__sleep__state_code_4_fraction__std,sleep,physiology,sleep__state_code_4_fraction: within-person std; calendar windows where applicable,temporal_v3
v3__sleep__state_code_4_fraction__median,sleep,physiology,sleep__state_code_4_fraction: within-person median; calendar windows where applicable,temporal_v3
v3__sleep__state_code_4_fraction__trimmed_mean,sleep,physiology,sleep__state_code_4_fraction: within-person trimmed_mean; calendar windows where applicable,temporal_v3
v3__sleep__state_code_4_fraction__mode,sleep,physiology,sleep__state_code_4_fraction: within-person mode; calendar windows where applicable,temporal_v3
v3__sleep__state_code_4_fraction__minimum,sleep,physiology,sleep__state_code_4_fraction: within-person minimum; calendar windows where applicable,temporal_v3
v3__sleep__state_code_4_fraction__maximum,sleep,physiology,sleep__state_code_4_fraction: within-person maximum; calendar windows where applicable,temporal_v3
v3__sleep__state_code_4_fraction__range,sleep,physiology,sleep__state_code_4_fraction: within-person range; calendar windows where applicable,temporal_v3
v3__sleep__state_code_4_fraction__mad,sleep,physiology,sleep__state_code_4_fraction: within-person mad; calendar windows where applicable,temporal_v3
v3__sleep__state_code_4_fraction__cv,sleep,physiology,sleep__state_code_4_fraction: within-person cv; calendar windows where applicable,temporal_v3
v3__sleep__state_code_4_fraction__skew,sleep,physiology,sleep__state_code_4_fraction: within-person skew; calendar windows where applicable,temporal_v3
v3__sleep__state_code_4_fraction__kurtosis,sleep,physiology,sleep__state_code_4_fraction: within-person kurtosis; calendar windows where applicable,temporal_v3
v3__sleep__state_code_4_fraction__q05,sleep,physiology,sleep__state_code_4_fraction: within-person q05; calendar windows where applicable,temporal_v3
v3__sleep__state_code_4_fraction__q95,sleep,physiology,sleep__state_code_4_fraction: within-person q95; calendar windows where applicable,temporal_v3
v3__sleep__state_code_4_fraction__rmssd,sleep,physiology,sleep__state_code_4_fraction: within-person rmssd; calendar windows where applicable,temporal_v3
v3__sleep__state_code_4_fraction__moving_range,sleep,physiology,sleep__state_code_4_fraction: within-person moving_range; calendar windows where applicable,temporal_v3
v3__sleep__state_code_4_fraction__lag1,sleep,physiology,sleep__state_code_4_fraction: within-person lag1; calendar windows where applicable,temporal_v3
v3__sleep__state_code_4_fraction__trend,sleep,physiology,sleep__state_code_4_fraction: within-person trend; calendar windows where applicable,temporal_v3
v3__sleep__state_code_4_fraction__bin_variance4,sleep,physiology,sleep__state_code_4_fraction: within-person bin_variance4; calendar windows where applicable,temporal_v3
v3__sleep__state_code_4_fraction__bin_change4,sleep,physiology,sleep__state_code_4_fraction: within-person bin_change4; calendar windows where applicable,temporal_v3
v3__sleep__state_code_4_fraction__stv7,sleep,physiology,sleep__state_code_4_fraction: within-person stv7; calendar windows where applicable,temporal_v3
v3__sleep__state_code_4_fraction__rolling_cv7,sleep,physiology,sleep__state_code_4_fraction: within-person rolling_cv7; calendar windows where applicable,temporal_v3
v3__sleep__state_code_4_fraction__rolling_range7,sleep,physiology,sleep__state_code_4_fraction: within-person rolling_range7; calendar windows where applicable,temporal_v3
v3__sleep__state_code_4_fraction__stv14,sleep,physiology,sleep__state_code_4_fraction: within-person stv14; calendar windows where applicable,temporal_v3
v3__sleep__state_code_4_fraction__rolling_cv14,sleep,physiology,sleep__state_code_4_fraction: within-person rolling_cv14; calendar windows where applicable,temporal_v3
v3__sleep__state_code_4_fraction__rolling_range14,sleep,physiology,sleep__state_code_4_fraction: within-person rolling_range14; calendar windows where applicable,temporal_v3
v3__sleep__state_code_4_fraction__stv28,sleep,physiology,sleep__state_code_4_fraction: within-person stv28; calendar windows where applicable,temporal_v3
v3__sleep__state_code_4_fraction__rolling_cv28,sleep,physiology,sleep__state_code_4_fraction: within-person rolling_cv28; calendar windows where applicable,temporal_v3
v3__sleep__state_code_4_fraction__rolling_range28,sleep,physiology,sleep__state_code_4_fraction: within-person rolling_range28; calendar windows where applicable,temporal_v3
v3__sleep__state_code_4_longest_minutes__mean,sleep,physiology,sleep__state_code_4_longest_minutes: within-person mean; calendar windows where applicable,temporal_v3
v3__sleep__state_code_4_longest_minutes__std,sleep,physiology,sleep__state_code_4_longest_minutes: within-person std; calendar windows where applicable,temporal_v3
v3__sleep__state_code_4_longest_minutes__median,sleep,physiology,sleep__state_code_4_longest_minutes: within-person median; calendar windows where applicable,temporal_v3
v3__sleep__state_code_4_longest_minutes__trimmed_mean,sleep,physiology,sleep__state_code_4_longest_minutes: within-person trimmed_mean; calendar windows where applicable,temporal_v3
v3__sleep__state_code_4_longest_minutes__mode,sleep,physiology,sleep__state_code_4_longest_minutes: within-person mode; calendar windows where applicable,temporal_v3
v3__sleep__state_code_4_longest_minutes__minimum,sleep,physiology,sleep__state_code_4_longest_minutes: within-person minimum; calendar windows where applicable,temporal_v3
v3__sleep__state_code_4_longest_minutes__maximum,sleep,physiology,sleep__state_code_4_longest_minutes: within-person maximum; calendar windows where applicable,temporal_v3
v3__sleep__state_code_4_longest_minutes__range,sleep,physiology,sleep__state_code_4_longest_minutes: within-person range; calendar windows where applicable,temporal_v3
v3__sleep__state_code_4_longest_minutes__mad,sleep,physiology,sleep__state_code_4_longest_minutes: within-person mad; calendar windows where applicable,temporal_v3
v3__sleep__state_code_4_longest_minutes__cv,sleep,physiology,sleep__state_code_4_longest_minutes: within-person cv; calendar windows where applicable,temporal_v3
v3__sleep__state_code_4_longest_minutes__skew,sleep,physiology,sleep__state_code_4_longest_minutes: within-person skew; calendar windows where applicable,temporal_v3
v3__sleep__state_code_4_longest_minutes__kurtosis,sleep,physiology,sleep__state_code_4_longest_minutes: within-person kurtosis; calendar windows where applicable,temporal_v3
v3__sleep__state_code_4_longest_minutes__q05,sleep,physiology,sleep__state_code_4_longest_minutes: within-person q05; calendar windows where applicable,temporal_v3
v3__sleep__state_code_4_longest_minutes__q95,sleep,physiology,sleep__state_code_4_longest_minutes: within-person q95; calendar windows where applicable,temporal_v3
v3__sleep__state_code_4_longest_minutes__rmssd,sleep,physiology,sleep__state_code_4_longest_minutes: within-person rmssd; calendar windows where applicable,temporal_v3
v3__sleep__state_code_4_longest_minutes__moving_range,sleep,physiology,sleep__state_code_4_longest_minutes: within-person moving_range; calendar windows where applicable,temporal_v3
v3__sleep__state_code_4_longest_minutes__lag1,sleep,physiology,sleep__state_code_4_longest_minutes: within-person lag1; calendar windows where applicable,temporal_v3
v3__sleep__state_code_4_longest_minutes__trend,sleep,physiology,sleep__state_code_4_longest_minutes: within-person trend; calendar windows where applicable,temporal_v3
v3__sleep__state_code_4_longest_minutes__bin_variance4,sleep,physiology,sleep__state_code_4_longest_minutes: within-person bin_variance4; calendar windows where applicable,temporal_v3
v3__sleep__state_code_4_longest_minutes__bin_change4,sleep,physiology,sleep__state_code_4_longest_minutes: within-person bin_change4; calendar windows where applicable,temporal_v3
v3__sleep__state_code_4_longest_minutes__stv7,sleep,physiology,sleep__state_code_4_longest_minutes: within-person stv7; calendar windows where applicable,temporal_v3
v3__sleep__state_code_4_longest_minutes__rolling_cv7,sleep,physiology,sleep__state_code_4_longest_minutes: within-person rolling_cv7; calendar windows where applicable,temporal_v3
v3__sleep__state_code_4_longest_minutes__rolling_range7,sleep,physiology,sleep__state_code_4_longest_minutes: within-person rolling_range7; calendar windows where applicable,temporal_v3
v3__sleep__state_code_4_longest_minutes__stv14,sleep,physiology,sleep__state_code_4_longest_minutes: within-person stv14; calendar windows where applicable,temporal_v3
v3__sleep__state_code_4_longest_minutes__rolling_cv14,sleep,physiology,sleep__state_code_4_longest_minutes: within-person rolling_cv14; calendar windows where applicable,temporal_v3
v3__sleep__state_code_4_longest_minutes__rolling_range14,sleep,physiology,sleep__state_code_4_longest_minutes: within-person rolling_range14; calendar windows where applicable,temporal_v3
v3__sleep__state_code_4_longest_minutes__stv28,sleep,physiology,sleep__state_code_4_longest_minutes: within-person stv28; calendar windows where applicable,temporal_v3
v3__sleep__state_code_4_longest_minutes__rolling_cv28,sleep,physiology,sleep__state_code_4_longest_minutes: within-person rolling_cv28; calendar windows where applicable,temporal_v3
v3__sleep__state_code_4_longest_minutes__rolling_range28,sleep,physiology,sleep__state_code_4_longest_minutes: within-person rolling_range28; calendar windows where applicable,temporal_v3
v3__sleep__state_entropy__mean,sleep,physiology,sleep__state_entropy: within-person mean; calendar windows where applicable,temporal_v3
v3__sleep__state_entropy__std,sleep,physiology,sleep__state_entropy: within-person std; calendar windows where applicable,temporal_v3
v3__sleep__state_entropy__median,sleep,physiology,sleep__state_entropy: within-person median; calendar windows where applicable,temporal_v3
v3__sleep__state_entropy__trimmed_mean,sleep,physiology,sleep__state_entropy: within-person trimmed_mean; calendar windows where applicable,temporal_v3
v3__sleep__state_entropy__mode,sleep,physiology,sleep__state_entropy: within-person mode; calendar windows where applicable,temporal_v3
v3__sleep__state_entropy__minimum,sleep,physiology,sleep__state_entropy: within-person minimum; calendar windows where applicable,temporal_v3
v3__sleep__state_entropy__maximum,sleep,physiology,sleep__state_entropy: within-person maximum; calendar windows where applicable,temporal_v3
v3__sleep__state_entropy__range,sleep,physiology,sleep__state_entropy: within-person range; calendar windows where applicable,temporal_v3
v3__sleep__state_entropy__mad,sleep,physiology,sleep__state_entropy: within-person mad; calendar windows where applicable,temporal_v3
v3__sleep__state_entropy__cv,sleep,physiology,sleep__state_entropy: within-person cv; calendar windows where applicable,temporal_v3
v3__sleep__state_entropy__skew,sleep,physiology,sleep__state_entropy: within-person skew; calendar windows where applicable,temporal_v3
v3__sleep__state_entropy__kurtosis,sleep,physiology,sleep__state_entropy: within-person kurtosis; calendar windows where applicable,temporal_v3
v3__sleep__state_entropy__q05,sleep,physiology,sleep__state_entropy: within-person q05; calendar windows where applicable,temporal_v3
v3__sleep__state_entropy__q95,sleep,physiology,sleep__state_entropy: within-person q95; calendar windows where applicable,temporal_v3
v3__sleep__state_entropy__rmssd,sleep,physiology,sleep__state_entropy: within-person rmssd; calendar windows where applicable,temporal_v3
v3__sleep__state_entropy__moving_range,sleep,physiology,sleep__state_entropy: within-person moving_range; calendar windows where applicable,temporal_v3
v3__sleep__state_entropy__lag1,sleep,physiology,sleep__state_entropy: within-person lag1; calendar windows where applicable,temporal_v3
v3__sleep__state_entropy__trend,sleep,physiology,sleep__state_entropy: within-person trend; calendar windows where applicable,temporal_v3
v3__sleep__state_entropy__bin_variance4,sleep,physiology,sleep__state_entropy: within-person bin_variance4; calendar windows where applicable,temporal_v3
v3__sleep__state_entropy__bin_change4,sleep,physiology,sleep__state_entropy: within-person bin_change4; calendar windows where applicable,temporal_v3
v3__sleep__state_entropy__stv7,sleep,physiology,sleep__state_entropy: within-person stv7; calendar windows where applicable,temporal_v3
v3__sleep__state_entropy__rolling_cv7,sleep,physiology,sleep__state_entropy: within-person rolling_cv7; calendar windows where applicable,temporal_v3
v3__sleep__state_entropy__rolling_range7,sleep,physiology,sleep__state_entropy: within-person rolling_range7; calendar windows where applicable,temporal_v3
v3__sleep__state_entropy__stv14,sleep,physiology,sleep__state_entropy: within-person stv14; calendar windows where applicable,temporal_v3
v3__sleep__state_entropy__rolling_cv14,sleep,physiology,sleep__state_entropy: within-person rolling_cv14; calendar windows where applicable,temporal_v3
v3__sleep__state_entropy__rolling_range14,sleep,physiology,sleep__state_entropy: within-person rolling_range14; calendar windows where applicable,temporal_v3
v3__sleep__state_entropy__stv28,sleep,physiology,sleep__state_entropy: within-person stv28; calendar windows where applicable,temporal_v3
v3__sleep__state_entropy__rolling_cv28,sleep,physiology,sleep__state_entropy: within-person rolling_cv28; calendar windows where applicable,temporal_v3
v3__sleep__state_entropy__rolling_range28,sleep,physiology,sleep__state_entropy: within-person rolling_range28; calendar windows where applicable,temporal_v3
v3__sleep__state_transition_rate__mean,sleep,physiology,sleep__state_transition_rate: within-person mean; calendar windows where applicable,temporal_v3
v3__sleep__state_transition_rate__std,sleep,physiology,sleep__state_transition_rate: within-person std; calendar windows where applicable,temporal_v3
v3__sleep__state_transition_rate__median,sleep,physiology,sleep__state_transition_rate: within-person median; calendar windows where applicable,temporal_v3
v3__sleep__state_transition_rate__trimmed_mean,sleep,physiology,sleep__state_transition_rate: within-person trimmed_mean; calendar windows where applicable,temporal_v3
v3__sleep__state_transition_rate__mode,sleep,physiology,sleep__state_transition_rate: within-person mode; calendar windows where applicable,temporal_v3
v3__sleep__state_transition_rate__minimum,sleep,physiology,sleep__state_transition_rate: within-person minimum; calendar windows where applicable,temporal_v3
v3__sleep__state_transition_rate__maximum,sleep,physiology,sleep__state_transition_rate: within-person maximum; calendar windows where applicable,temporal_v3
v3__sleep__state_transition_rate__range,sleep,physiology,sleep__state_transition_rate: within-person range; calendar windows where applicable,temporal_v3
v3__sleep__state_transition_rate__mad,sleep,physiology,sleep__state_transition_rate: within-person mad; calendar windows where applicable,temporal_v3
v3__sleep__state_transition_rate__cv,sleep,physiology,sleep__state_transition_rate: within-person cv; calendar windows where applicable,temporal_v3
v3__sleep__state_transition_rate__skew,sleep,physiology,sleep__state_transition_rate: within-person skew; calendar windows where applicable,temporal_v3
v3__sleep__state_transition_rate__kurtosis,sleep,physiology,sleep__state_transition_rate: within-person kurtosis; calendar windows where applicable,temporal_v3
v3__sleep__state_transition_rate__q05,sleep,physiology,sleep__state_transition_rate: within-person q05; calendar windows where applicable,temporal_v3
v3__sleep__state_transition_rate__q95,sleep,physiology,sleep__state_transition_rate: within-person q95; calendar windows where applicable,temporal_v3
v3__sleep__state_transition_rate__rmssd,sleep,physiology,sleep__state_transition_rate: within-person rmssd; calendar windows where applicable,temporal_v3
v3__sleep__state_transition_rate__moving_range,sleep,physiology,sleep__state_transition_rate: within-person moving_range; calendar windows where applicable,temporal_v3
v3__sleep__state_transition_rate__lag1,sleep,physiology,sleep__state_transition_rate: within-person lag1; calendar windows where applicable,temporal_v3
v3__sleep__state_transition_rate__trend,sleep,physiology,sleep__state_transition_rate: within-person trend; calendar windows where applicable,temporal_v3
v3__sleep__state_transition_rate__bin_variance4,sleep,physiology,sleep__state_transition_rate: within-person bin_variance4; calendar windows where applicable,temporal_v3
v3__sleep__state_transition_rate__bin_change4,sleep,physiology,sleep__state_transition_rate: within-person bin_change4; calendar windows where applicable,temporal_v3
v3__sleep__state_transition_rate__stv7,sleep,physiology,sleep__state_transition_rate: within-person stv7; calendar windows where applicable,temporal_v3
v3__sleep__state_transition_rate__rolling_cv7,sleep,physiology,sleep__state_transition_rate: within-person rolling_cv7; calendar windows where applicable,temporal_v3
v3__sleep__state_transition_rate__rolling_range7,sleep,physiology,sleep__state_transition_rate: within-person rolling_range7; calendar windows where applicable,temporal_v3
v3__sleep__state_transition_rate__stv14,sleep,physiology,sleep__state_transition_rate: within-person stv14; calendar windows where applicable,temporal_v3
v3__sleep__state_transition_rate__rolling_cv14,sleep,physiology,sleep__state_transition_rate: within-person rolling_cv14; calendar windows where applicable,temporal_v3
v3__sleep__state_transition_rate__rolling_range14,sleep,physiology,sleep__state_transition_rate: within-person rolling_range14; calendar windows where applicable,temporal_v3
v3__sleep__state_transition_rate__stv28,sleep,physiology,sleep__state_transition_rate: within-person stv28; calendar windows where applicable,temporal_v3
v3__sleep__state_transition_rate__rolling_cv28,sleep,physiology,sleep__state_transition_rate: within-person rolling_cv28; calendar windows where applicable,temporal_v3
v3__sleep__state_transition_rate__rolling_range28,sleep,physiology,sleep__state_transition_rate: within-person rolling_range28; calendar windows where applicable,temporal_v3
v3__sleep__hrv_mean__mean,sleep,physiology,sleep__hrv_mean: within-person mean; calendar windows where applicable,temporal_v3
v3__sleep__hrv_mean__std,sleep,physiology,sleep__hrv_mean: within-person std; calendar windows where applicable,temporal_v3
v3__sleep__hrv_mean__median,sleep,physiology,sleep__hrv_mean: within-person median; calendar windows where applicable,temporal_v3
v3__sleep__hrv_mean__trimmed_mean,sleep,physiology,sleep__hrv_mean: within-person trimmed_mean; calendar windows where applicable,temporal_v3
v3__sleep__hrv_mean__mode,sleep,physiology,sleep__hrv_mean: within-person mode; calendar windows where applicable,temporal_v3
v3__sleep__hrv_mean__minimum,sleep,physiology,sleep__hrv_mean: within-person minimum; calendar windows where applicable,temporal_v3
v3__sleep__hrv_mean__maximum,sleep,physiology,sleep__hrv_mean: within-person maximum; calendar windows where applicable,temporal_v3
v3__sleep__hrv_mean__range,sleep,physiology,sleep__hrv_mean: within-person range; calendar windows where applicable,temporal_v3
v3__sleep__hrv_mean__mad,sleep,physiology,sleep__hrv_mean: within-person mad; calendar windows where applicable,temporal_v3
v3__sleep__hrv_mean__cv,sleep,physiology,sleep__hrv_mean: within-person cv; calendar windows where applicable,temporal_v3
v3__sleep__hrv_mean__skew,sleep,physiology,sleep__hrv_mean: within-person skew; calendar windows where applicable,temporal_v3
v3__sleep__hrv_mean__kurtosis,sleep,physiology,sleep__hrv_mean: within-person kurtosis; calendar windows where applicable,temporal_v3
v3__sleep__hrv_mean__q05,sleep,physiology,sleep__hrv_mean: within-person q05; calendar windows where applicable,temporal_v3
v3__sleep__hrv_mean__q95,sleep,physiology,sleep__hrv_mean: within-person q95; calendar windows where applicable,temporal_v3
v3__sleep__hrv_mean__rmssd,sleep,physiology,sleep__hrv_mean: within-person rmssd; calendar windows where applicable,temporal_v3
v3__sleep__hrv_mean__moving_range,sleep,physiology,sleep__hrv_mean: within-person moving_range; calendar windows where applicable,temporal_v3
v3__sleep__hrv_mean__lag1,sleep,physiology,sleep__hrv_mean: within-person lag1; calendar windows where applicable,temporal_v3
v3__sleep__hrv_mean__trend,sleep,physiology,sleep__hrv_mean: within-person trend; calendar windows where applicable,temporal_v3
v3__sleep__hrv_mean__bin_variance4,sleep,physiology,sleep__hrv_mean: within-person bin_variance4; calendar windows where applicable,temporal_v3
v3__sleep__hrv_mean__bin_change4,sleep,physiology,sleep__hrv_mean: within-person bin_change4; calendar windows where applicable,temporal_v3
v3__sleep__hrv_mean__stv7,sleep,physiology,sleep__hrv_mean: within-person stv7; calendar windows where applicable,temporal_v3
v3__sleep__hrv_mean__rolling_cv7,sleep,physiology,sleep__hrv_mean: within-person rolling_cv7; calendar windows where applicable,temporal_v3
v3__sleep__hrv_mean__rolling_range7,sleep,physiology,sleep__hrv_mean: within-person rolling_range7; calendar windows where applicable,temporal_v3
v3__sleep__hrv_mean__stv14,sleep,physiology,sleep__hrv_mean: within-person stv14; calendar windows where applicable,temporal_v3
v3__sleep__hrv_mean__rolling_cv14,sleep,physiology,sleep__hrv_mean: within-person rolling_cv14; calendar windows where applicable,temporal_v3
v3__sleep__hrv_mean__rolling_range14,sleep,physiology,sleep__hrv_mean: within-person rolling_range14; calendar windows where applicable,temporal_v3
v3__sleep__hrv_mean__stv28,sleep,physiology,sleep__hrv_mean: within-person stv28; calendar windows where applicable,temporal_v3
v3__sleep__hrv_mean__rolling_cv28,sleep,physiology,sleep__hrv_mean: within-person rolling_cv28; calendar windows where applicable,temporal_v3
v3__sleep__hrv_mean__rolling_range28,sleep,physiology,sleep__hrv_mean: within-person rolling_range28; calendar windows where applicable,temporal_v3
v3__sleep__hrv_std__mean,sleep,physiology,sleep__hrv_std: within-person mean; calendar windows where applicable,temporal_v3
v3__sleep__hrv_std__std,sleep,physiology,sleep__hrv_std: within-person std; calendar windows where applicable,temporal_v3
v3__sleep__hrv_std__median,sleep,physiology,sleep__hrv_std: within-person median; calendar windows where applicable,temporal_v3
v3__sleep__hrv_std__trimmed_mean,sleep,physiology,sleep__hrv_std: within-person trimmed_mean; calendar windows where applicable,temporal_v3
v3__sleep__hrv_std__mode,sleep,physiology,sleep__hrv_std: within-person mode; calendar windows where applicable,temporal_v3
v3__sleep__hrv_std__minimum,sleep,physiology,sleep__hrv_std: within-person minimum; calendar windows where applicable,temporal_v3
v3__sleep__hrv_std__maximum,sleep,physiology,sleep__hrv_std: within-person maximum; calendar windows where applicable,temporal_v3
v3__sleep__hrv_std__range,sleep,physiology,sleep__hrv_std: within-person range; calendar windows where applicable,temporal_v3
v3__sleep__hrv_std__mad,sleep,physiology,sleep__hrv_std: within-person mad; calendar windows where applicable,temporal_v3
v3__sleep__hrv_std__cv,sleep,physiology,sleep__hrv_std: within-person cv; calendar windows where applicable,temporal_v3
v3__sleep__hrv_std__skew,sleep,physiology,sleep__hrv_std: within-person skew; calendar windows where applicable,temporal_v3
v3__sleep__hrv_std__kurtosis,sleep,physiology,sleep__hrv_std: within-person kurtosis; calendar windows where applicable,temporal_v3
v3__sleep__hrv_std__q05,sleep,physiology,sleep__hrv_std: within-person q05; calendar windows where applicable,temporal_v3
v3__sleep__hrv_std__q95,sleep,physiology,sleep__hrv_std: within-person q95; calendar windows where applicable,temporal_v3
v3__sleep__hrv_std__rmssd,sleep,physiology,sleep__hrv_std: within-person rmssd; calendar windows where applicable,temporal_v3
v3__sleep__hrv_std__moving_range,sleep,physiology,sleep__hrv_std: within-person moving_range; calendar windows where applicable,temporal_v3
v3__sleep__hrv_std__lag1,sleep,physiology,sleep__hrv_std: within-person lag1; calendar windows where applicable,temporal_v3
v3__sleep__hrv_std__trend,sleep,physiology,sleep__hrv_std: within-person trend; calendar windows where applicable,temporal_v3
v3__sleep__hrv_std__bin_variance4,sleep,physiology,sleep__hrv_std: within-person bin_variance4; calendar windows where applicable,temporal_v3
v3__sleep__hrv_std__bin_change4,sleep,physiology,sleep__hrv_std: within-person bin_change4; calendar windows where applicable,temporal_v3
v3__sleep__hrv_std__stv7,sleep,physiology,sleep__hrv_std: within-person stv7; calendar windows where applicable,temporal_v3
v3__sleep__hrv_std__rolling_cv7,sleep,physiology,sleep__hrv_std: within-person rolling_cv7; calendar windows where applicable,temporal_v3
v3__sleep__hrv_std__rolling_range7,sleep,physiology,sleep__hrv_std: within-person rolling_range7; calendar windows where applicable,temporal_v3
v3__sleep__hrv_std__stv14,sleep,physiology,sleep__hrv_std: within-person stv14; calendar windows where applicable,temporal_v3
v3__sleep__hrv_std__rolling_cv14,sleep,physiology,sleep__hrv_std: within-person rolling_cv14; calendar windows where applicable,temporal_v3
v3__sleep__hrv_std__rolling_range14,sleep,physiology,sleep__hrv_std: within-person rolling_range14; calendar windows where applicable,temporal_v3
v3__sleep__hrv_std__stv28,sleep,physiology,sleep__hrv_std: within-person stv28; calendar windows where applicable,temporal_v3
v3__sleep__hrv_std__rolling_cv28,sleep,physiology,sleep__hrv_std: within-person rolling_cv28; calendar windows where applicable,temporal_v3
v3__sleep__hrv_std__rolling_range28,sleep,physiology,sleep__hrv_std: within-person rolling_range28; calendar windows where applicable,temporal_v3
v3__sleep__hrv_p10__mean,sleep,physiology,sleep__hrv_p10: within-person mean; calendar windows where applicable,temporal_v3
v3__sleep__hrv_p10__std,sleep,physiology,sleep__hrv_p10: within-person std; calendar windows where applicable,temporal_v3
v3__sleep__hrv_p10__median,sleep,physiology,sleep__hrv_p10: within-person median; calendar windows where applicable,temporal_v3
v3__sleep__hrv_p10__trimmed_mean,sleep,physiology,sleep__hrv_p10: within-person trimmed_mean; calendar windows where applicable,temporal_v3
v3__sleep__hrv_p10__mode,sleep,physiology,sleep__hrv_p10: within-person mode; calendar windows where applicable,temporal_v3
v3__sleep__hrv_p10__minimum,sleep,physiology,sleep__hrv_p10: within-person minimum; calendar windows where applicable,temporal_v3
v3__sleep__hrv_p10__maximum,sleep,physiology,sleep__hrv_p10: within-person maximum; calendar windows where applicable,temporal_v3
v3__sleep__hrv_p10__range,sleep,physiology,sleep__hrv_p10: within-person range; calendar windows where applicable,temporal_v3
v3__sleep__hrv_p10__mad,sleep,physiology,sleep__hrv_p10: within-person mad; calendar windows where applicable,temporal_v3
v3__sleep__hrv_p10__cv,sleep,physiology,sleep__hrv_p10: within-person cv; calendar windows where applicable,temporal_v3
v3__sleep__hrv_p10__skew,sleep,physiology,sleep__hrv_p10: within-person skew; calendar windows where applicable,temporal_v3
v3__sleep__hrv_p10__kurtosis,sleep,physiology,sleep__hrv_p10: within-person kurtosis; calendar windows where applicable,temporal_v3
v3__sleep__hrv_p10__q05,sleep,physiology,sleep__hrv_p10: within-person q05; calendar windows where applicable,temporal_v3
v3__sleep__hrv_p10__q95,sleep,physiology,sleep__hrv_p10: within-person q95; calendar windows where applicable,temporal_v3
v3__sleep__hrv_p10__rmssd,sleep,physiology,sleep__hrv_p10: within-person rmssd; calendar windows where applicable,temporal_v3
v3__sleep__hrv_p10__moving_range,sleep,physiology,sleep__hrv_p10: within-person moving_range; calendar windows where applicable,temporal_v3
v3__sleep__hrv_p10__lag1,sleep,physiology,sleep__hrv_p10: within-person lag1; calendar windows where applicable,temporal_v3
v3__sleep__hrv_p10__trend,sleep,physiology,sleep__hrv_p10: within-person trend; calendar windows where applicable,temporal_v3
v3__sleep__hrv_p10__bin_variance4,sleep,physiology,sleep__hrv_p10: within-person bin_variance4; calendar windows where applicable,temporal_v3
v3__sleep__hrv_p10__bin_change4,sleep,physiology,sleep__hrv_p10: within-person bin_change4; calendar windows where applicable,temporal_v3
v3__sleep__hrv_p10__stv7,sleep,physiology,sleep__hrv_p10: within-person stv7; calendar windows where applicable,temporal_v3
v3__sleep__hrv_p10__rolling_cv7,sleep,physiology,sleep__hrv_p10: within-person rolling_cv7; calendar windows where applicable,temporal_v3
v3__sleep__hrv_p10__rolling_range7,sleep,physiology,sleep__hrv_p10: within-person rolling_range7; calendar windows where applicable,temporal_v3
v3__sleep__hrv_p10__stv14,sleep,physiology,sleep__hrv_p10: within-person stv14; calendar windows where applicable,temporal_v3
v3__sleep__hrv_p10__rolling_cv14,sleep,physiology,sleep__hrv_p10: within-person rolling_cv14; calendar windows where applicable,temporal_v3
v3__sleep__hrv_p10__rolling_range14,sleep,physiology,sleep__hrv_p10: within-person rolling_range14; calendar windows where applicable,temporal_v3
v3__sleep__hrv_p10__stv28,sleep,physiology,sleep__hrv_p10: within-person stv28; calendar windows where applicable,temporal_v3
v3__sleep__hrv_p10__rolling_cv28,sleep,physiology,sleep__hrv_p10: within-person rolling_cv28; calendar windows where applicable,temporal_v3
v3__sleep__hrv_p10__rolling_range28,sleep,physiology,sleep__hrv_p10: within-person rolling_range28; calendar windows where applicable,temporal_v3
v3__sleep__hrv_p90__mean,sleep,physiology,sleep__hrv_p90: within-person mean; calendar windows where applicable,temporal_v3
v3__sleep__hrv_p90__std,sleep,physiology,sleep__hrv_p90: within-person std; calendar windows where applicable,temporal_v3
v3__sleep__hrv_p90__median,sleep,physiology,sleep__hrv_p90: within-person median; calendar windows where applicable,temporal_v3
v3__sleep__hrv_p90__trimmed_mean,sleep,physiology,sleep__hrv_p90: within-person trimmed_mean; calendar windows where applicable,temporal_v3
v3__sleep__hrv_p90__mode,sleep,physiology,sleep__hrv_p90: within-person mode; calendar windows where applicable,temporal_v3
v3__sleep__hrv_p90__minimum,sleep,physiology,sleep__hrv_p90: within-person minimum; calendar windows where applicable,temporal_v3
v3__sleep__hrv_p90__maximum,sleep,physiology,sleep__hrv_p90: within-person maximum; calendar windows where applicable,temporal_v3
v3__sleep__hrv_p90__range,sleep,physiology,sleep__hrv_p90: within-person range; calendar windows where applicable,temporal_v3
v3__sleep__hrv_p90__mad,sleep,physiology,sleep__hrv_p90: within-person mad; calendar windows where applicable,temporal_v3
v3__sleep__hrv_p90__cv,sleep,physiology,sleep__hrv_p90: within-person cv; calendar windows where applicable,temporal_v3
v3__sleep__hrv_p90__skew,sleep,physiology,sleep__hrv_p90: within-person skew; calendar windows where applicable,temporal_v3
v3__sleep__hrv_p90__kurtosis,sleep,physiology,sleep__hrv_p90: within-person kurtosis; calendar windows where applicable,temporal_v3
v3__sleep__hrv_p90__q05,sleep,physiology,sleep__hrv_p90: within-person q05; calendar windows where applicable,temporal_v3
v3__sleep__hrv_p90__q95,sleep,physiology,sleep__hrv_p90: within-person q95; calendar windows where applicable,temporal_v3
v3__sleep__hrv_p90__rmssd,sleep,physiology,sleep__hrv_p90: within-person rmssd; calendar windows where applicable,temporal_v3
v3__sleep__hrv_p90__moving_range,sleep,physiology,sleep__hrv_p90: within-person moving_range; calendar windows where applicable,temporal_v3
v3__sleep__hrv_p90__lag1,sleep,physiology,sleep__hrv_p90: within-person lag1; calendar windows where applicable,temporal_v3
v3__sleep__hrv_p90__trend,sleep,physiology,sleep__hrv_p90: within-person trend; calendar windows where applicable,temporal_v3
v3__sleep__hrv_p90__bin_variance4,sleep,physiology,sleep__hrv_p90: within-person bin_variance4; calendar windows where applicable,temporal_v3
v3__sleep__hrv_p90__bin_change4,sleep,physiology,sleep__hrv_p90: within-person bin_change4; calendar windows where applicable,temporal_v3
v3__sleep__hrv_p90__stv7,sleep,physiology,sleep__hrv_p90: within-person stv7; calendar windows where applicable,temporal_v3
v3__sleep__hrv_p90__rolling_cv7,sleep,physiology,sleep__hrv_p90: within-person rolling_cv7; calendar windows where applicable,temporal_v3
v3__sleep__hrv_p90__rolling_range7,sleep,physiology,sleep__hrv_p90: within-person rolling_range7; calendar windows where applicable,temporal_v3
v3__sleep__hrv_p90__stv14,sleep,physiology,sleep__hrv_p90: within-person stv14; calendar windows where applicable,temporal_v3
v3__sleep__hrv_p90__rolling_cv14,sleep,physiology,sleep__hrv_p90: within-person rolling_cv14; calendar windows where applicable,temporal_v3
v3__sleep__hrv_p90__rolling_range14,sleep,physiology,sleep__hrv_p90: within-person rolling_range14; calendar windows where applicable,temporal_v3
v3__sleep__hrv_p90__stv28,sleep,physiology,sleep__hrv_p90: within-person stv28; calendar windows where applicable,temporal_v3
v3__sleep__hrv_p90__rolling_cv28,sleep,physiology,sleep__hrv_p90: within-person rolling_cv28; calendar windows where applicable,temporal_v3
v3__sleep__hrv_p90__rolling_range28,sleep,physiology,sleep__hrv_p90: within-person rolling_range28; calendar windows where applicable,temporal_v3
v3__sleep__hrv_rmssd_adjacent__mean,sleep,physiology,sleep__hrv_rmssd_adjacent: within-person mean; calendar windows where applicable,temporal_v3
v3__sleep__hrv_rmssd_adjacent__std,sleep,physiology,sleep__hrv_rmssd_adjacent: within-person std; calendar windows where applicable,temporal_v3
v3__sleep__hrv_rmssd_adjacent__median,sleep,physiology,sleep__hrv_rmssd_adjacent: within-person median; calendar windows where applicable,temporal_v3
v3__sleep__hrv_rmssd_adjacent__trimmed_mean,sleep,physiology,sleep__hrv_rmssd_adjacent: within-person trimmed_mean; calendar windows where applicable,temporal_v3
v3__sleep__hrv_rmssd_adjacent__mode,sleep,physiology,sleep__hrv_rmssd_adjacent: within-person mode; calendar windows where applicable,temporal_v3
v3__sleep__hrv_rmssd_adjacent__minimum,sleep,physiology,sleep__hrv_rmssd_adjacent: within-person minimum; calendar windows where applicable,temporal_v3
v3__sleep__hrv_rmssd_adjacent__maximum,sleep,physiology,sleep__hrv_rmssd_adjacent: within-person maximum; calendar windows where applicable,temporal_v3
v3__sleep__hrv_rmssd_adjacent__range,sleep,physiology,sleep__hrv_rmssd_adjacent: within-person range; calendar windows where applicable,temporal_v3
v3__sleep__hrv_rmssd_adjacent__mad,sleep,physiology,sleep__hrv_rmssd_adjacent: within-person mad; calendar windows where applicable,temporal_v3
v3__sleep__hrv_rmssd_adjacent__cv,sleep,physiology,sleep__hrv_rmssd_adjacent: within-person cv; calendar windows where applicable,temporal_v3
v3__sleep__hrv_rmssd_adjacent__skew,sleep,physiology,sleep__hrv_rmssd_adjacent: within-person skew; calendar windows where applicable,temporal_v3
v3__sleep__hrv_rmssd_adjacent__kurtosis,sleep,physiology,sleep__hrv_rmssd_adjacent: within-person kurtosis; calendar windows where applicable,temporal_v3
v3__sleep__hrv_rmssd_adjacent__q05,sleep,physiology,sleep__hrv_rmssd_adjacent: within-person q05; calendar windows where applicable,temporal_v3
v3__sleep__hrv_rmssd_adjacent__q95,sleep,physiology,sleep__hrv_rmssd_adjacent: within-person q95; calendar windows where applicable,temporal_v3
v3__sleep__hrv_rmssd_adjacent__rmssd,sleep,physiology,sleep__hrv_rmssd_adjacent: within-person rmssd; calendar windows where applicable,temporal_v3
v3__sleep__hrv_rmssd_adjacent__moving_range,sleep,physiology,sleep__hrv_rmssd_adjacent: within-person moving_range; calendar windows where applicable,temporal_v3
v3__sleep__hrv_rmssd_adjacent__lag1,sleep,physiology,sleep__hrv_rmssd_adjacent: within-person lag1; calendar windows where applicable,temporal_v3
v3__sleep__hrv_rmssd_adjacent__trend,sleep,physiology,sleep__hrv_rmssd_adjacent: within-person trend; calendar windows where applicable,temporal_v3
v3__sleep__hrv_rmssd_adjacent__bin_variance4,sleep,physiology,sleep__hrv_rmssd_adjacent: within-person bin_variance4; calendar windows where applicable,temporal_v3
v3__sleep__hrv_rmssd_adjacent__bin_change4,sleep,physiology,sleep__hrv_rmssd_adjacent: within-person bin_change4; calendar windows where applicable,temporal_v3
v3__sleep__hrv_rmssd_adjacent__stv7,sleep,physiology,sleep__hrv_rmssd_adjacent: within-person stv7; calendar windows where applicable,temporal_v3
v3__sleep__hrv_rmssd_adjacent__rolling_cv7,sleep,physiology,sleep__hrv_rmssd_adjacent: within-person rolling_cv7; calendar windows where applicable,temporal_v3
v3__sleep__hrv_rmssd_adjacent__rolling_range7,sleep,physiology,sleep__hrv_rmssd_adjacent: within-person rolling_range7; calendar windows where applicable,temporal_v3
v3__sleep__hrv_rmssd_adjacent__stv14,sleep,physiology,sleep__hrv_rmssd_adjacent: within-person stv14; calendar windows where applicable,temporal_v3
v3__sleep__hrv_rmssd_adjacent__rolling_cv14,sleep,physiology,sleep__hrv_rmssd_adjacent: within-person rolling_cv14; calendar windows where applicable,temporal_v3
v3__sleep__hrv_rmssd_adjacent__rolling_range14,sleep,physiology,sleep__hrv_rmssd_adjacent: within-person rolling_range14; calendar windows where applicable,temporal_v3
v3__sleep__hrv_rmssd_adjacent__stv28,sleep,physiology,sleep__hrv_rmssd_adjacent: within-person stv28; calendar windows where applicable,temporal_v3
v3__sleep__hrv_rmssd_adjacent__rolling_cv28,sleep,physiology,sleep__hrv_rmssd_adjacent: within-person rolling_cv28; calendar windows where applicable,temporal_v3
v3__sleep__hrv_rmssd_adjacent__rolling_range28,sleep,physiology,sleep__hrv_rmssd_adjacent: within-person rolling_range28; calendar windows where applicable,temporal_v3
v3__sleep__hrv_lag1__mean,sleep,physiology,sleep__hrv_lag1: within-person mean; calendar windows where applicable,temporal_v3
v3__sleep__hrv_lag1__std,sleep,physiology,sleep__hrv_lag1: within-person std; calendar windows where applicable,temporal_v3
v3__sleep__hrv_lag1__median,sleep,physiology,sleep__hrv_lag1: within-person median; calendar windows where applicable,temporal_v3
v3__sleep__hrv_lag1__trimmed_mean,sleep,physiology,sleep__hrv_lag1: within-person trimmed_mean; calendar windows where applicable,temporal_v3
v3__sleep__hrv_lag1__mode,sleep,physiology,sleep__hrv_lag1: within-person mode; calendar windows where applicable,temporal_v3
v3__sleep__hrv_lag1__minimum,sleep,physiology,sleep__hrv_lag1: within-person minimum; calendar windows where applicable,temporal_v3
v3__sleep__hrv_lag1__maximum,sleep,physiology,sleep__hrv_lag1: within-person maximum; calendar windows where applicable,temporal_v3
v3__sleep__hrv_lag1__range,sleep,physiology,sleep__hrv_lag1: within-person range; calendar windows where applicable,temporal_v3
v3__sleep__hrv_lag1__mad,sleep,physiology,sleep__hrv_lag1: within-person mad; calendar windows where applicable,temporal_v3
v3__sleep__hrv_lag1__cv,sleep,physiology,sleep__hrv_lag1: within-person cv; calendar windows where applicable,temporal_v3
v3__sleep__hrv_lag1__skew,sleep,physiology,sleep__hrv_lag1: within-person skew; calendar windows where applicable,temporal_v3
v3__sleep__hrv_lag1__kurtosis,sleep,physiology,sleep__hrv_lag1: within-person kurtosis; calendar windows where applicable,temporal_v3
v3__sleep__hrv_lag1__q05,sleep,physiology,sleep__hrv_lag1: within-person q05; calendar windows where applicable,temporal_v3
v3__sleep__hrv_lag1__q95,sleep,physiology,sleep__hrv_lag1: within-person q95; calendar windows where applicable,temporal_v3
v3__sleep__hrv_lag1__rmssd,sleep,physiology,sleep__hrv_lag1: within-person rmssd; calendar windows where applicable,temporal_v3
v3__sleep__hrv_lag1__moving_range,sleep,physiology,sleep__hrv_lag1: within-person moving_range; calendar windows where applicable,temporal_v3
v3__sleep__hrv_lag1__lag1,sleep,physiology,sleep__hrv_lag1: within-person lag1; calendar windows where applicable,temporal_v3
v3__sleep__hrv_lag1__trend,sleep,physiology,sleep__hrv_lag1: within-person trend; calendar windows where applicable,temporal_v3
v3__sleep__hrv_lag1__bin_variance4,sleep,physiology,sleep__hrv_lag1: within-person bin_variance4; calendar windows where applicable,temporal_v3
v3__sleep__hrv_lag1__bin_change4,sleep,physiology,sleep__hrv_lag1: within-person bin_change4; calendar windows where applicable,temporal_v3
v3__sleep__hrv_lag1__stv7,sleep,physiology,sleep__hrv_lag1: within-person stv7; calendar windows where applicable,temporal_v3
v3__sleep__hrv_lag1__rolling_cv7,sleep,physiology,sleep__hrv_lag1: within-person rolling_cv7; calendar windows where applicable,temporal_v3
v3__sleep__hrv_lag1__rolling_range7,sleep,physiology,sleep__hrv_lag1: within-person rolling_range7; calendar windows where applicable,temporal_v3
v3__sleep__hrv_lag1__stv14,sleep,physiology,sleep__hrv_lag1: within-person stv14; calendar windows where applicable,temporal_v3
v3__sleep__hrv_lag1__rolling_cv14,sleep,physiology,sleep__hrv_lag1: within-person rolling_cv14; calendar windows where applicable,temporal_v3
v3__sleep__hrv_lag1__rolling_range14,sleep,physiology,sleep__hrv_lag1: within-person rolling_range14; calendar windows where applicable,temporal_v3
v3__sleep__hrv_lag1__stv28,sleep,physiology,sleep__hrv_lag1: within-person stv28; calendar windows where applicable,temporal_v3
v3__sleep__hrv_lag1__rolling_cv28,sleep,physiology,sleep__hrv_lag1: within-person rolling_cv28; calendar windows where applicable,temporal_v3
v3__sleep__hrv_lag1__rolling_range28,sleep,physiology,sleep__hrv_lag1: within-person rolling_range28; calendar windows where applicable,temporal_v3
v3__sleep__hrv_last_first_third__mean,sleep,physiology,sleep__hrv_last_first_third: within-person mean; calendar windows where applicable,temporal_v3
v3__sleep__hrv_last_first_third__std,sleep,physiology,sleep__hrv_last_first_third: within-person std; calendar windows where applicable,temporal_v3
v3__sleep__hrv_last_first_third__median,sleep,physiology,sleep__hrv_last_first_third: within-person median; calendar windows where applicable,temporal_v3
v3__sleep__hrv_last_first_third__trimmed_mean,sleep,physiology,sleep__hrv_last_first_third: within-person trimmed_mean; calendar windows where applicable,temporal_v3
v3__sleep__hrv_last_first_third__mode,sleep,physiology,sleep__hrv_last_first_third: within-person mode; calendar windows where applicable,temporal_v3
v3__sleep__hrv_last_first_third__minimum,sleep,physiology,sleep__hrv_last_first_third: within-person minimum; calendar windows where applicable,temporal_v3
v3__sleep__hrv_last_first_third__maximum,sleep,physiology,sleep__hrv_last_first_third: within-person maximum; calendar windows where applicable,temporal_v3
v3__sleep__hrv_last_first_third__range,sleep,physiology,sleep__hrv_last_first_third: within-person range; calendar windows where applicable,temporal_v3
v3__sleep__hrv_last_first_third__mad,sleep,physiology,sleep__hrv_last_first_third: within-person mad; calendar windows where applicable,temporal_v3
v3__sleep__hrv_last_first_third__cv,sleep,physiology,sleep__hrv_last_first_third: within-person cv; calendar windows where applicable,temporal_v3
v3__sleep__hrv_last_first_third__skew,sleep,physiology,sleep__hrv_last_first_third: within-person skew; calendar windows where applicable,temporal_v3
v3__sleep__hrv_last_first_third__kurtosis,sleep,physiology,sleep__hrv_last_first_third: within-person kurtosis; calendar windows where applicable,temporal_v3
v3__sleep__hrv_last_first_third__q05,sleep,physiology,sleep__hrv_last_first_third: within-person q05; calendar windows where applicable,temporal_v3
v3__sleep__hrv_last_first_third__q95,sleep,physiology,sleep__hrv_last_first_third: within-person q95; calendar windows where applicable,temporal_v3
v3__sleep__hrv_last_first_third__rmssd,sleep,physiology,sleep__hrv_last_first_third: within-person rmssd; calendar windows where applicable,temporal_v3
v3__sleep__hrv_last_first_third__moving_range,sleep,physiology,sleep__hrv_last_first_third: within-person moving_range; calendar windows where applicable,temporal_v3
v3__sleep__hrv_last_first_third__lag1,sleep,physiology,sleep__hrv_last_first_third: within-person lag1; calendar windows where applicable,temporal_v3
v3__sleep__hrv_last_first_third__trend,sleep,physiology,sleep__hrv_last_first_third: within-person trend; calendar windows where applicable,temporal_v3
v3__sleep__hrv_last_first_third__bin_variance4,sleep,physiology,sleep__hrv_last_first_third: within-person bin_variance4; calendar windows where applicable,temporal_v3
v3__sleep__hrv_last_first_third__bin_change4,sleep,physiology,sleep__hrv_last_first_third: within-person bin_change4; calendar windows where applicable,temporal_v3
v3__sleep__hrv_last_first_third__stv7,sleep,physiology,sleep__hrv_last_first_third: within-person stv7; calendar windows where applicable,temporal_v3
v3__sleep__hrv_last_first_third__rolling_cv7,sleep,physiology,sleep__hrv_last_first_third: within-person rolling_cv7; calendar windows where applicable,temporal_v3
v3__sleep__hrv_last_first_third__rolling_range7,sleep,physiology,sleep__hrv_last_first_third: within-person rolling_range7; calendar windows where applicable,temporal_v3
v3__sleep__hrv_last_first_third__stv14,sleep,physiology,sleep__hrv_last_first_third: within-person stv14; calendar windows where applicable,temporal_v3
v3__sleep__hrv_last_first_third__rolling_cv14,sleep,physiology,sleep__hrv_last_first_third: within-person rolling_cv14; calendar windows where applicable,temporal_v3
v3__sleep__hrv_last_first_third__rolling_range14,sleep,physiology,sleep__hrv_last_first_third: within-person rolling_range14; calendar windows where applicable,temporal_v3
v3__sleep__hrv_last_first_third__stv28,sleep,physiology,sleep__hrv_last_first_third: within-person stv28; calendar windows where applicable,temporal_v3
v3__sleep__hrv_last_first_third__rolling_cv28,sleep,physiology,sleep__hrv_last_first_third: within-person rolling_cv28; calendar windows where applicable,temporal_v3
v3__sleep__hrv_last_first_third__rolling_range28,sleep,physiology,sleep__hrv_last_first_third: within-person rolling_range28; calendar windows where applicable,temporal_v3
v3__sleep__deep_fraction__mean,sleep,physiology,sleep__deep_fraction: within-person mean; calendar windows where applicable,temporal_v3
v3__sleep__deep_fraction__std,sleep,physiology,sleep__deep_fraction: within-person std; calendar windows where applicable,temporal_v3
v3__sleep__deep_fraction__median,sleep,physiology,sleep__deep_fraction: within-person median; calendar windows where applicable,temporal_v3
v3__sleep__deep_fraction__trimmed_mean,sleep,physiology,sleep__deep_fraction: within-person trimmed_mean; calendar windows where applicable,temporal_v3
v3__sleep__deep_fraction__mode,sleep,physiology,sleep__deep_fraction: within-person mode; calendar windows where applicable,temporal_v3
v3__sleep__deep_fraction__minimum,sleep,physiology,sleep__deep_fraction: within-person minimum; calendar windows where applicable,temporal_v3
v3__sleep__deep_fraction__maximum,sleep,physiology,sleep__deep_fraction: within-person maximum; calendar windows where applicable,temporal_v3
v3__sleep__deep_fraction__range,sleep,physiology,sleep__deep_fraction: within-person range; calendar windows where applicable,temporal_v3
v3__sleep__deep_fraction__mad,sleep,physiology,sleep__deep_fraction: within-person mad; calendar windows where applicable,temporal_v3
v3__sleep__deep_fraction__cv,sleep,physiology,sleep__deep_fraction: within-person cv; calendar windows where applicable,temporal_v3
v3__sleep__deep_fraction__skew,sleep,physiology,sleep__deep_fraction: within-person skew; calendar windows where applicable,temporal_v3
v3__sleep__deep_fraction__kurtosis,sleep,physiology,sleep__deep_fraction: within-person kurtosis; calendar windows where applicable,temporal_v3
v3__sleep__deep_fraction__q05,sleep,physiology,sleep__deep_fraction: within-person q05; calendar windows where applicable,temporal_v3
v3__sleep__deep_fraction__q95,sleep,physiology,sleep__deep_fraction: within-person q95; calendar windows where applicable,temporal_v3
v3__sleep__deep_fraction__rmssd,sleep,physiology,sleep__deep_fraction: within-person rmssd; calendar windows where applicable,temporal_v3
v3__sleep__deep_fraction__moving_range,sleep,physiology,sleep__deep_fraction: within-person moving_range; calendar windows where applicable,temporal_v3
v3__sleep__deep_fraction__lag1,sleep,physiology,sleep__deep_fraction: within-person lag1; calendar windows where applicable,temporal_v3
v3__sleep__deep_fraction__trend,sleep,physiology,sleep__deep_fraction: within-person trend; calendar windows where applicable,temporal_v3
v3__sleep__deep_fraction__bin_variance4,sleep,physiology,sleep__deep_fraction: within-person bin_variance4; calendar windows where applicable,temporal_v3
v3__sleep__deep_fraction__bin_change4,sleep,physiology,sleep__deep_fraction: within-person bin_change4; calendar windows where applicable,temporal_v3
v3__sleep__deep_fraction__stv7,sleep,physiology,sleep__deep_fraction: within-person stv7; calendar windows where applicable,temporal_v3
v3__sleep__deep_fraction__rolling_cv7,sleep,physiology,sleep__deep_fraction: within-person rolling_cv7; calendar windows where applicable,temporal_v3
v3__sleep__deep_fraction__rolling_range7,sleep,physiology,sleep__deep_fraction: within-person rolling_range7; calendar windows where applicable,temporal_v3
v3__sleep__deep_fraction__stv14,sleep,physiology,sleep__deep_fraction: within-person stv14; calendar windows where applicable,temporal_v3
v3__sleep__deep_fraction__rolling_cv14,sleep,physiology,sleep__deep_fraction: within-person rolling_cv14; calendar windows where applicable,temporal_v3
v3__sleep__deep_fraction__rolling_range14,sleep,physiology,sleep__deep_fraction: within-person rolling_range14; calendar windows where applicable,temporal_v3
v3__sleep__deep_fraction__stv28,sleep,physiology,sleep__deep_fraction: within-person stv28; calendar windows where applicable,temporal_v3
v3__sleep__deep_fraction__rolling_cv28,sleep,physiology,sleep__deep_fraction: within-person rolling_cv28; calendar windows where applicable,temporal_v3
v3__sleep__deep_fraction__rolling_range28,sleep,physiology,sleep__deep_fraction: within-person rolling_range28; calendar windows where applicable,temporal_v3
v3__sleep__light_fraction__mean,sleep,physiology,sleep__light_fraction: within-person mean; calendar windows where applicable,temporal_v3
v3__sleep__light_fraction__std,sleep,physiology,sleep__light_fraction: within-person std; calendar windows where applicable,temporal_v3
v3__sleep__light_fraction__median,sleep,physiology,sleep__light_fraction: within-person median; calendar windows where applicable,temporal_v3
v3__sleep__light_fraction__trimmed_mean,sleep,physiology,sleep__light_fraction: within-person trimmed_mean; calendar windows where applicable,temporal_v3
v3__sleep__light_fraction__mode,sleep,physiology,sleep__light_fraction: within-person mode; calendar windows where applicable,temporal_v3
v3__sleep__light_fraction__minimum,sleep,physiology,sleep__light_fraction: within-person minimum; calendar windows where applicable,temporal_v3
v3__sleep__light_fraction__maximum,sleep,physiology,sleep__light_fraction: within-person maximum; calendar windows where applicable,temporal_v3
v3__sleep__light_fraction__range,sleep,physiology,sleep__light_fraction: within-person range; calendar windows where applicable,temporal_v3
v3__sleep__light_fraction__mad,sleep,physiology,sleep__light_fraction: within-person mad; calendar windows where applicable,temporal_v3
v3__sleep__light_fraction__cv,sleep,physiology,sleep__light_fraction: within-person cv; calendar windows where applicable,temporal_v3
v3__sleep__light_fraction__skew,sleep,physiology,sleep__light_fraction: within-person skew; calendar windows where applicable,temporal_v3
v3__sleep__light_fraction__kurtosis,sleep,physiology,sleep__light_fraction: within-person kurtosis; calendar windows where applicable,temporal_v3
v3__sleep__light_fraction__q05,sleep,physiology,sleep__light_fraction: within-person q05; calendar windows where applicable,temporal_v3
v3__sleep__light_fraction__q95,sleep,physiology,sleep__light_fraction: within-person q95; calendar windows where applicable,temporal_v3
v3__sleep__light_fraction__rmssd,sleep,physiology,sleep__light_fraction: within-person rmssd; calendar windows where applicable,temporal_v3
v3__sleep__light_fraction__moving_range,sleep,physiology,sleep__light_fraction: within-person moving_range; calendar windows where applicable,temporal_v3
v3__sleep__light_fraction__lag1,sleep,physiology,sleep__light_fraction: within-person lag1; calendar windows where applicable,temporal_v3
v3__sleep__light_fraction__trend,sleep,physiology,sleep__light_fraction: within-person trend; calendar windows where applicable,temporal_v3
v3__sleep__light_fraction__bin_variance4,sleep,physiology,sleep__light_fraction: within-person bin_variance4; calendar windows where applicable,temporal_v3
v3__sleep__light_fraction__bin_change4,sleep,physiology,sleep__light_fraction: within-person bin_change4; calendar windows where applicable,temporal_v3
v3__sleep__light_fraction__stv7,sleep,physiology,sleep__light_fraction: within-person stv7; calendar windows where applicable,temporal_v3
v3__sleep__light_fraction__rolling_cv7,sleep,physiology,sleep__light_fraction: within-person rolling_cv7; calendar windows where applicable,temporal_v3
v3__sleep__light_fraction__rolling_range7,sleep,physiology,sleep__light_fraction: within-person rolling_range7; calendar windows where applicable,temporal_v3
v3__sleep__light_fraction__stv14,sleep,physiology,sleep__light_fraction: within-person stv14; calendar windows where applicable,temporal_v3
v3__sleep__light_fraction__rolling_cv14,sleep,physiology,sleep__light_fraction: within-person rolling_cv14; calendar windows where applicable,temporal_v3
v3__sleep__light_fraction__rolling_range14,sleep,physiology,sleep__light_fraction: within-person rolling_range14; calendar windows where applicable,temporal_v3
v3__sleep__light_fraction__stv28,sleep,physiology,sleep__light_fraction: within-person stv28; calendar windows where applicable,temporal_v3
v3__sleep__light_fraction__rolling_cv28,sleep,physiology,sleep__light_fraction: within-person rolling_cv28; calendar windows where applicable,temporal_v3
v3__sleep__light_fraction__rolling_range28,sleep,physiology,sleep__light_fraction: within-person rolling_range28; calendar windows where applicable,temporal_v3
v3__sleep__rem_fraction__mean,sleep,physiology,sleep__rem_fraction: within-person mean; calendar windows where applicable,temporal_v3
v3__sleep__rem_fraction__std,sleep,physiology,sleep__rem_fraction: within-person std; calendar windows where applicable,temporal_v3
v3__sleep__rem_fraction__median,sleep,physiology,sleep__rem_fraction: within-person median; calendar windows where applicable,temporal_v3
v3__sleep__rem_fraction__trimmed_mean,sleep,physiology,sleep__rem_fraction: within-person trimmed_mean; calendar windows where applicable,temporal_v3
v3__sleep__rem_fraction__mode,sleep,physiology,sleep__rem_fraction: within-person mode; calendar windows where applicable,temporal_v3
v3__sleep__rem_fraction__minimum,sleep,physiology,sleep__rem_fraction: within-person minimum; calendar windows where applicable,temporal_v3
v3__sleep__rem_fraction__maximum,sleep,physiology,sleep__rem_fraction: within-person maximum; calendar windows where applicable,temporal_v3
v3__sleep__rem_fraction__range,sleep,physiology,sleep__rem_fraction: within-person range; calendar windows where applicable,temporal_v3
v3__sleep__rem_fraction__mad,sleep,physiology,sleep__rem_fraction: within-person mad; calendar windows where applicable,temporal_v3
v3__sleep__rem_fraction__cv,sleep,physiology,sleep__rem_fraction: within-person cv; calendar windows where applicable,temporal_v3
v3__sleep__rem_fraction__skew,sleep,physiology,sleep__rem_fraction: within-person skew; calendar windows where applicable,temporal_v3
v3__sleep__rem_fraction__kurtosis,sleep,physiology,sleep__rem_fraction: within-person kurtosis; calendar windows where applicable,temporal_v3
v3__sleep__rem_fraction__q05,sleep,physiology,sleep__rem_fraction: within-person q05; calendar windows where applicable,temporal_v3
v3__sleep__rem_fraction__q95,sleep,physiology,sleep__rem_fraction: within-person q95; calendar windows where applicable,temporal_v3
v3__sleep__rem_fraction__rmssd,sleep,physiology,sleep__rem_fraction: within-person rmssd; calendar windows where applicable,temporal_v3
v3__sleep__rem_fraction__moving_range,sleep,physiology,sleep__rem_fraction: within-person moving_range; calendar windows where applicable,temporal_v3
v3__sleep__rem_fraction__lag1,sleep,physiology,sleep__rem_fraction: within-person lag1; calendar windows where applicable,temporal_v3
v3__sleep__rem_fraction__trend,sleep,physiology,sleep__rem_fraction: within-person trend; calendar windows where applicable,temporal_v3
v3__sleep__rem_fraction__bin_variance4,sleep,physiology,sleep__rem_fraction: within-person bin_variance4; calendar windows where applicable,temporal_v3
v3__sleep__rem_fraction__bin_change4,sleep,physiology,sleep__rem_fraction: within-person bin_change4; calendar windows where applicable,temporal_v3
v3__sleep__rem_fraction__stv7,sleep,physiology,sleep__rem_fraction: within-person stv7; calendar windows where applicable,temporal_v3
v3__sleep__rem_fraction__rolling_cv7,sleep,physiology,sleep__rem_fraction: within-person rolling_cv7; calendar windows where applicable,temporal_v3
v3__sleep__rem_fraction__rolling_range7,sleep,physiology,sleep__rem_fraction: within-person rolling_range7; calendar windows where applicable,temporal_v3
v3__sleep__rem_fraction__stv14,sleep,physiology,sleep__rem_fraction: within-person stv14; calendar windows where applicable,temporal_v3
v3__sleep__rem_fraction__rolling_cv14,sleep,physiology,sleep__rem_fraction: within-person rolling_cv14; calendar windows where applicable,temporal_v3
v3__sleep__rem_fraction__rolling_range14,sleep,physiology,sleep__rem_fraction: within-person rolling_range14; calendar windows where applicable,temporal_v3
v3__sleep__rem_fraction__stv28,sleep,physiology,sleep__rem_fraction: within-person stv28; calendar windows where applicable,temporal_v3
v3__sleep__rem_fraction__rolling_cv28,sleep,physiology,sleep__rem_fraction: within-person rolling_cv28; calendar windows where applicable,temporal_v3
v3__sleep__rem_fraction__rolling_range28,sleep,physiology,sleep__rem_fraction: within-person rolling_range28; calendar windows where applicable,temporal_v3
v3__sleep__awake_fraction__mean,sleep,physiology,sleep__awake_fraction: within-person mean; calendar windows where applicable,temporal_v3
v3__sleep__awake_fraction__std,sleep,physiology,sleep__awake_fraction: within-person std; calendar windows where applicable,temporal_v3
v3__sleep__awake_fraction__median,sleep,physiology,sleep__awake_fraction: within-person median; calendar windows where applicable,temporal_v3
v3__sleep__awake_fraction__trimmed_mean,sleep,physiology,sleep__awake_fraction: within-person trimmed_mean; calendar windows where applicable,temporal_v3
v3__sleep__awake_fraction__mode,sleep,physiology,sleep__awake_fraction: within-person mode; calendar windows where applicable,temporal_v3
v3__sleep__awake_fraction__minimum,sleep,physiology,sleep__awake_fraction: within-person minimum; calendar windows where applicable,temporal_v3
v3__sleep__awake_fraction__maximum,sleep,physiology,sleep__awake_fraction: within-person maximum; calendar windows where applicable,temporal_v3
v3__sleep__awake_fraction__range,sleep,physiology,sleep__awake_fraction: within-person range; calendar windows where applicable,temporal_v3
v3__sleep__awake_fraction__mad,sleep,physiology,sleep__awake_fraction: within-person mad; calendar windows where applicable,temporal_v3
v3__sleep__awake_fraction__cv,sleep,physiology,sleep__awake_fraction: within-person cv; calendar windows where applicable,temporal_v3
v3__sleep__awake_fraction__skew,sleep,physiology,sleep__awake_fraction: within-person skew; calendar windows where applicable,temporal_v3
v3__sleep__awake_fraction__kurtosis,sleep,physiology,sleep__awake_fraction: within-person kurtosis; calendar windows where applicable,temporal_v3
v3__sleep__awake_fraction__q05,sleep,physiology,sleep__awake_fraction: within-person q05; calendar windows where applicable,temporal_v3
v3__sleep__awake_fraction__q95,sleep,physiology,sleep__awake_fraction: within-person q95; calendar windows where applicable,temporal_v3
v3__sleep__awake_fraction__rmssd,sleep,physiology,sleep__awake_fraction: within-person rmssd; calendar windows where applicable,temporal_v3
v3__sleep__awake_fraction__moving_range,sleep,physiology,sleep__awake_fraction: within-person moving_range; calendar windows where applicable,temporal_v3
v3__sleep__awake_fraction__lag1,sleep,physiology,sleep__awake_fraction: within-person lag1; calendar windows where applicable,temporal_v3
v3__sleep__awake_fraction__trend,sleep,physiology,sleep__awake_fraction: within-person trend; calendar windows where applicable,temporal_v3
v3__sleep__awake_fraction__bin_variance4,sleep,physiology,sleep__awake_fraction: within-person bin_variance4; calendar windows where applicable,temporal_v3
v3__sleep__awake_fraction__bin_change4,sleep,physiology,sleep__awake_fraction: within-person bin_change4; calendar windows where applicable,temporal_v3
v3__sleep__awake_fraction__stv7,sleep,physiology,sleep__awake_fraction: within-person stv7; calendar windows where applicable,temporal_v3
v3__sleep__awake_fraction__rolling_cv7,sleep,physiology,sleep__awake_fraction: within-person rolling_cv7; calendar windows where applicable,temporal_v3
v3__sleep__awake_fraction__rolling_range7,sleep,physiology,sleep__awake_fraction: within-person rolling_range7; calendar windows where applicable,temporal_v3
v3__sleep__awake_fraction__stv14,sleep,physiology,sleep__awake_fraction: within-person stv14; calendar windows where applicable,temporal_v3
v3__sleep__awake_fraction__rolling_cv14,sleep,physiology,sleep__awake_fraction: within-person rolling_cv14; calendar windows where applicable,temporal_v3
v3__sleep__awake_fraction__rolling_range14,sleep,physiology,sleep__awake_fraction: within-person rolling_range14; calendar windows where applicable,temporal_v3
v3__sleep__awake_fraction__stv28,sleep,physiology,sleep__awake_fraction: within-person stv28; calendar windows where applicable,temporal_v3
v3__sleep__awake_fraction__rolling_cv28,sleep,physiology,sleep__awake_fraction: within-person rolling_cv28; calendar windows where applicable,temporal_v3
v3__sleep__awake_fraction__rolling_range28,sleep,physiology,sleep__awake_fraction: within-person rolling_range28; calendar windows where applicable,temporal_v3
v3__sleep__latency_fraction__mean,sleep,physiology,sleep__latency_fraction: within-person mean; calendar windows where applicable,temporal_v3
v3__sleep__latency_fraction__std,sleep,physiology,sleep__latency_fraction: within-person std; calendar windows where applicable,temporal_v3
v3__sleep__latency_fraction__median,sleep,physiology,sleep__latency_fraction: within-person median; calendar windows where applicable,temporal_v3
v3__sleep__latency_fraction__trimmed_mean,sleep,physiology,sleep__latency_fraction: within-person trimmed_mean; calendar windows where applicable,temporal_v3
v3__sleep__latency_fraction__mode,sleep,physiology,sleep__latency_fraction: within-person mode; calendar windows where applicable,temporal_v3
v3__sleep__latency_fraction__minimum,sleep,physiology,sleep__latency_fraction: within-person minimum; calendar windows where applicable,temporal_v3
v3__sleep__latency_fraction__maximum,sleep,physiology,sleep__latency_fraction: within-person maximum; calendar windows where applicable,temporal_v3
v3__sleep__latency_fraction__range,sleep,physiology,sleep__latency_fraction: within-person range; calendar windows where applicable,temporal_v3
v3__sleep__latency_fraction__mad,sleep,physiology,sleep__latency_fraction: within-person mad; calendar windows where applicable,temporal_v3
v3__sleep__latency_fraction__cv,sleep,physiology,sleep__latency_fraction: within-person cv; calendar windows where applicable,temporal_v3
v3__sleep__latency_fraction__skew,sleep,physiology,sleep__latency_fraction: within-person skew; calendar windows where applicable,temporal_v3
v3__sleep__latency_fraction__kurtosis,sleep,physiology,sleep__latency_fraction: within-person kurtosis; calendar windows where applicable,temporal_v3
v3__sleep__latency_fraction__q05,sleep,physiology,sleep__latency_fraction: within-person q05; calendar windows where applicable,temporal_v3
v3__sleep__latency_fraction__q95,sleep,physiology,sleep__latency_fraction: within-person q95; calendar windows where applicable,temporal_v3
v3__sleep__latency_fraction__rmssd,sleep,physiology,sleep__latency_fraction: within-person rmssd; calendar windows where applicable,temporal_v3
v3__sleep__latency_fraction__moving_range,sleep,physiology,sleep__latency_fraction: within-person moving_range; calendar windows where applicable,temporal_v3
v3__sleep__latency_fraction__lag1,sleep,physiology,sleep__latency_fraction: within-person lag1; calendar windows where applicable,temporal_v3
v3__sleep__latency_fraction__trend,sleep,physiology,sleep__latency_fraction: within-person trend; calendar windows where applicable,temporal_v3
v3__sleep__latency_fraction__bin_variance4,sleep,physiology,sleep__latency_fraction: within-person bin_variance4; calendar windows where applicable,temporal_v3
v3__sleep__latency_fraction__bin_change4,sleep,physiology,sleep__latency_fraction: within-person bin_change4; calendar windows where applicable,temporal_v3
v3__sleep__latency_fraction__stv7,sleep,physiology,sleep__latency_fraction: within-person stv7; calendar windows where applicable,temporal_v3
v3__sleep__latency_fraction__rolling_cv7,sleep,physiology,sleep__latency_fraction: within-person rolling_cv7; calendar windows where applicable,temporal_v3
v3__sleep__latency_fraction__rolling_range7,sleep,physiology,sleep__latency_fraction: within-person rolling_range7; calendar windows where applicable,temporal_v3
v3__sleep__latency_fraction__stv14,sleep,physiology,sleep__latency_fraction: within-person stv14; calendar windows where applicable,temporal_v3
v3__sleep__latency_fraction__rolling_cv14,sleep,physiology,sleep__latency_fraction: within-person rolling_cv14; calendar windows where applicable,temporal_v3
v3__sleep__latency_fraction__rolling_range14,sleep,physiology,sleep__latency_fraction: within-person rolling_range14; calendar windows where applicable,temporal_v3
v3__sleep__latency_fraction__stv28,sleep,physiology,sleep__latency_fraction: within-person stv28; calendar windows where applicable,temporal_v3
v3__sleep__latency_fraction__rolling_cv28,sleep,physiology,sleep__latency_fraction: within-person rolling_cv28; calendar windows where applicable,temporal_v3
v3__sleep__latency_fraction__rolling_range28,sleep,physiology,sleep__latency_fraction: within-person rolling_range28; calendar windows where applicable,temporal_v3
v3__sleep__bedtime_sin__mean,sleep,physiology,sleep__bedtime_sin: within-person mean; calendar windows where applicable,temporal_v3
v3__sleep__bedtime_sin__std,sleep,physiology,sleep__bedtime_sin: within-person std; calendar windows where applicable,temporal_v3
v3__sleep__bedtime_sin__median,sleep,physiology,sleep__bedtime_sin: within-person median; calendar windows where applicable,temporal_v3
v3__sleep__bedtime_sin__trimmed_mean,sleep,physiology,sleep__bedtime_sin: within-person trimmed_mean; calendar windows where applicable,temporal_v3
v3__sleep__bedtime_sin__mode,sleep,physiology,sleep__bedtime_sin: within-person mode; calendar windows where applicable,temporal_v3
v3__sleep__bedtime_sin__minimum,sleep,physiology,sleep__bedtime_sin: within-person minimum; calendar windows where applicable,temporal_v3
v3__sleep__bedtime_sin__maximum,sleep,physiology,sleep__bedtime_sin: within-person maximum; calendar windows where applicable,temporal_v3
v3__sleep__bedtime_sin__range,sleep,physiology,sleep__bedtime_sin: within-person range; calendar windows where applicable,temporal_v3
v3__sleep__bedtime_sin__mad,sleep,physiology,sleep__bedtime_sin: within-person mad; calendar windows where applicable,temporal_v3
v3__sleep__bedtime_sin__cv,sleep,physiology,sleep__bedtime_sin: within-person cv; calendar windows where applicable,temporal_v3
v3__sleep__bedtime_sin__skew,sleep,physiology,sleep__bedtime_sin: within-person skew; calendar windows where applicable,temporal_v3
v3__sleep__bedtime_sin__kurtosis,sleep,physiology,sleep__bedtime_sin: within-person kurtosis; calendar windows where applicable,temporal_v3
v3__sleep__bedtime_sin__q05,sleep,physiology,sleep__bedtime_sin: within-person q05; calendar windows where applicable,temporal_v3
v3__sleep__bedtime_sin__q95,sleep,physiology,sleep__bedtime_sin: within-person q95; calendar windows where applicable,temporal_v3
v3__sleep__bedtime_sin__rmssd,sleep,physiology,sleep__bedtime_sin: within-person rmssd; calendar windows where applicable,temporal_v3
v3__sleep__bedtime_sin__moving_range,sleep,physiology,sleep__bedtime_sin: within-person moving_range; calendar windows where applicable,temporal_v3
v3__sleep__bedtime_sin__lag1,sleep,physiology,sleep__bedtime_sin: within-person lag1; calendar windows where applicable,temporal_v3
v3__sleep__bedtime_sin__trend,sleep,physiology,sleep__bedtime_sin: within-person trend; calendar windows where applicable,temporal_v3
v3__sleep__bedtime_sin__bin_variance4,sleep,physiology,sleep__bedtime_sin: within-person bin_variance4; calendar windows where applicable,temporal_v3
v3__sleep__bedtime_sin__bin_change4,sleep,physiology,sleep__bedtime_sin: within-person bin_change4; calendar windows where applicable,temporal_v3
v3__sleep__bedtime_sin__stv7,sleep,physiology,sleep__bedtime_sin: within-person stv7; calendar windows where applicable,temporal_v3
v3__sleep__bedtime_sin__rolling_cv7,sleep,physiology,sleep__bedtime_sin: within-person rolling_cv7; calendar windows where applicable,temporal_v3
v3__sleep__bedtime_sin__rolling_range7,sleep,physiology,sleep__bedtime_sin: within-person rolling_range7; calendar windows where applicable,temporal_v3
v3__sleep__bedtime_sin__stv14,sleep,physiology,sleep__bedtime_sin: within-person stv14; calendar windows where applicable,temporal_v3
v3__sleep__bedtime_sin__rolling_cv14,sleep,physiology,sleep__bedtime_sin: within-person rolling_cv14; calendar windows where applicable,temporal_v3
v3__sleep__bedtime_sin__rolling_range14,sleep,physiology,sleep__bedtime_sin: within-person rolling_range14; calendar windows where applicable,temporal_v3
v3__sleep__bedtime_sin__stv28,sleep,physiology,sleep__bedtime_sin: within-person stv28; calendar windows where applicable,temporal_v3
v3__sleep__bedtime_sin__rolling_cv28,sleep,physiology,sleep__bedtime_sin: within-person rolling_cv28; calendar windows where applicable,temporal_v3
v3__sleep__bedtime_sin__rolling_range28,sleep,physiology,sleep__bedtime_sin: within-person rolling_range28; calendar windows where applicable,temporal_v3
v3__sleep__bedtime_cos__mean,sleep,physiology,sleep__bedtime_cos: within-person mean; calendar windows where applicable,temporal_v3
v3__sleep__bedtime_cos__std,sleep,physiology,sleep__bedtime_cos: within-person std; calendar windows where applicable,temporal_v3
v3__sleep__bedtime_cos__median,sleep,physiology,sleep__bedtime_cos: within-person median; calendar windows where applicable,temporal_v3
v3__sleep__bedtime_cos__trimmed_mean,sleep,physiology,sleep__bedtime_cos: within-person trimmed_mean; calendar windows where applicable,temporal_v3
v3__sleep__bedtime_cos__mode,sleep,physiology,sleep__bedtime_cos: within-person mode; calendar windows where applicable,temporal_v3
v3__sleep__bedtime_cos__minimum,sleep,physiology,sleep__bedtime_cos: within-person minimum; calendar windows where applicable,temporal_v3
v3__sleep__bedtime_cos__maximum,sleep,physiology,sleep__bedtime_cos: within-person maximum; calendar windows where applicable,temporal_v3
v3__sleep__bedtime_cos__range,sleep,physiology,sleep__bedtime_cos: within-person range; calendar windows where applicable,temporal_v3
v3__sleep__bedtime_cos__mad,sleep,physiology,sleep__bedtime_cos: within-person mad; calendar windows where applicable,temporal_v3
v3__sleep__bedtime_cos__cv,sleep,physiology,sleep__bedtime_cos: within-person cv; calendar windows where applicable,temporal_v3
v3__sleep__bedtime_cos__skew,sleep,physiology,sleep__bedtime_cos: within-person skew; calendar windows where applicable,temporal_v3
v3__sleep__bedtime_cos__kurtosis,sleep,physiology,sleep__bedtime_cos: within-person kurtosis; calendar windows where applicable,temporal_v3
v3__sleep__bedtime_cos__q05,sleep,physiology,sleep__bedtime_cos: within-person q05; calendar windows where applicable,temporal_v3
v3__sleep__bedtime_cos__q95,sleep,physiology,sleep__bedtime_cos: within-person q95; calendar windows where applicable,temporal_v3
v3__sleep__bedtime_cos__rmssd,sleep,physiology,sleep__bedtime_cos: within-person rmssd; calendar windows where applicable,temporal_v3
v3__sleep__bedtime_cos__moving_range,sleep,physiology,sleep__bedtime_cos: within-person moving_range; calendar windows where applicable,temporal_v3
v3__sleep__bedtime_cos__lag1,sleep,physiology,sleep__bedtime_cos: within-person lag1; calendar windows where applicable,temporal_v3
v3__sleep__bedtime_cos__trend,sleep,physiology,sleep__bedtime_cos: within-person trend; calendar windows where applicable,temporal_v3
v3__sleep__bedtime_cos__bin_variance4,sleep,physiology,sleep__bedtime_cos: within-person bin_variance4; calendar windows where applicable,temporal_v3
v3__sleep__bedtime_cos__bin_change4,sleep,physiology,sleep__bedtime_cos: within-person bin_change4; calendar windows where applicable,temporal_v3
v3__sleep__bedtime_cos__stv7,sleep,physiology,sleep__bedtime_cos: within-person stv7; calendar windows where applicable,temporal_v3
v3__sleep__bedtime_cos__rolling_cv7,sleep,physiology,sleep__bedtime_cos: within-person rolling_cv7; calendar windows where applicable,temporal_v3
v3__sleep__bedtime_cos__rolling_range7,sleep,physiology,sleep__bedtime_cos: within-person rolling_range7; calendar windows where applicable,temporal_v3
v3__sleep__bedtime_cos__stv14,sleep,physiology,sleep__bedtime_cos: within-person stv14; calendar windows where applicable,temporal_v3
v3__sleep__bedtime_cos__rolling_cv14,sleep,physiology,sleep__bedtime_cos: within-person rolling_cv14; calendar windows where applicable,temporal_v3
v3__sleep__bedtime_cos__rolling_range14,sleep,physiology,sleep__bedtime_cos: within-person rolling_range14; calendar windows where applicable,temporal_v3
v3__sleep__bedtime_cos__stv28,sleep,physiology,sleep__bedtime_cos: within-person stv28; calendar windows where applicable,temporal_v3
v3__sleep__bedtime_cos__rolling_cv28,sleep,physiology,sleep__bedtime_cos: within-person rolling_cv28; calendar windows where applicable,temporal_v3
v3__sleep__bedtime_cos__rolling_range28,sleep,physiology,sleep__bedtime_cos: within-person rolling_range28; calendar windows where applicable,temporal_v3
v3__sleep__wake_sin__mean,sleep,physiology,sleep__wake_sin: within-person mean; calendar windows where applicable,temporal_v3
v3__sleep__wake_sin__std,sleep,physiology,sleep__wake_sin: within-person std; calendar windows where applicable,temporal_v3
v3__sleep__wake_sin__median,sleep,physiology,sleep__wake_sin: within-person median; calendar windows where applicable,temporal_v3
v3__sleep__wake_sin__trimmed_mean,sleep,physiology,sleep__wake_sin: within-person trimmed_mean; calendar windows where applicable,temporal_v3
v3__sleep__wake_sin__mode,sleep,physiology,sleep__wake_sin: within-person mode; calendar windows where applicable,temporal_v3
v3__sleep__wake_sin__minimum,sleep,physiology,sleep__wake_sin: within-person minimum; calendar windows where applicable,temporal_v3
v3__sleep__wake_sin__maximum,sleep,physiology,sleep__wake_sin: within-person maximum; calendar windows where applicable,temporal_v3
v3__sleep__wake_sin__range,sleep,physiology,sleep__wake_sin: within-person range; calendar windows where applicable,temporal_v3
v3__sleep__wake_sin__mad,sleep,physiology,sleep__wake_sin: within-person mad; calendar windows where applicable,temporal_v3
v3__sleep__wake_sin__cv,sleep,physiology,sleep__wake_sin: within-person cv; calendar windows where applicable,temporal_v3
v3__sleep__wake_sin__skew,sleep,physiology,sleep__wake_sin: within-person skew; calendar windows where applicable,temporal_v3
v3__sleep__wake_sin__kurtosis,sleep,physiology,sleep__wake_sin: within-person kurtosis; calendar windows where applicable,temporal_v3
v3__sleep__wake_sin__q05,sleep,physiology,sleep__wake_sin: within-person q05; calendar windows where applicable,temporal_v3
v3__sleep__wake_sin__q95,sleep,physiology,sleep__wake_sin: within-person q95; calendar windows where applicable,temporal_v3
v3__sleep__wake_sin__rmssd,sleep,physiology,sleep__wake_sin: within-person rmssd; calendar windows where applicable,temporal_v3
v3__sleep__wake_sin__moving_range,sleep,physiology,sleep__wake_sin: within-person moving_range; calendar windows where applicable,temporal_v3
v3__sleep__wake_sin__lag1,sleep,physiology,sleep__wake_sin: within-person lag1; calendar windows where applicable,temporal_v3
v3__sleep__wake_sin__trend,sleep,physiology,sleep__wake_sin: within-person trend; calendar windows where applicable,temporal_v3
v3__sleep__wake_sin__bin_variance4,sleep,physiology,sleep__wake_sin: within-person bin_variance4; calendar windows where applicable,temporal_v3
v3__sleep__wake_sin__bin_change4,sleep,physiology,sleep__wake_sin: within-person bin_change4; calendar windows where applicable,temporal_v3
v3__sleep__wake_sin__stv7,sleep,physiology,sleep__wake_sin: within-person stv7; calendar windows where applicable,temporal_v3
v3__sleep__wake_sin__rolling_cv7,sleep,physiology,sleep__wake_sin: within-person rolling_cv7; calendar windows where applicable,temporal_v3
v3__sleep__wake_sin__rolling_range7,sleep,physiology,sleep__wake_sin: within-person rolling_range7; calendar windows where applicable,temporal_v3
v3__sleep__wake_sin__stv14,sleep,physiology,sleep__wake_sin: within-person stv14; calendar windows where applicable,temporal_v3
v3__sleep__wake_sin__rolling_cv14,sleep,physiology,sleep__wake_sin: within-person rolling_cv14; calendar windows where applicable,temporal_v3
v3__sleep__wake_sin__rolling_range14,sleep,physiology,sleep__wake_sin: within-person rolling_range14; calendar windows where applicable,temporal_v3
v3__sleep__wake_sin__stv28,sleep,physiology,sleep__wake_sin: within-person stv28; calendar windows where applicable,temporal_v3
v3__sleep__wake_sin__rolling_cv28,sleep,physiology,sleep__wake_sin: within-person rolling_cv28; calendar windows where applicable,temporal_v3
v3__sleep__wake_sin__rolling_range28,sleep,physiology,sleep__wake_sin: within-person rolling_range28; calendar windows where applicable,temporal_v3
v3__sleep__wake_cos__mean,sleep,physiology,sleep__wake_cos: within-person mean; calendar windows where applicable,temporal_v3
v3__sleep__wake_cos__std,sleep,physiology,sleep__wake_cos: within-person std; calendar windows where applicable,temporal_v3
v3__sleep__wake_cos__median,sleep,physiology,sleep__wake_cos: within-person median; calendar windows where applicable,temporal_v3
v3__sleep__wake_cos__trimmed_mean,sleep,physiology,sleep__wake_cos: within-person trimmed_mean; calendar windows where applicable,temporal_v3
v3__sleep__wake_cos__mode,sleep,physiology,sleep__wake_cos: within-person mode; calendar windows where applicable,temporal_v3
v3__sleep__wake_cos__minimum,sleep,physiology,sleep__wake_cos: within-person minimum; calendar windows where applicable,temporal_v3
v3__sleep__wake_cos__maximum,sleep,physiology,sleep__wake_cos: within-person maximum; calendar windows where applicable,temporal_v3
v3__sleep__wake_cos__range,sleep,physiology,sleep__wake_cos: within-person range; calendar windows where applicable,temporal_v3
v3__sleep__wake_cos__mad,sleep,physiology,sleep__wake_cos: within-person mad; calendar windows where applicable,temporal_v3
v3__sleep__wake_cos__cv,sleep,physiology,sleep__wake_cos: within-person cv; calendar windows where applicable,temporal_v3
v3__sleep__wake_cos__skew,sleep,physiology,sleep__wake_cos: within-person skew; calendar windows where applicable,temporal_v3
v3__sleep__wake_cos__kurtosis,sleep,physiology,sleep__wake_cos: within-person kurtosis; calendar windows where applicable,temporal_v3
v3__sleep__wake_cos__q05,sleep,physiology,sleep__wake_cos: within-person q05; calendar windows where applicable,temporal_v3
v3__sleep__wake_cos__q95,sleep,physiology,sleep__wake_cos: within-person q95; calendar windows where applicable,temporal_v3
v3__sleep__wake_cos__rmssd,sleep,physiology,sleep__wake_cos: within-person rmssd; calendar windows where applicable,temporal_v3
v3__sleep__wake_cos__moving_range,sleep,physiology,sleep__wake_cos: within-person moving_range; calendar windows where applicable,temporal_v3
v3__sleep__wake_cos__lag1,sleep,physiology,sleep__wake_cos: within-person lag1; calendar windows where applicable,temporal_v3
v3__sleep__wake_cos__trend,sleep,physiology,sleep__wake_cos: within-person trend; calendar windows where applicable,temporal_v3
v3__sleep__wake_cos__bin_variance4,sleep,physiology,sleep__wake_cos: within-person bin_variance4; calendar windows where applicable,temporal_v3
v3__sleep__wake_cos__bin_change4,sleep,physiology,sleep__wake_cos: within-person bin_change4; calendar windows where applicable,temporal_v3
v3__sleep__wake_cos__stv7,sleep,physiology,sleep__wake_cos: within-person stv7; calendar windows where applicable,temporal_v3
v3__sleep__wake_cos__rolling_cv7,sleep,physiology,sleep__wake_cos: within-person rolling_cv7; calendar windows where applicable,temporal_v3
v3__sleep__wake_cos__rolling_range7,sleep,physiology,sleep__wake_cos: within-person rolling_range7; calendar windows where applicable,temporal_v3
v3__sleep__wake_cos__stv14,sleep,physiology,sleep__wake_cos: within-person stv14; calendar windows where applicable,temporal_v3
v3__sleep__wake_cos__rolling_cv14,sleep,physiology,sleep__wake_cos: within-person rolling_cv14; calendar windows where applicable,temporal_v3
v3__sleep__wake_cos__rolling_range14,sleep,physiology,sleep__wake_cos: within-person rolling_range14; calendar windows where applicable,temporal_v3
v3__sleep__wake_cos__stv28,sleep,physiology,sleep__wake_cos: within-person stv28; calendar windows where applicable,temporal_v3
v3__sleep__wake_cos__rolling_cv28,sleep,physiology,sleep__wake_cos: within-person rolling_cv28; calendar windows where applicable,temporal_v3
v3__sleep__wake_cos__rolling_range28,sleep,physiology,sleep__wake_cos: within-person rolling_range28; calendar windows where applicable,temporal_v3
v3__sleep__paper_hr_drop_ratio__mean,sleep,physiology,sleep__paper_hr_drop_ratio: within-person mean; calendar windows where applicable,temporal_v3
v3__sleep__paper_hr_drop_ratio__std,sleep,physiology,sleep__paper_hr_drop_ratio: within-person std; calendar windows where applicable,temporal_v3
v3__sleep__paper_hr_drop_ratio__median,sleep,physiology,sleep__paper_hr_drop_ratio: within-person median; calendar windows where applicable,temporal_v3
v3__sleep__paper_hr_drop_ratio__trimmed_mean,sleep,physiology,sleep__paper_hr_drop_ratio: within-person trimmed_mean; calendar windows where applicable,temporal_v3
v3__sleep__paper_hr_drop_ratio__mode,sleep,physiology,sleep__paper_hr_drop_ratio: within-person mode; calendar windows where applicable,temporal_v3
v3__sleep__paper_hr_drop_ratio__minimum,sleep,physiology,sleep__paper_hr_drop_ratio: within-person minimum; calendar windows where applicable,temporal_v3
v3__sleep__paper_hr_drop_ratio__maximum,sleep,physiology,sleep__paper_hr_drop_ratio: within-person maximum; calendar windows where applicable,temporal_v3
v3__sleep__paper_hr_drop_ratio__range,sleep,physiology,sleep__paper_hr_drop_ratio: within-person range; calendar windows where applicable,temporal_v3
v3__sleep__paper_hr_drop_ratio__mad,sleep,physiology,sleep__paper_hr_drop_ratio: within-person mad; calendar windows where applicable,temporal_v3
v3__sleep__paper_hr_drop_ratio__cv,sleep,physiology,sleep__paper_hr_drop_ratio: within-person cv; calendar windows where applicable,temporal_v3
v3__sleep__paper_hr_drop_ratio__skew,sleep,physiology,sleep__paper_hr_drop_ratio: within-person skew; calendar windows where applicable,temporal_v3
v3__sleep__paper_hr_drop_ratio__kurtosis,sleep,physiology,sleep__paper_hr_drop_ratio: within-person kurtosis; calendar windows where applicable,temporal_v3
v3__sleep__paper_hr_drop_ratio__q05,sleep,physiology,sleep__paper_hr_drop_ratio: within-person q05; calendar windows where applicable,temporal_v3
v3__sleep__paper_hr_drop_ratio__q95,sleep,physiology,sleep__paper_hr_drop_ratio: within-person q95; calendar windows where applicable,temporal_v3
v3__sleep__paper_hr_drop_ratio__rmssd,sleep,physiology,sleep__paper_hr_drop_ratio: within-person rmssd; calendar windows where applicable,temporal_v3
v3__sleep__paper_hr_drop_ratio__moving_range,sleep,physiology,sleep__paper_hr_drop_ratio: within-person moving_range; calendar windows where applicable,temporal_v3
v3__sleep__paper_hr_drop_ratio__lag1,sleep,physiology,sleep__paper_hr_drop_ratio: within-person lag1; calendar windows where applicable,temporal_v3
v3__sleep__paper_hr_drop_ratio__trend,sleep,physiology,sleep__paper_hr_drop_ratio: within-person trend; calendar windows where applicable,temporal_v3
v3__sleep__paper_hr_drop_ratio__bin_variance4,sleep,physiology,sleep__paper_hr_drop_ratio: within-person bin_variance4; calendar windows where applicable,temporal_v3
v3__sleep__paper_hr_drop_ratio__bin_change4,sleep,physiology,sleep__paper_hr_drop_ratio: within-person bin_change4; calendar windows where applicable,temporal_v3
v3__sleep__paper_hr_drop_ratio__stv7,sleep,physiology,sleep__paper_hr_drop_ratio: within-person stv7; calendar windows where applicable,temporal_v3
v3__sleep__paper_hr_drop_ratio__rolling_cv7,sleep,physiology,sleep__paper_hr_drop_ratio: within-person rolling_cv7; calendar windows where applicable,temporal_v3
v3__sleep__paper_hr_drop_ratio__rolling_range7,sleep,physiology,sleep__paper_hr_drop_ratio: within-person rolling_range7; calendar windows where applicable,temporal_v3
v3__sleep__paper_hr_drop_ratio__stv14,sleep,physiology,sleep__paper_hr_drop_ratio: within-person stv14; calendar windows where applicable,temporal_v3
v3__sleep__paper_hr_drop_ratio__rolling_cv14,sleep,physiology,sleep__paper_hr_drop_ratio: within-person rolling_cv14; calendar windows where applicable,temporal_v3
v3__sleep__paper_hr_drop_ratio__rolling_range14,sleep,physiology,sleep__paper_hr_drop_ratio: within-person rolling_range14; calendar windows where applicable,temporal_v3
v3__sleep__paper_hr_drop_ratio__stv28,sleep,physiology,sleep__paper_hr_drop_ratio: within-person stv28; calendar windows where applicable,temporal_v3
v3__sleep__paper_hr_drop_ratio__rolling_cv28,sleep,physiology,sleep__paper_hr_drop_ratio: within-person rolling_cv28; calendar windows where applicable,temporal_v3
v3__sleep__paper_hr_drop_ratio__rolling_range28,sleep,physiology,sleep__paper_hr_drop_ratio: within-person rolling_range28; calendar windows where applicable,temporal_v3
v3__sleep__paper_hr_drop05_ratio__mean,sleep,physiology,sleep__paper_hr_drop05_ratio: within-person mean; calendar windows where applicable,temporal_v3
v3__sleep__paper_hr_drop05_ratio__std,sleep,physiology,sleep__paper_hr_drop05_ratio: within-person std; calendar windows where applicable,temporal_v3
v3__sleep__paper_hr_drop05_ratio__median,sleep,physiology,sleep__paper_hr_drop05_ratio: within-person median; calendar windows where applicable,temporal_v3
v3__sleep__paper_hr_drop05_ratio__trimmed_mean,sleep,physiology,sleep__paper_hr_drop05_ratio: within-person trimmed_mean; calendar windows where applicable,temporal_v3
v3__sleep__paper_hr_drop05_ratio__mode,sleep,physiology,sleep__paper_hr_drop05_ratio: within-person mode; calendar windows where applicable,temporal_v3
v3__sleep__paper_hr_drop05_ratio__minimum,sleep,physiology,sleep__paper_hr_drop05_ratio: within-person minimum; calendar windows where applicable,temporal_v3
v3__sleep__paper_hr_drop05_ratio__maximum,sleep,physiology,sleep__paper_hr_drop05_ratio: within-person maximum; calendar windows where applicable,temporal_v3
v3__sleep__paper_hr_drop05_ratio__range,sleep,physiology,sleep__paper_hr_drop05_ratio: within-person range; calendar windows where applicable,temporal_v3
v3__sleep__paper_hr_drop05_ratio__mad,sleep,physiology,sleep__paper_hr_drop05_ratio: within-person mad; calendar windows where applicable,temporal_v3
v3__sleep__paper_hr_drop05_ratio__cv,sleep,physiology,sleep__paper_hr_drop05_ratio: within-person cv; calendar windows where applicable,temporal_v3
v3__sleep__paper_hr_drop05_ratio__skew,sleep,physiology,sleep__paper_hr_drop05_ratio: within-person skew; calendar windows where applicable,temporal_v3
v3__sleep__paper_hr_drop05_ratio__kurtosis,sleep,physiology,sleep__paper_hr_drop05_ratio: within-person kurtosis; calendar windows where applicable,temporal_v3
v3__sleep__paper_hr_drop05_ratio__q05,sleep,physiology,sleep__paper_hr_drop05_ratio: within-person q05; calendar windows where applicable,temporal_v3
v3__sleep__paper_hr_drop05_ratio__q95,sleep,physiology,sleep__paper_hr_drop05_ratio: within-person q95; calendar windows where applicable,temporal_v3
v3__sleep__paper_hr_drop05_ratio__rmssd,sleep,physiology,sleep__paper_hr_drop05_ratio: within-person rmssd; calendar windows where applicable,temporal_v3
v3__sleep__paper_hr_drop05_ratio__moving_range,sleep,physiology,sleep__paper_hr_drop05_ratio: within-person moving_range; calendar windows where applicable,temporal_v3
v3__sleep__paper_hr_drop05_ratio__lag1,sleep,physiology,sleep__paper_hr_drop05_ratio: within-person lag1; calendar windows where applicable,temporal_v3
v3__sleep__paper_hr_drop05_ratio__trend,sleep,physiology,sleep__paper_hr_drop05_ratio: within-person trend; calendar windows where applicable,temporal_v3
v3__sleep__paper_hr_drop05_ratio__bin_variance4,sleep,physiology,sleep__paper_hr_drop05_ratio: within-person bin_variance4; calendar windows where applicable,temporal_v3
v3__sleep__paper_hr_drop05_ratio__bin_change4,sleep,physiology,sleep__paper_hr_drop05_ratio: within-person bin_change4; calendar windows where applicable,temporal_v3
v3__sleep__paper_hr_drop05_ratio__stv7,sleep,physiology,sleep__paper_hr_drop05_ratio: within-person stv7; calendar windows where applicable,temporal_v3
v3__sleep__paper_hr_drop05_ratio__rolling_cv7,sleep,physiology,sleep__paper_hr_drop05_ratio: within-person rolling_cv7; calendar windows where applicable,temporal_v3
v3__sleep__paper_hr_drop05_ratio__rolling_range7,sleep,physiology,sleep__paper_hr_drop05_ratio: within-person rolling_range7; calendar windows where applicable,temporal_v3
v3__sleep__paper_hr_drop05_ratio__stv14,sleep,physiology,sleep__paper_hr_drop05_ratio: within-person stv14; calendar windows where applicable,temporal_v3
v3__sleep__paper_hr_drop05_ratio__rolling_cv14,sleep,physiology,sleep__paper_hr_drop05_ratio: within-person rolling_cv14; calendar windows where applicable,temporal_v3
v3__sleep__paper_hr_drop05_ratio__rolling_range14,sleep,physiology,sleep__paper_hr_drop05_ratio: within-person rolling_range14; calendar windows where applicable,temporal_v3
v3__sleep__paper_hr_drop05_ratio__stv28,sleep,physiology,sleep__paper_hr_drop05_ratio: within-person stv28; calendar windows where applicable,temporal_v3
v3__sleep__paper_hr_drop05_ratio__rolling_cv28,sleep,physiology,sleep__paper_hr_drop05_ratio: within-person rolling_cv28; calendar windows where applicable,temporal_v3
v3__sleep__paper_hr_drop05_ratio__rolling_range28,sleep,physiology,sleep__paper_hr_drop05_ratio: within-person rolling_range28; calendar windows where applicable,temporal_v3
v3__sleep__paper_hr_drop_per_nrem_hour__mean,sleep,physiology,sleep__paper_hr_drop_per_nrem_hour: within-person mean; calendar windows where applicable,temporal_v3
v3__sleep__paper_hr_drop_per_nrem_hour__std,sleep,physiology,sleep__paper_hr_drop_per_nrem_hour: within-person std; calendar windows where applicable,temporal_v3
v3__sleep__paper_hr_drop_per_nrem_hour__median,sleep,physiology,sleep__paper_hr_drop_per_nrem_hour: within-person median; calendar windows where applicable,temporal_v3
v3__sleep__paper_hr_drop_per_nrem_hour__trimmed_mean,sleep,physiology,sleep__paper_hr_drop_per_nrem_hour: within-person trimmed_mean; calendar windows where applicable,temporal_v3
v3__sleep__paper_hr_drop_per_nrem_hour__mode,sleep,physiology,sleep__paper_hr_drop_per_nrem_hour: within-person mode; calendar windows where applicable,temporal_v3
v3__sleep__paper_hr_drop_per_nrem_hour__minimum,sleep,physiology,sleep__paper_hr_drop_per_nrem_hour: within-person minimum; calendar windows where applicable,temporal_v3
v3__sleep__paper_hr_drop_per_nrem_hour__maximum,sleep,physiology,sleep__paper_hr_drop_per_nrem_hour: within-person maximum; calendar windows where applicable,temporal_v3
v3__sleep__paper_hr_drop_per_nrem_hour__range,sleep,physiology,sleep__paper_hr_drop_per_nrem_hour: within-person range; calendar windows where applicable,temporal_v3
v3__sleep__paper_hr_drop_per_nrem_hour__mad,sleep,physiology,sleep__paper_hr_drop_per_nrem_hour: within-person mad; calendar windows where applicable,temporal_v3
v3__sleep__paper_hr_drop_per_nrem_hour__cv,sleep,physiology,sleep__paper_hr_drop_per_nrem_hour: within-person cv; calendar windows where applicable,temporal_v3
v3__sleep__paper_hr_drop_per_nrem_hour__skew,sleep,physiology,sleep__paper_hr_drop_per_nrem_hour: within-person skew; calendar windows where applicable,temporal_v3
v3__sleep__paper_hr_drop_per_nrem_hour__kurtosis,sleep,physiology,sleep__paper_hr_drop_per_nrem_hour: within-person kurtosis; calendar windows where applicable,temporal_v3
v3__sleep__paper_hr_drop_per_nrem_hour__q05,sleep,physiology,sleep__paper_hr_drop_per_nrem_hour: within-person q05; calendar windows where applicable,temporal_v3
v3__sleep__paper_hr_drop_per_nrem_hour__q95,sleep,physiology,sleep__paper_hr_drop_per_nrem_hour: within-person q95; calendar windows where applicable,temporal_v3
v3__sleep__paper_hr_drop_per_nrem_hour__rmssd,sleep,physiology,sleep__paper_hr_drop_per_nrem_hour: within-person rmssd; calendar windows where applicable,temporal_v3
v3__sleep__paper_hr_drop_per_nrem_hour__moving_range,sleep,physiology,sleep__paper_hr_drop_per_nrem_hour: within-person moving_range; calendar windows where applicable,temporal_v3
v3__sleep__paper_hr_drop_per_nrem_hour__lag1,sleep,physiology,sleep__paper_hr_drop_per_nrem_hour: within-person lag1; calendar windows where applicable,temporal_v3
v3__sleep__paper_hr_drop_per_nrem_hour__trend,sleep,physiology,sleep__paper_hr_drop_per_nrem_hour: within-person trend; calendar windows where applicable,temporal_v3
v3__sleep__paper_hr_drop_per_nrem_hour__bin_variance4,sleep,physiology,sleep__paper_hr_drop_per_nrem_hour: within-person bin_variance4; calendar windows where applicable,temporal_v3
v3__sleep__paper_hr_drop_per_nrem_hour__bin_change4,sleep,physiology,sleep__paper_hr_drop_per_nrem_hour: within-person bin_change4; calendar windows where applicable,temporal_v3
v3__sleep__paper_hr_drop_per_nrem_hour__stv7,sleep,physiology,sleep__paper_hr_drop_per_nrem_hour: within-person stv7; calendar windows where applicable,temporal_v3
v3__sleep__paper_hr_drop_per_nrem_hour__rolling_cv7,sleep,physiology,sleep__paper_hr_drop_per_nrem_hour: within-person rolling_cv7; calendar windows where applicable,temporal_v3
v3__sleep__paper_hr_drop_per_nrem_hour__rolling_range7,sleep,physiology,sleep__paper_hr_drop_per_nrem_hour: within-person rolling_range7; calendar windows where applicable,temporal_v3
v3__sleep__paper_hr_drop_per_nrem_hour__stv14,sleep,physiology,sleep__paper_hr_drop_per_nrem_hour: within-person stv14; calendar windows where applicable,temporal_v3
v3__sleep__paper_hr_drop_per_nrem_hour__rolling_cv14,sleep,physiology,sleep__paper_hr_drop_per_nrem_hour: within-person rolling_cv14; calendar windows where applicable,temporal_v3
v3__sleep__paper_hr_drop_per_nrem_hour__rolling_range14,sleep,physiology,sleep__paper_hr_drop_per_nrem_hour: within-person rolling_range14; calendar windows where applicable,temporal_v3
v3__sleep__paper_hr_drop_per_nrem_hour__stv28,sleep,physiology,sleep__paper_hr_drop_per_nrem_hour: within-person stv28; calendar windows where applicable,temporal_v3
v3__sleep__paper_hr_drop_per_nrem_hour__rolling_cv28,sleep,physiology,sleep__paper_hr_drop_per_nrem_hour: within-person rolling_cv28; calendar windows where applicable,temporal_v3
v3__sleep__paper_hr_drop_per_nrem_hour__rolling_range28,sleep,physiology,sleep__paper_hr_drop_per_nrem_hour: within-person rolling_range28; calendar windows where applicable,temporal_v3
v3__sleep__paper_hr_drop05_per_nrem_hour__mean,sleep,physiology,sleep__paper_hr_drop05_per_nrem_hour: within-person mean; calendar windows where applicable,temporal_v3
v3__sleep__paper_hr_drop05_per_nrem_hour__std,sleep,physiology,sleep__paper_hr_drop05_per_nrem_hour: within-person std; calendar windows where applicable,temporal_v3
v3__sleep__paper_hr_drop05_per_nrem_hour__median,sleep,physiology,sleep__paper_hr_drop05_per_nrem_hour: within-person median; calendar windows where applicable,temporal_v3
v3__sleep__paper_hr_drop05_per_nrem_hour__trimmed_mean,sleep,physiology,sleep__paper_hr_drop05_per_nrem_hour: within-person trimmed_mean; calendar windows where applicable,temporal_v3
v3__sleep__paper_hr_drop05_per_nrem_hour__mode,sleep,physiology,sleep__paper_hr_drop05_per_nrem_hour: within-person mode; calendar windows where applicable,temporal_v3
v3__sleep__paper_hr_drop05_per_nrem_hour__minimum,sleep,physiology,sleep__paper_hr_drop05_per_nrem_hour: within-person minimum; calendar windows where applicable,temporal_v3
v3__sleep__paper_hr_drop05_per_nrem_hour__maximum,sleep,physiology,sleep__paper_hr_drop05_per_nrem_hour: within-person maximum; calendar windows where applicable,temporal_v3
v3__sleep__paper_hr_drop05_per_nrem_hour__range,sleep,physiology,sleep__paper_hr_drop05_per_nrem_hour: within-person range; calendar windows where applicable,temporal_v3
v3__sleep__paper_hr_drop05_per_nrem_hour__mad,sleep,physiology,sleep__paper_hr_drop05_per_nrem_hour: within-person mad; calendar windows where applicable,temporal_v3
v3__sleep__paper_hr_drop05_per_nrem_hour__cv,sleep,physiology,sleep__paper_hr_drop05_per_nrem_hour: within-person cv; calendar windows where applicable,temporal_v3
v3__sleep__paper_hr_drop05_per_nrem_hour__skew,sleep,physiology,sleep__paper_hr_drop05_per_nrem_hour: within-person skew; calendar windows where applicable,temporal_v3
v3__sleep__paper_hr_drop05_per_nrem_hour__kurtosis,sleep,physiology,sleep__paper_hr_drop05_per_nrem_hour: within-person kurtosis; calendar windows where applicable,temporal_v3
v3__sleep__paper_hr_drop05_per_nrem_hour__q05,sleep,physiology,sleep__paper_hr_drop05_per_nrem_hour: within-person q05; calendar windows where applicable,temporal_v3
v3__sleep__paper_hr_drop05_per_nrem_hour__q95,sleep,physiology,sleep__paper_hr_drop05_per_nrem_hour: within-person q95; calendar windows where applicable,temporal_v3
v3__sleep__paper_hr_drop05_per_nrem_hour__rmssd,sleep,physiology,sleep__paper_hr_drop05_per_nrem_hour: within-person rmssd; calendar windows where applicable,temporal_v3
v3__sleep__paper_hr_drop05_per_nrem_hour__moving_range,sleep,physiology,sleep__paper_hr_drop05_per_nrem_hour: within-person moving_range; calendar windows where applicable,temporal_v3
v3__sleep__paper_hr_drop05_per_nrem_hour__lag1,sleep,physiology,sleep__paper_hr_drop05_per_nrem_hour: within-person lag1; calendar windows where applicable,temporal_v3
v3__sleep__paper_hr_drop05_per_nrem_hour__trend,sleep,physiology,sleep__paper_hr_drop05_per_nrem_hour: within-person trend; calendar windows where applicable,temporal_v3
v3__sleep__paper_hr_drop05_per_nrem_hour__bin_variance4,sleep,physiology,sleep__paper_hr_drop05_per_nrem_hour: within-person bin_variance4; calendar windows where applicable,temporal_v3
v3__sleep__paper_hr_drop05_per_nrem_hour__bin_change4,sleep,physiology,sleep__paper_hr_drop05_per_nrem_hour: within-person bin_change4; calendar windows where applicable,temporal_v3
v3__sleep__paper_hr_drop05_per_nrem_hour__stv7,sleep,physiology,sleep__paper_hr_drop05_per_nrem_hour: within-person stv7; calendar windows where applicable,temporal_v3
v3__sleep__paper_hr_drop05_per_nrem_hour__rolling_cv7,sleep,physiology,sleep__paper_hr_drop05_per_nrem_hour: within-person rolling_cv7; calendar windows where applicable,temporal_v3
v3__sleep__paper_hr_drop05_per_nrem_hour__rolling_range7,sleep,physiology,sleep__paper_hr_drop05_per_nrem_hour: within-person rolling_range7; calendar windows where applicable,temporal_v3
v3__sleep__paper_hr_drop05_per_nrem_hour__stv14,sleep,physiology,sleep__paper_hr_drop05_per_nrem_hour: within-person stv14; calendar windows where applicable,temporal_v3
v3__sleep__paper_hr_drop05_per_nrem_hour__rolling_cv14,sleep,physiology,sleep__paper_hr_drop05_per_nrem_hour: within-person rolling_cv14; calendar windows where applicable,temporal_v3
v3__sleep__paper_hr_drop05_per_nrem_hour__rolling_range14,sleep,physiology,sleep__paper_hr_drop05_per_nrem_hour: within-person rolling_range14; calendar windows where applicable,temporal_v3
v3__sleep__paper_hr_drop05_per_nrem_hour__stv28,sleep,physiology,sleep__paper_hr_drop05_per_nrem_hour: within-person stv28; calendar windows where applicable,temporal_v3
v3__sleep__paper_hr_drop05_per_nrem_hour__rolling_cv28,sleep,physiology,sleep__paper_hr_drop05_per_nrem_hour: within-person rolling_cv28; calendar windows where applicable,temporal_v3
v3__sleep__paper_hr_drop05_per_nrem_hour__rolling_range28,sleep,physiology,sleep__paper_hr_drop05_per_nrem_hour: within-person rolling_range28; calendar windows where applicable,temporal_v3
v3__sleep__paper_hr_drop_per_sleep_hour__mean,sleep,physiology,sleep__paper_hr_drop_per_sleep_hour: within-person mean; calendar windows where applicable,temporal_v3
v3__sleep__paper_hr_drop_per_sleep_hour__std,sleep,physiology,sleep__paper_hr_drop_per_sleep_hour: within-person std; calendar windows where applicable,temporal_v3
v3__sleep__paper_hr_drop_per_sleep_hour__median,sleep,physiology,sleep__paper_hr_drop_per_sleep_hour: within-person median; calendar windows where applicable,temporal_v3
v3__sleep__paper_hr_drop_per_sleep_hour__trimmed_mean,sleep,physiology,sleep__paper_hr_drop_per_sleep_hour: within-person trimmed_mean; calendar windows where applicable,temporal_v3
v3__sleep__paper_hr_drop_per_sleep_hour__mode,sleep,physiology,sleep__paper_hr_drop_per_sleep_hour: within-person mode; calendar windows where applicable,temporal_v3
v3__sleep__paper_hr_drop_per_sleep_hour__minimum,sleep,physiology,sleep__paper_hr_drop_per_sleep_hour: within-person minimum; calendar windows where applicable,temporal_v3
v3__sleep__paper_hr_drop_per_sleep_hour__maximum,sleep,physiology,sleep__paper_hr_drop_per_sleep_hour: within-person maximum; calendar windows where applicable,temporal_v3
v3__sleep__paper_hr_drop_per_sleep_hour__range,sleep,physiology,sleep__paper_hr_drop_per_sleep_hour: within-person range; calendar windows where applicable,temporal_v3
v3__sleep__paper_hr_drop_per_sleep_hour__mad,sleep,physiology,sleep__paper_hr_drop_per_sleep_hour: within-person mad; calendar windows where applicable,temporal_v3
v3__sleep__paper_hr_drop_per_sleep_hour__cv,sleep,physiology,sleep__paper_hr_drop_per_sleep_hour: within-person cv; calendar windows where applicable,temporal_v3
v3__sleep__paper_hr_drop_per_sleep_hour__skew,sleep,physiology,sleep__paper_hr_drop_per_sleep_hour: within-person skew; calendar windows where applicable,temporal_v3
v3__sleep__paper_hr_drop_per_sleep_hour__kurtosis,sleep,physiology,sleep__paper_hr_drop_per_sleep_hour: within-person kurtosis; calendar windows where applicable,temporal_v3
v3__sleep__paper_hr_drop_per_sleep_hour__q05,sleep,physiology,sleep__paper_hr_drop_per_sleep_hour: within-person q05; calendar windows where applicable,temporal_v3
v3__sleep__paper_hr_drop_per_sleep_hour__q95,sleep,physiology,sleep__paper_hr_drop_per_sleep_hour: within-person q95; calendar windows where applicable,temporal_v3
v3__sleep__paper_hr_drop_per_sleep_hour__rmssd,sleep,physiology,sleep__paper_hr_drop_per_sleep_hour: within-person rmssd; calendar windows where applicable,temporal_v3
v3__sleep__paper_hr_drop_per_sleep_hour__moving_range,sleep,physiology,sleep__paper_hr_drop_per_sleep_hour: within-person moving_range; calendar windows where applicable,temporal_v3
v3__sleep__paper_hr_drop_per_sleep_hour__lag1,sleep,physiology,sleep__paper_hr_drop_per_sleep_hour: within-person lag1; calendar windows where applicable,temporal_v3
v3__sleep__paper_hr_drop_per_sleep_hour__trend,sleep,physiology,sleep__paper_hr_drop_per_sleep_hour: within-person trend; calendar windows where applicable,temporal_v3
v3__sleep__paper_hr_drop_per_sleep_hour__bin_variance4,sleep,physiology,sleep__paper_hr_drop_per_sleep_hour: within-person bin_variance4; calendar windows where applicable,temporal_v3
v3__sleep__paper_hr_drop_per_sleep_hour__bin_change4,sleep,physiology,sleep__paper_hr_drop_per_sleep_hour: within-person bin_change4; calendar windows where applicable,temporal_v3
v3__sleep__paper_hr_drop_per_sleep_hour__stv7,sleep,physiology,sleep__paper_hr_drop_per_sleep_hour: within-person stv7; calendar windows where applicable,temporal_v3
v3__sleep__paper_hr_drop_per_sleep_hour__rolling_cv7,sleep,physiology,sleep__paper_hr_drop_per_sleep_hour: within-person rolling_cv7; calendar windows where applicable,temporal_v3
v3__sleep__paper_hr_drop_per_sleep_hour__rolling_range7,sleep,physiology,sleep__paper_hr_drop_per_sleep_hour: within-person rolling_range7; calendar windows where applicable,temporal_v3
v3__sleep__paper_hr_drop_per_sleep_hour__stv14,sleep,physiology,sleep__paper_hr_drop_per_sleep_hour: within-person stv14; calendar windows where applicable,temporal_v3
v3__sleep__paper_hr_drop_per_sleep_hour__rolling_cv14,sleep,physiology,sleep__paper_hr_drop_per_sleep_hour: within-person rolling_cv14; calendar windows where applicable,temporal_v3
v3__sleep__paper_hr_drop_per_sleep_hour__rolling_range14,sleep,physiology,sleep__paper_hr_drop_per_sleep_hour: within-person rolling_range14; calendar windows where applicable,temporal_v3
v3__sleep__paper_hr_drop_per_sleep_hour__stv28,sleep,physiology,sleep__paper_hr_drop_per_sleep_hour: within-person stv28; calendar windows where applicable,temporal_v3
v3__sleep__paper_hr_drop_per_sleep_hour__rolling_cv28,sleep,physiology,sleep__paper_hr_drop_per_sleep_hour: within-person rolling_cv28; calendar windows where applicable,temporal_v3
v3__sleep__paper_hr_drop_per_sleep_hour__rolling_range28,sleep,physiology,sleep__paper_hr_drop_per_sleep_hour: within-person rolling_range28; calendar windows where applicable,temporal_v3
v3__sleep__paper_hr_drop05_per_sleep_hour__mean,sleep,physiology,sleep__paper_hr_drop05_per_sleep_hour: within-person mean; calendar windows where applicable,temporal_v3
v3__sleep__paper_hr_drop05_per_sleep_hour__std,sleep,physiology,sleep__paper_hr_drop05_per_sleep_hour: within-person std; calendar windows where applicable,temporal_v3
v3__sleep__paper_hr_drop05_per_sleep_hour__median,sleep,physiology,sleep__paper_hr_drop05_per_sleep_hour: within-person median; calendar windows where applicable,temporal_v3
v3__sleep__paper_hr_drop05_per_sleep_hour__trimmed_mean,sleep,physiology,sleep__paper_hr_drop05_per_sleep_hour: within-person trimmed_mean; calendar windows where applicable,temporal_v3
v3__sleep__paper_hr_drop05_per_sleep_hour__mode,sleep,physiology,sleep__paper_hr_drop05_per_sleep_hour: within-person mode; calendar windows where applicable,temporal_v3
v3__sleep__paper_hr_drop05_per_sleep_hour__minimum,sleep,physiology,sleep__paper_hr_drop05_per_sleep_hour: within-person minimum; calendar windows where applicable,temporal_v3
v3__sleep__paper_hr_drop05_per_sleep_hour__maximum,sleep,physiology,sleep__paper_hr_drop05_per_sleep_hour: within-person maximum; calendar windows where applicable,temporal_v3
v3__sleep__paper_hr_drop05_per_sleep_hour__range,sleep,physiology,sleep__paper_hr_drop05_per_sleep_hour: within-person range; calendar windows where applicable,temporal_v3
v3__sleep__paper_hr_drop05_per_sleep_hour__mad,sleep,physiology,sleep__paper_hr_drop05_per_sleep_hour: within-person mad; calendar windows where applicable,temporal_v3
v3__sleep__paper_hr_drop05_per_sleep_hour__cv,sleep,physiology,sleep__paper_hr_drop05_per_sleep_hour: within-person cv; calendar windows where applicable,temporal_v3
v3__sleep__paper_hr_drop05_per_sleep_hour__skew,sleep,physiology,sleep__paper_hr_drop05_per_sleep_hour: within-person skew; calendar windows where applicable,temporal_v3
v3__sleep__paper_hr_drop05_per_sleep_hour__kurtosis,sleep,physiology,sleep__paper_hr_drop05_per_sleep_hour: within-person kurtosis; calendar windows where applicable,temporal_v3
v3__sleep__paper_hr_drop05_per_sleep_hour__q05,sleep,physiology,sleep__paper_hr_drop05_per_sleep_hour: within-person q05; calendar windows where applicable,temporal_v3
v3__sleep__paper_hr_drop05_per_sleep_hour__q95,sleep,physiology,sleep__paper_hr_drop05_per_sleep_hour: within-person q95; calendar windows where applicable,temporal_v3
v3__sleep__paper_hr_drop05_per_sleep_hour__rmssd,sleep,physiology,sleep__paper_hr_drop05_per_sleep_hour: within-person rmssd; calendar windows where applicable,temporal_v3
v3__sleep__paper_hr_drop05_per_sleep_hour__moving_range,sleep,physiology,sleep__paper_hr_drop05_per_sleep_hour: within-person moving_range; calendar windows where applicable,temporal_v3
v3__sleep__paper_hr_drop05_per_sleep_hour__lag1,sleep,physiology,sleep__paper_hr_drop05_per_sleep_hour: within-person lag1; calendar windows where applicable,temporal_v3
v3__sleep__paper_hr_drop05_per_sleep_hour__trend,sleep,physiology,sleep__paper_hr_drop05_per_sleep_hour: within-person trend; calendar windows where applicable,temporal_v3
v3__sleep__paper_hr_drop05_per_sleep_hour__bin_variance4,sleep,physiology,sleep__paper_hr_drop05_per_sleep_hour: within-person bin_variance4; calendar windows where applicable,temporal_v3
v3__sleep__paper_hr_drop05_per_sleep_hour__bin_change4,sleep,physiology,sleep__paper_hr_drop05_per_sleep_hour: within-person bin_change4; calendar windows where applicable,temporal_v3
v3__sleep__paper_hr_drop05_per_sleep_hour__stv7,sleep,physiology,sleep__paper_hr_drop05_per_sleep_hour: within-person stv7; calendar windows where applicable,temporal_v3
v3__sleep__paper_hr_drop05_per_sleep_hour__rolling_cv7,sleep,physiology,sleep__paper_hr_drop05_per_sleep_hour: within-person rolling_cv7; calendar windows where applicable,temporal_v3
v3__sleep__paper_hr_drop05_per_sleep_hour__rolling_range7,sleep,physiology,sleep__paper_hr_drop05_per_sleep_hour: within-person rolling_range7; calendar windows where applicable,temporal_v3
v3__sleep__paper_hr_drop05_per_sleep_hour__stv14,sleep,physiology,sleep__paper_hr_drop05_per_sleep_hour: within-person stv14; calendar windows where applicable,temporal_v3
v3__sleep__paper_hr_drop05_per_sleep_hour__rolling_cv14,sleep,physiology,sleep__paper_hr_drop05_per_sleep_hour: within-person rolling_cv14; calendar windows where applicable,temporal_v3
v3__sleep__paper_hr_drop05_per_sleep_hour__rolling_range14,sleep,physiology,sleep__paper_hr_drop05_per_sleep_hour: within-person rolling_range14; calendar windows where applicable,temporal_v3
v3__sleep__paper_hr_drop05_per_sleep_hour__stv28,sleep,physiology,sleep__paper_hr_drop05_per_sleep_hour: within-person stv28; calendar windows where applicable,temporal_v3
v3__sleep__paper_hr_drop05_per_sleep_hour__rolling_cv28,sleep,physiology,sleep__paper_hr_drop05_per_sleep_hour: within-person rolling_cv28; calendar windows where applicable,temporal_v3
v3__sleep__paper_hr_drop05_per_sleep_hour__rolling_range28,sleep,physiology,sleep__paper_hr_drop05_per_sleep_hour: within-person rolling_range28; calendar windows where applicable,temporal_v3
v3__sleep__paper_hr_drop_firstvalid_ratio__mean,sleep,physiology,sleep__paper_hr_drop_firstvalid_ratio: within-person mean; calendar windows where applicable,temporal_v3
v3__sleep__paper_hr_drop_firstvalid_ratio__std,sleep,physiology,sleep__paper_hr_drop_firstvalid_ratio: within-person std; calendar windows where applicable,temporal_v3
v3__sleep__paper_hr_drop_firstvalid_ratio__median,sleep,physiology,sleep__paper_hr_drop_firstvalid_ratio: within-person median; calendar windows where applicable,temporal_v3
v3__sleep__paper_hr_drop_firstvalid_ratio__trimmed_mean,sleep,physiology,sleep__paper_hr_drop_firstvalid_ratio: within-person trimmed_mean; calendar windows where applicable,temporal_v3
v3__sleep__paper_hr_drop_firstvalid_ratio__mode,sleep,physiology,sleep__paper_hr_drop_firstvalid_ratio: within-person mode; calendar windows where applicable,temporal_v3
v3__sleep__paper_hr_drop_firstvalid_ratio__minimum,sleep,physiology,sleep__paper_hr_drop_firstvalid_ratio: within-person minimum; calendar windows where applicable,temporal_v3
v3__sleep__paper_hr_drop_firstvalid_ratio__maximum,sleep,physiology,sleep__paper_hr_drop_firstvalid_ratio: within-person maximum; calendar windows where applicable,temporal_v3
v3__sleep__paper_hr_drop_firstvalid_ratio__range,sleep,physiology,sleep__paper_hr_drop_firstvalid_ratio: within-person range; calendar windows where applicable,temporal_v3
v3__sleep__paper_hr_drop_firstvalid_ratio__mad,sleep,physiology,sleep__paper_hr_drop_firstvalid_ratio: within-person mad; calendar windows where applicable,temporal_v3
v3__sleep__paper_hr_drop_firstvalid_ratio__cv,sleep,physiology,sleep__paper_hr_drop_firstvalid_ratio: within-person cv; calendar windows where applicable,temporal_v3
v3__sleep__paper_hr_drop_firstvalid_ratio__skew,sleep,physiology,sleep__paper_hr_drop_firstvalid_ratio: within-person skew; calendar windows where applicable,temporal_v3
v3__sleep__paper_hr_drop_firstvalid_ratio__kurtosis,sleep,physiology,sleep__paper_hr_drop_firstvalid_ratio: within-person kurtosis; calendar windows where applicable,temporal_v3
v3__sleep__paper_hr_drop_firstvalid_ratio__q05,sleep,physiology,sleep__paper_hr_drop_firstvalid_ratio: within-person q05; calendar windows where applicable,temporal_v3
v3__sleep__paper_hr_drop_firstvalid_ratio__q95,sleep,physiology,sleep__paper_hr_drop_firstvalid_ratio: within-person q95; calendar windows where applicable,temporal_v3
v3__sleep__paper_hr_drop_firstvalid_ratio__rmssd,sleep,physiology,sleep__paper_hr_drop_firstvalid_ratio: within-person rmssd; calendar windows where applicable,temporal_v3
v3__sleep__paper_hr_drop_firstvalid_ratio__moving_range,sleep,physiology,sleep__paper_hr_drop_firstvalid_ratio: within-person moving_range; calendar windows where applicable,temporal_v3
v3__sleep__paper_hr_drop_firstvalid_ratio__lag1,sleep,physiology,sleep__paper_hr_drop_firstvalid_ratio: within-person lag1; calendar windows where applicable,temporal_v3
v3__sleep__paper_hr_drop_firstvalid_ratio__trend,sleep,physiology,sleep__paper_hr_drop_firstvalid_ratio: within-person trend; calendar windows where applicable,temporal_v3
v3__sleep__paper_hr_drop_firstvalid_ratio__bin_variance4,sleep,physiology,sleep__paper_hr_drop_firstvalid_ratio: within-person bin_variance4; calendar windows where applicable,temporal_v3
v3__sleep__paper_hr_drop_firstvalid_ratio__bin_change4,sleep,physiology,sleep__paper_hr_drop_firstvalid_ratio: within-person bin_change4; calendar windows where applicable,temporal_v3
v3__sleep__paper_hr_drop_firstvalid_ratio__stv7,sleep,physiology,sleep__paper_hr_drop_firstvalid_ratio: within-person stv7; calendar windows where applicable,temporal_v3
v3__sleep__paper_hr_drop_firstvalid_ratio__rolling_cv7,sleep,physiology,sleep__paper_hr_drop_firstvalid_ratio: within-person rolling_cv7; calendar windows where applicable,temporal_v3
v3__sleep__paper_hr_drop_firstvalid_ratio__rolling_range7,sleep,physiology,sleep__paper_hr_drop_firstvalid_ratio: within-person rolling_range7; calendar windows where applicable,temporal_v3
v3__sleep__paper_hr_drop_firstvalid_ratio__stv14,sleep,physiology,sleep__paper_hr_drop_firstvalid_ratio: within-person stv14; calendar windows where applicable,temporal_v3
v3__sleep__paper_hr_drop_firstvalid_ratio__rolling_cv14,sleep,physiology,sleep__paper_hr_drop_firstvalid_ratio: within-person rolling_cv14; calendar windows where applicable,temporal_v3
v3__sleep__paper_hr_drop_firstvalid_ratio__rolling_range14,sleep,physiology,sleep__paper_hr_drop_firstvalid_ratio: within-person rolling_range14; calendar windows where applicable,temporal_v3
v3__sleep__paper_hr_drop_firstvalid_ratio__stv28,sleep,physiology,sleep__paper_hr_drop_firstvalid_ratio: within-person stv28; calendar windows where applicable,temporal_v3
v3__sleep__paper_hr_drop_firstvalid_ratio__rolling_cv28,sleep,physiology,sleep__paper_hr_drop_firstvalid_ratio: within-person rolling_cv28; calendar windows where applicable,temporal_v3
v3__sleep__paper_hr_drop_firstvalid_ratio__rolling_range28,sleep,physiology,sleep__paper_hr_drop_firstvalid_ratio: within-person rolling_range28; calendar windows where applicable,temporal_v3
v3__sleep__paper_hr_baseline_first15min__mean,sleep,physiology,sleep__paper_hr_baseline_first15min: within-person mean; calendar windows where applicable,temporal_v3
v3__sleep__paper_hr_baseline_first15min__std,sleep,physiology,sleep__paper_hr_baseline_first15min: within-person std; calendar windows where applicable,temporal_v3
v3__sleep__paper_hr_baseline_first15min__median,sleep,physiology,sleep__paper_hr_baseline_first15min: within-person median; calendar windows where applicable,temporal_v3
v3__sleep__paper_hr_baseline_first15min__trimmed_mean,sleep,physiology,sleep__paper_hr_baseline_first15min: within-person trimmed_mean; calendar windows where applicable,temporal_v3
v3__sleep__paper_hr_baseline_first15min__mode,sleep,physiology,sleep__paper_hr_baseline_first15min: within-person mode; calendar windows where applicable,temporal_v3
v3__sleep__paper_hr_baseline_first15min__minimum,sleep,physiology,sleep__paper_hr_baseline_first15min: within-person minimum; calendar windows where applicable,temporal_v3
v3__sleep__paper_hr_baseline_first15min__maximum,sleep,physiology,sleep__paper_hr_baseline_first15min: within-person maximum; calendar windows where applicable,temporal_v3
v3__sleep__paper_hr_baseline_first15min__range,sleep,physiology,sleep__paper_hr_baseline_first15min: within-person range; calendar windows where applicable,temporal_v3
v3__sleep__paper_hr_baseline_first15min__mad,sleep,physiology,sleep__paper_hr_baseline_first15min: within-person mad; calendar windows where applicable,temporal_v3
v3__sleep__paper_hr_baseline_first15min__cv,sleep,physiology,sleep__paper_hr_baseline_first15min: within-person cv; calendar windows where applicable,temporal_v3
v3__sleep__paper_hr_baseline_first15min__skew,sleep,physiology,sleep__paper_hr_baseline_first15min: within-person skew; calendar windows where applicable,temporal_v3
v3__sleep__paper_hr_baseline_first15min__kurtosis,sleep,physiology,sleep__paper_hr_baseline_first15min: within-person kurtosis; calendar windows where applicable,temporal_v3
v3__sleep__paper_hr_baseline_first15min__q05,sleep,physiology,sleep__paper_hr_baseline_first15min: within-person q05; calendar windows where applicable,temporal_v3
v3__sleep__paper_hr_baseline_first15min__q95,sleep,physiology,sleep__paper_hr_baseline_first15min: within-person q95; calendar windows where applicable,temporal_v3
v3__sleep__paper_hr_baseline_first15min__rmssd,sleep,physiology,sleep__paper_hr_baseline_first15min: within-person rmssd; calendar windows where applicable,temporal_v3
v3__sleep__paper_hr_baseline_first15min__moving_range,sleep,physiology,sleep__paper_hr_baseline_first15min: within-person moving_range; calendar windows where applicable,temporal_v3
v3__sleep__paper_hr_baseline_first15min__lag1,sleep,physiology,sleep__paper_hr_baseline_first15min: within-person lag1; calendar windows where applicable,temporal_v3
v3__sleep__paper_hr_baseline_first15min__trend,sleep,physiology,sleep__paper_hr_baseline_first15min: within-person trend; calendar windows where applicable,temporal_v3
v3__sleep__paper_hr_baseline_first15min__bin_variance4,sleep,physiology,sleep__paper_hr_baseline_first15min: within-person bin_variance4; calendar windows where applicable,temporal_v3
v3__sleep__paper_hr_baseline_first15min__bin_change4,sleep,physiology,sleep__paper_hr_baseline_first15min: within-person bin_change4; calendar windows where applicable,temporal_v3
v3__sleep__paper_hr_baseline_first15min__stv7,sleep,physiology,sleep__paper_hr_baseline_first15min: within-person stv7; calendar windows where applicable,temporal_v3
v3__sleep__paper_hr_baseline_first15min__rolling_cv7,sleep,physiology,sleep__paper_hr_baseline_first15min: within-person rolling_cv7; calendar windows where applicable,temporal_v3
v3__sleep__paper_hr_baseline_first15min__rolling_range7,sleep,physiology,sleep__paper_hr_baseline_first15min: within-person rolling_range7; calendar windows where applicable,temporal_v3
v3__sleep__paper_hr_baseline_first15min__stv14,sleep,physiology,sleep__paper_hr_baseline_first15min: within-person stv14; calendar windows where applicable,temporal_v3
v3__sleep__paper_hr_baseline_first15min__rolling_cv14,sleep,physiology,sleep__paper_hr_baseline_first15min: within-person rolling_cv14; calendar windows where applicable,temporal_v3
v3__sleep__paper_hr_baseline_first15min__rolling_range14,sleep,physiology,sleep__paper_hr_baseline_first15min: within-person rolling_range14; calendar windows where applicable,temporal_v3
v3__sleep__paper_hr_baseline_first15min__stv28,sleep,physiology,sleep__paper_hr_baseline_first15min: within-person stv28; calendar windows where applicable,temporal_v3
v3__sleep__paper_hr_baseline_first15min__rolling_cv28,sleep,physiology,sleep__paper_hr_baseline_first15min: within-person rolling_cv28; calendar windows where applicable,temporal_v3
v3__sleep__paper_hr_baseline_first15min__rolling_range28,sleep,physiology,sleep__paper_hr_baseline_first15min: within-person rolling_range28; calendar windows where applicable,temporal_v3
v3__sleep__paper_hr_robust_range__mean,sleep,physiology,sleep__paper_hr_robust_range: within-person mean; calendar windows where applicable,temporal_v3
v3__sleep__paper_hr_robust_range__std,sleep,physiology,sleep__paper_hr_robust_range: within-person std; calendar windows where applicable,temporal_v3
v3__sleep__paper_hr_robust_range__median,sleep,physiology,sleep__paper_hr_robust_range: within-person median; calendar windows where applicable,temporal_v3
v3__sleep__paper_hr_robust_range__trimmed_mean,sleep,physiology,sleep__paper_hr_robust_range: within-person trimmed_mean; calendar windows where applicable,temporal_v3
v3__sleep__paper_hr_robust_range__mode,sleep,physiology,sleep__paper_hr_robust_range: within-person mode; calendar windows where applicable,temporal_v3
v3__sleep__paper_hr_robust_range__minimum,sleep,physiology,sleep__paper_hr_robust_range: within-person minimum; calendar windows where applicable,temporal_v3
v3__sleep__paper_hr_robust_range__maximum,sleep,physiology,sleep__paper_hr_robust_range: within-person maximum; calendar windows where applicable,temporal_v3
v3__sleep__paper_hr_robust_range__range,sleep,physiology,sleep__paper_hr_robust_range: within-person range; calendar windows where applicable,temporal_v3
v3__sleep__paper_hr_robust_range__mad,sleep,physiology,sleep__paper_hr_robust_range: within-person mad; calendar windows where applicable,temporal_v3
v3__sleep__paper_hr_robust_range__cv,sleep,physiology,sleep__paper_hr_robust_range: within-person cv; calendar windows where applicable,temporal_v3
v3__sleep__paper_hr_robust_range__skew,sleep,physiology,sleep__paper_hr_robust_range: within-person skew; calendar windows where applicable,temporal_v3
v3__sleep__paper_hr_robust_range__kurtosis,sleep,physiology,sleep__paper_hr_robust_range: within-person kurtosis; calendar windows where applicable,temporal_v3
v3__sleep__paper_hr_robust_range__q05,sleep,physiology,sleep__paper_hr_robust_range: within-person q05; calendar windows where applicable,temporal_v3
v3__sleep__paper_hr_robust_range__q95,sleep,physiology,sleep__paper_hr_robust_range: within-person q95; calendar windows where applicable,temporal_v3
v3__sleep__paper_hr_robust_range__rmssd,sleep,physiology,sleep__paper_hr_robust_range: within-person rmssd; calendar windows where applicable,temporal_v3
v3__sleep__paper_hr_robust_range__moving_range,sleep,physiology,sleep__paper_hr_robust_range: within-person moving_range; calendar windows where applicable,temporal_v3
v3__sleep__paper_hr_robust_range__lag1,sleep,physiology,sleep__paper_hr_robust_range: within-person lag1; calendar windows where applicable,temporal_v3
v3__sleep__paper_hr_robust_range__trend,sleep,physiology,sleep__paper_hr_robust_range: within-person trend; calendar windows where applicable,temporal_v3
v3__sleep__paper_hr_robust_range__bin_variance4,sleep,physiology,sleep__paper_hr_robust_range: within-person bin_variance4; calendar windows where applicable,temporal_v3
v3__sleep__paper_hr_robust_range__bin_change4,sleep,physiology,sleep__paper_hr_robust_range: within-person bin_change4; calendar windows where applicable,temporal_v3
v3__sleep__paper_hr_robust_range__stv7,sleep,physiology,sleep__paper_hr_robust_range: within-person stv7; calendar windows where applicable,temporal_v3
v3__sleep__paper_hr_robust_range__rolling_cv7,sleep,physiology,sleep__paper_hr_robust_range: within-person rolling_cv7; calendar windows where applicable,temporal_v3
v3__sleep__paper_hr_robust_range__rolling_range7,sleep,physiology,sleep__paper_hr_robust_range: within-person rolling_range7; calendar windows where applicable,temporal_v3
v3__sleep__paper_hr_robust_range__stv14,sleep,physiology,sleep__paper_hr_robust_range: within-person stv14; calendar windows where applicable,temporal_v3
v3__sleep__paper_hr_robust_range__rolling_cv14,sleep,physiology,sleep__paper_hr_robust_range: within-person rolling_cv14; calendar windows where applicable,temporal_v3
v3__sleep__paper_hr_robust_range__rolling_range14,sleep,physiology,sleep__paper_hr_robust_range: within-person rolling_range14; calendar windows where applicable,temporal_v3
v3__sleep__paper_hr_robust_range__stv28,sleep,physiology,sleep__paper_hr_robust_range: within-person stv28; calendar windows where applicable,temporal_v3
v3__sleep__paper_hr_robust_range__rolling_cv28,sleep,physiology,sleep__paper_hr_robust_range: within-person rolling_cv28; calendar windows where applicable,temporal_v3
v3__sleep__paper_hr_robust_range__rolling_range28,sleep,physiology,sleep__paper_hr_robust_range: within-person rolling_range28; calendar windows where applicable,temporal_v3
v3__sleep__paper_hr_slope_per_hour__mean,sleep,physiology,sleep__paper_hr_slope_per_hour: within-person mean; calendar windows where applicable,temporal_v3
v3__sleep__paper_hr_slope_per_hour__std,sleep,physiology,sleep__paper_hr_slope_per_hour: within-person std; calendar windows where applicable,temporal_v3
v3__sleep__paper_hr_slope_per_hour__median,sleep,physiology,sleep__paper_hr_slope_per_hour: within-person median; calendar windows where applicable,temporal_v3
v3__sleep__paper_hr_slope_per_hour__trimmed_mean,sleep,physiology,sleep__paper_hr_slope_per_hour: within-person trimmed_mean; calendar windows where applicable,temporal_v3
v3__sleep__paper_hr_slope_per_hour__mode,sleep,physiology,sleep__paper_hr_slope_per_hour: within-person mode; calendar windows where applicable,temporal_v3
v3__sleep__paper_hr_slope_per_hour__minimum,sleep,physiology,sleep__paper_hr_slope_per_hour: within-person minimum; calendar windows where applicable,temporal_v3
v3__sleep__paper_hr_slope_per_hour__maximum,sleep,physiology,sleep__paper_hr_slope_per_hour: within-person maximum; calendar windows where applicable,temporal_v3
v3__sleep__paper_hr_slope_per_hour__range,sleep,physiology,sleep__paper_hr_slope_per_hour: within-person range; calendar windows where applicable,temporal_v3
v3__sleep__paper_hr_slope_per_hour__mad,sleep,physiology,sleep__paper_hr_slope_per_hour: within-person mad; calendar windows where applicable,temporal_v3
v3__sleep__paper_hr_slope_per_hour__cv,sleep,physiology,sleep__paper_hr_slope_per_hour: within-person cv; calendar windows where applicable,temporal_v3
v3__sleep__paper_hr_slope_per_hour__skew,sleep,physiology,sleep__paper_hr_slope_per_hour: within-person skew; calendar windows where applicable,temporal_v3
v3__sleep__paper_hr_slope_per_hour__kurtosis,sleep,physiology,sleep__paper_hr_slope_per_hour: within-person kurtosis; calendar windows where applicable,temporal_v3
v3__sleep__paper_hr_slope_per_hour__q05,sleep,physiology,sleep__paper_hr_slope_per_hour: within-person q05; calendar windows where applicable,temporal_v3
v3__sleep__paper_hr_slope_per_hour__q95,sleep,physiology,sleep__paper_hr_slope_per_hour: within-person q95; calendar windows where applicable,temporal_v3
v3__sleep__paper_hr_slope_per_hour__rmssd,sleep,physiology,sleep__paper_hr_slope_per_hour: within-person rmssd; calendar windows where applicable,temporal_v3
v3__sleep__paper_hr_slope_per_hour__moving_range,sleep,physiology,sleep__paper_hr_slope_per_hour: within-person moving_range; calendar windows where applicable,temporal_v3
v3__sleep__paper_hr_slope_per_hour__lag1,sleep,physiology,sleep__paper_hr_slope_per_hour: within-person lag1; calendar windows where applicable,temporal_v3
v3__sleep__paper_hr_slope_per_hour__trend,sleep,physiology,sleep__paper_hr_slope_per_hour: within-person trend; calendar windows where applicable,temporal_v3
v3__sleep__paper_hr_slope_per_hour__bin_variance4,sleep,physiology,sleep__paper_hr_slope_per_hour: within-person bin_variance4; calendar windows where applicable,temporal_v3
v3__sleep__paper_hr_slope_per_hour__bin_change4,sleep,physiology,sleep__paper_hr_slope_per_hour: within-person bin_change4; calendar windows where applicable,temporal_v3
v3__sleep__paper_hr_slope_per_hour__stv7,sleep,physiology,sleep__paper_hr_slope_per_hour: within-person stv7; calendar windows where applicable,temporal_v3
v3__sleep__paper_hr_slope_per_hour__rolling_cv7,sleep,physiology,sleep__paper_hr_slope_per_hour: within-person rolling_cv7; calendar windows where applicable,temporal_v3
v3__sleep__paper_hr_slope_per_hour__rolling_range7,sleep,physiology,sleep__paper_hr_slope_per_hour: within-person rolling_range7; calendar windows where applicable,temporal_v3
v3__sleep__paper_hr_slope_per_hour__stv14,sleep,physiology,sleep__paper_hr_slope_per_hour: within-person stv14; calendar windows where applicable,temporal_v3
v3__sleep__paper_hr_slope_per_hour__rolling_cv14,sleep,physiology,sleep__paper_hr_slope_per_hour: within-person rolling_cv14; calendar windows where applicable,temporal_v3
v3__sleep__paper_hr_slope_per_hour__rolling_range14,sleep,physiology,sleep__paper_hr_slope_per_hour: within-person rolling_range14; calendar windows where applicable,temporal_v3
v3__sleep__paper_hr_slope_per_hour__stv28,sleep,physiology,sleep__paper_hr_slope_per_hour: within-person stv28; calendar windows where applicable,temporal_v3
v3__sleep__paper_hr_slope_per_hour__rolling_cv28,sleep,physiology,sleep__paper_hr_slope_per_hour: within-person rolling_cv28; calendar windows where applicable,temporal_v3
v3__sleep__paper_hr_slope_per_hour__rolling_range28,sleep,physiology,sleep__paper_hr_slope_per_hour: within-person rolling_range28; calendar windows where applicable,temporal_v3
v3__sleep__paper_hr_min_relative_time__mean,sleep,physiology,sleep__paper_hr_min_relative_time: within-person mean; calendar windows where applicable,temporal_v3
v3__sleep__paper_hr_min_relative_time__std,sleep,physiology,sleep__paper_hr_min_relative_time: within-person std; calendar windows where applicable,temporal_v3
v3__sleep__paper_hr_min_relative_time__median,sleep,physiology,sleep__paper_hr_min_relative_time: within-person median; calendar windows where applicable,temporal_v3
v3__sleep__paper_hr_min_relative_time__trimmed_mean,sleep,physiology,sleep__paper_hr_min_relative_time: within-person trimmed_mean; calendar windows where applicable,temporal_v3
v3__sleep__paper_hr_min_relative_time__mode,sleep,physiology,sleep__paper_hr_min_relative_time: within-person mode; calendar windows where applicable,temporal_v3
v3__sleep__paper_hr_min_relative_time__minimum,sleep,physiology,sleep__paper_hr_min_relative_time: within-person minimum; calendar windows where applicable,temporal_v3
v3__sleep__paper_hr_min_relative_time__maximum,sleep,physiology,sleep__paper_hr_min_relative_time: within-person maximum; calendar windows where applicable,temporal_v3
v3__sleep__paper_hr_min_relative_time__range,sleep,physiology,sleep__paper_hr_min_relative_time: within-person range; calendar windows where applicable,temporal_v3
v3__sleep__paper_hr_min_relative_time__mad,sleep,physiology,sleep__paper_hr_min_relative_time: within-person mad; calendar windows where applicable,temporal_v3
v3__sleep__paper_hr_min_relative_time__cv,sleep,physiology,sleep__paper_hr_min_relative_time: within-person cv; calendar windows where applicable,temporal_v3
v3__sleep__paper_hr_min_relative_time__skew,sleep,physiology,sleep__paper_hr_min_relative_time: within-person skew; calendar windows where applicable,temporal_v3
v3__sleep__paper_hr_min_relative_time__kurtosis,sleep,physiology,sleep__paper_hr_min_relative_time: within-person kurtosis; calendar windows where applicable,temporal_v3
v3__sleep__paper_hr_min_relative_time__q05,sleep,physiology,sleep__paper_hr_min_relative_time: within-person q05; calendar windows where applicable,temporal_v3
v3__sleep__paper_hr_min_relative_time__q95,sleep,physiology,sleep__paper_hr_min_relative_time: within-person q95; calendar windows where applicable,temporal_v3
v3__sleep__paper_hr_min_relative_time__rmssd,sleep,physiology,sleep__paper_hr_min_relative_time: within-person rmssd; calendar windows where applicable,temporal_v3
v3__sleep__paper_hr_min_relative_time__moving_range,sleep,physiology,sleep__paper_hr_min_relative_time: within-person moving_range; calendar windows where applicable,temporal_v3
v3__sleep__paper_hr_min_relative_time__lag1,sleep,physiology,sleep__paper_hr_min_relative_time: within-person lag1; calendar windows where applicable,temporal_v3
v3__sleep__paper_hr_min_relative_time__trend,sleep,physiology,sleep__paper_hr_min_relative_time: within-person trend; calendar windows where applicable,temporal_v3
v3__sleep__paper_hr_min_relative_time__bin_variance4,sleep,physiology,sleep__paper_hr_min_relative_time: within-person bin_variance4; calendar windows where applicable,temporal_v3
v3__sleep__paper_hr_min_relative_time__bin_change4,sleep,physiology,sleep__paper_hr_min_relative_time: within-person bin_change4; calendar windows where applicable,temporal_v3
v3__sleep__paper_hr_min_relative_time__stv7,sleep,physiology,sleep__paper_hr_min_relative_time: within-person stv7; calendar windows where applicable,temporal_v3
v3__sleep__paper_hr_min_relative_time__rolling_cv7,sleep,physiology,sleep__paper_hr_min_relative_time: within-person rolling_cv7; calendar windows where applicable,temporal_v3
v3__sleep__paper_hr_min_relative_time__rolling_range7,sleep,physiology,sleep__paper_hr_min_relative_time: within-person rolling_range7; calendar windows where applicable,temporal_v3
v3__sleep__paper_hr_min_relative_time__stv14,sleep,physiology,sleep__paper_hr_min_relative_time: within-person stv14; calendar windows where applicable,temporal_v3
v3__sleep__paper_hr_min_relative_time__rolling_cv14,sleep,physiology,sleep__paper_hr_min_relative_time: within-person rolling_cv14; calendar windows where applicable,temporal_v3
v3__sleep__paper_hr_min_relative_time__rolling_range14,sleep,physiology,sleep__paper_hr_min_relative_time: within-person rolling_range14; calendar windows where applicable,temporal_v3
v3__sleep__paper_hr_min_relative_time__stv28,sleep,physiology,sleep__paper_hr_min_relative_time: within-person stv28; calendar windows where applicable,temporal_v3
v3__sleep__paper_hr_min_relative_time__rolling_cv28,sleep,physiology,sleep__paper_hr_min_relative_time: within-person rolling_cv28; calendar windows where applicable,temporal_v3
v3__sleep__paper_hr_min_relative_time__rolling_range28,sleep,physiology,sleep__paper_hr_min_relative_time: within-person rolling_range28; calendar windows where applicable,temporal_v3
v3__sleep__paper_hr_min_clock_sin__mean,sleep,physiology,sleep__paper_hr_min_clock_sin: within-person mean; calendar windows where applicable,temporal_v3
v3__sleep__paper_hr_min_clock_sin__std,sleep,physiology,sleep__paper_hr_min_clock_sin: within-person std; calendar windows where applicable,temporal_v3
v3__sleep__paper_hr_min_clock_sin__median,sleep,physiology,sleep__paper_hr_min_clock_sin: within-person median; calendar windows where applicable,temporal_v3
v3__sleep__paper_hr_min_clock_sin__trimmed_mean,sleep,physiology,sleep__paper_hr_min_clock_sin: within-person trimmed_mean; calendar windows where applicable,temporal_v3
v3__sleep__paper_hr_min_clock_sin__mode,sleep,physiology,sleep__paper_hr_min_clock_sin: within-person mode; calendar windows where applicable,temporal_v3
v3__sleep__paper_hr_min_clock_sin__minimum,sleep,physiology,sleep__paper_hr_min_clock_sin: within-person minimum; calendar windows where applicable,temporal_v3
v3__sleep__paper_hr_min_clock_sin__maximum,sleep,physiology,sleep__paper_hr_min_clock_sin: within-person maximum; calendar windows where applicable,temporal_v3
v3__sleep__paper_hr_min_clock_sin__range,sleep,physiology,sleep__paper_hr_min_clock_sin: within-person range; calendar windows where applicable,temporal_v3
v3__sleep__paper_hr_min_clock_sin__mad,sleep,physiology,sleep__paper_hr_min_clock_sin: within-person mad; calendar windows where applicable,temporal_v3
v3__sleep__paper_hr_min_clock_sin__cv,sleep,physiology,sleep__paper_hr_min_clock_sin: within-person cv; calendar windows where applicable,temporal_v3
v3__sleep__paper_hr_min_clock_sin__skew,sleep,physiology,sleep__paper_hr_min_clock_sin: within-person skew; calendar windows where applicable,temporal_v3
v3__sleep__paper_hr_min_clock_sin__kurtosis,sleep,physiology,sleep__paper_hr_min_clock_sin: within-person kurtosis; calendar windows where applicable,temporal_v3
v3__sleep__paper_hr_min_clock_sin__q05,sleep,physiology,sleep__paper_hr_min_clock_sin: within-person q05; calendar windows where applicable,temporal_v3
v3__sleep__paper_hr_min_clock_sin__q95,sleep,physiology,sleep__paper_hr_min_clock_sin: within-person q95; calendar windows where applicable,temporal_v3
v3__sleep__paper_hr_min_clock_sin__rmssd,sleep,physiology,sleep__paper_hr_min_clock_sin: within-person rmssd; calendar windows where applicable,temporal_v3
v3__sleep__paper_hr_min_clock_sin__moving_range,sleep,physiology,sleep__paper_hr_min_clock_sin: within-person moving_range; calendar windows where applicable,temporal_v3
v3__sleep__paper_hr_min_clock_sin__lag1,sleep,physiology,sleep__paper_hr_min_clock_sin: within-person lag1; calendar windows where applicable,temporal_v3
v3__sleep__paper_hr_min_clock_sin__trend,sleep,physiology,sleep__paper_hr_min_clock_sin: within-person trend; calendar windows where applicable,temporal_v3
v3__sleep__paper_hr_min_clock_sin__bin_variance4,sleep,physiology,sleep__paper_hr_min_clock_sin: within-person bin_variance4; calendar windows where applicable,temporal_v3
v3__sleep__paper_hr_min_clock_sin__bin_change4,sleep,physiology,sleep__paper_hr_min_clock_sin: within-person bin_change4; calendar windows where applicable,temporal_v3
v3__sleep__paper_hr_min_clock_sin__stv7,sleep,physiology,sleep__paper_hr_min_clock_sin: within-person stv7; calendar windows where applicable,temporal_v3
v3__sleep__paper_hr_min_clock_sin__rolling_cv7,sleep,physiology,sleep__paper_hr_min_clock_sin: within-person rolling_cv7; calendar windows where applicable,temporal_v3
v3__sleep__paper_hr_min_clock_sin__rolling_range7,sleep,physiology,sleep__paper_hr_min_clock_sin: within-person rolling_range7; calendar windows where applicable,temporal_v3
v3__sleep__paper_hr_min_clock_sin__stv14,sleep,physiology,sleep__paper_hr_min_clock_sin: within-person stv14; calendar windows where applicable,temporal_v3
v3__sleep__paper_hr_min_clock_sin__rolling_cv14,sleep,physiology,sleep__paper_hr_min_clock_sin: within-person rolling_cv14; calendar windows where applicable,temporal_v3
v3__sleep__paper_hr_min_clock_sin__rolling_range14,sleep,physiology,sleep__paper_hr_min_clock_sin: within-person rolling_range14; calendar windows where applicable,temporal_v3
v3__sleep__paper_hr_min_clock_sin__stv28,sleep,physiology,sleep__paper_hr_min_clock_sin: within-person stv28; calendar windows where applicable,temporal_v3
v3__sleep__paper_hr_min_clock_sin__rolling_cv28,sleep,physiology,sleep__paper_hr_min_clock_sin: within-person rolling_cv28; calendar windows where applicable,temporal_v3
v3__sleep__paper_hr_min_clock_sin__rolling_range28,sleep,physiology,sleep__paper_hr_min_clock_sin: within-person rolling_range28; calendar windows where applicable,temporal_v3
v3__sleep__paper_hr_min_clock_cos__mean,sleep,physiology,sleep__paper_hr_min_clock_cos: within-person mean; calendar windows where applicable,temporal_v3
v3__sleep__paper_hr_min_clock_cos__std,sleep,physiology,sleep__paper_hr_min_clock_cos: within-person std; calendar windows where applicable,temporal_v3
v3__sleep__paper_hr_min_clock_cos__median,sleep,physiology,sleep__paper_hr_min_clock_cos: within-person median; calendar windows where applicable,temporal_v3
v3__sleep__paper_hr_min_clock_cos__trimmed_mean,sleep,physiology,sleep__paper_hr_min_clock_cos: within-person trimmed_mean; calendar windows where applicable,temporal_v3
v3__sleep__paper_hr_min_clock_cos__mode,sleep,physiology,sleep__paper_hr_min_clock_cos: within-person mode; calendar windows where applicable,temporal_v3
v3__sleep__paper_hr_min_clock_cos__minimum,sleep,physiology,sleep__paper_hr_min_clock_cos: within-person minimum; calendar windows where applicable,temporal_v3
v3__sleep__paper_hr_min_clock_cos__maximum,sleep,physiology,sleep__paper_hr_min_clock_cos: within-person maximum; calendar windows where applicable,temporal_v3
v3__sleep__paper_hr_min_clock_cos__range,sleep,physiology,sleep__paper_hr_min_clock_cos: within-person range; calendar windows where applicable,temporal_v3
v3__sleep__paper_hr_min_clock_cos__mad,sleep,physiology,sleep__paper_hr_min_clock_cos: within-person mad; calendar windows where applicable,temporal_v3
v3__sleep__paper_hr_min_clock_cos__cv,sleep,physiology,sleep__paper_hr_min_clock_cos: within-person cv; calendar windows where applicable,temporal_v3
v3__sleep__paper_hr_min_clock_cos__skew,sleep,physiology,sleep__paper_hr_min_clock_cos: within-person skew; calendar windows where applicable,temporal_v3
v3__sleep__paper_hr_min_clock_cos__kurtosis,sleep,physiology,sleep__paper_hr_min_clock_cos: within-person kurtosis; calendar windows where applicable,temporal_v3
v3__sleep__paper_hr_min_clock_cos__q05,sleep,physiology,sleep__paper_hr_min_clock_cos: within-person q05; calendar windows where applicable,temporal_v3
v3__sleep__paper_hr_min_clock_cos__q95,sleep,physiology,sleep__paper_hr_min_clock_cos: within-person q95; calendar windows where applicable,temporal_v3
v3__sleep__paper_hr_min_clock_cos__rmssd,sleep,physiology,sleep__paper_hr_min_clock_cos: within-person rmssd; calendar windows where applicable,temporal_v3
v3__sleep__paper_hr_min_clock_cos__moving_range,sleep,physiology,sleep__paper_hr_min_clock_cos: within-person moving_range; calendar windows where applicable,temporal_v3
v3__sleep__paper_hr_min_clock_cos__lag1,sleep,physiology,sleep__paper_hr_min_clock_cos: within-person lag1; calendar windows where applicable,temporal_v3
v3__sleep__paper_hr_min_clock_cos__trend,sleep,physiology,sleep__paper_hr_min_clock_cos: within-person trend; calendar windows where applicable,temporal_v3
v3__sleep__paper_hr_min_clock_cos__bin_variance4,sleep,physiology,sleep__paper_hr_min_clock_cos: within-person bin_variance4; calendar windows where applicable,temporal_v3
v3__sleep__paper_hr_min_clock_cos__bin_change4,sleep,physiology,sleep__paper_hr_min_clock_cos: within-person bin_change4; calendar windows where applicable,temporal_v3
v3__sleep__paper_hr_min_clock_cos__stv7,sleep,physiology,sleep__paper_hr_min_clock_cos: within-person stv7; calendar windows where applicable,temporal_v3
v3__sleep__paper_hr_min_clock_cos__rolling_cv7,sleep,physiology,sleep__paper_hr_min_clock_cos: within-person rolling_cv7; calendar windows where applicable,temporal_v3
v3__sleep__paper_hr_min_clock_cos__rolling_range7,sleep,physiology,sleep__paper_hr_min_clock_cos: within-person rolling_range7; calendar windows where applicable,temporal_v3
v3__sleep__paper_hr_min_clock_cos__stv14,sleep,physiology,sleep__paper_hr_min_clock_cos: within-person stv14; calendar windows where applicable,temporal_v3
v3__sleep__paper_hr_min_clock_cos__rolling_cv14,sleep,physiology,sleep__paper_hr_min_clock_cos: within-person rolling_cv14; calendar windows where applicable,temporal_v3
v3__sleep__paper_hr_min_clock_cos__rolling_range14,sleep,physiology,sleep__paper_hr_min_clock_cos: within-person rolling_range14; calendar windows where applicable,temporal_v3
v3__sleep__paper_hr_min_clock_cos__stv28,sleep,physiology,sleep__paper_hr_min_clock_cos: within-person stv28; calendar windows where applicable,temporal_v3
v3__sleep__paper_hr_min_clock_cos__rolling_cv28,sleep,physiology,sleep__paper_hr_min_clock_cos: within-person rolling_cv28; calendar windows where applicable,temporal_v3
v3__sleep__paper_hr_min_clock_cos__rolling_range28,sleep,physiology,sleep__paper_hr_min_clock_cos: within-person rolling_range28; calendar windows where applicable,temporal_v3
v3__sleep__paper_bedtime_noon_unwrapped__mean,sleep,physiology,sleep__paper_bedtime_noon_unwrapped: within-person mean; calendar windows where applicable,temporal_v3
v3__sleep__paper_bedtime_noon_unwrapped__std,sleep,physiology,sleep__paper_bedtime_noon_unwrapped: within-person std; calendar windows where applicable,temporal_v3
v3__sleep__paper_bedtime_noon_unwrapped__median,sleep,physiology,sleep__paper_bedtime_noon_unwrapped: within-person median; calendar windows where applicable,temporal_v3
v3__sleep__paper_bedtime_noon_unwrapped__trimmed_mean,sleep,physiology,sleep__paper_bedtime_noon_unwrapped: within-person trimmed_mean; calendar windows where applicable,temporal_v3
v3__sleep__paper_bedtime_noon_unwrapped__mode,sleep,physiology,sleep__paper_bedtime_noon_unwrapped: within-person mode; calendar windows where applicable,temporal_v3
v3__sleep__paper_bedtime_noon_unwrapped__minimum,sleep,physiology,sleep__paper_bedtime_noon_unwrapped: within-person minimum; calendar windows where applicable,temporal_v3
v3__sleep__paper_bedtime_noon_unwrapped__maximum,sleep,physiology,sleep__paper_bedtime_noon_unwrapped: within-person maximum; calendar windows where applicable,temporal_v3
v3__sleep__paper_bedtime_noon_unwrapped__range,sleep,physiology,sleep__paper_bedtime_noon_unwrapped: within-person range; calendar windows where applicable,temporal_v3
v3__sleep__paper_bedtime_noon_unwrapped__mad,sleep,physiology,sleep__paper_bedtime_noon_unwrapped: within-person mad; calendar windows where applicable,temporal_v3
v3__sleep__paper_bedtime_noon_unwrapped__cv,sleep,physiology,sleep__paper_bedtime_noon_unwrapped: within-person cv; calendar windows where applicable,temporal_v3
v3__sleep__paper_bedtime_noon_unwrapped__skew,sleep,physiology,sleep__paper_bedtime_noon_unwrapped: within-person skew; calendar windows where applicable,temporal_v3
v3__sleep__paper_bedtime_noon_unwrapped__kurtosis,sleep,physiology,sleep__paper_bedtime_noon_unwrapped: within-person kurtosis; calendar windows where applicable,temporal_v3
v3__sleep__paper_bedtime_noon_unwrapped__q05,sleep,physiology,sleep__paper_bedtime_noon_unwrapped: within-person q05; calendar windows where applicable,temporal_v3
v3__sleep__paper_bedtime_noon_unwrapped__q95,sleep,physiology,sleep__paper_bedtime_noon_unwrapped: within-person q95; calendar windows where applicable,temporal_v3
v3__sleep__paper_bedtime_noon_unwrapped__rmssd,sleep,physiology,sleep__paper_bedtime_noon_unwrapped: within-person rmssd; calendar windows where applicable,temporal_v3
v3__sleep__paper_bedtime_noon_unwrapped__moving_range,sleep,physiology,sleep__paper_bedtime_noon_unwrapped: within-person moving_range; calendar windows where applicable,temporal_v3
v3__sleep__paper_bedtime_noon_unwrapped__lag1,sleep,physiology,sleep__paper_bedtime_noon_unwrapped: within-person lag1; calendar windows where applicable,temporal_v3
v3__sleep__paper_bedtime_noon_unwrapped__trend,sleep,physiology,sleep__paper_bedtime_noon_unwrapped: within-person trend; calendar windows where applicable,temporal_v3
v3__sleep__paper_bedtime_noon_unwrapped__bin_variance4,sleep,physiology,sleep__paper_bedtime_noon_unwrapped: within-person bin_variance4; calendar windows where applicable,temporal_v3
v3__sleep__paper_bedtime_noon_unwrapped__bin_change4,sleep,physiology,sleep__paper_bedtime_noon_unwrapped: within-person bin_change4; calendar windows where applicable,temporal_v3
v3__sleep__paper_bedtime_noon_unwrapped__stv7,sleep,physiology,sleep__paper_bedtime_noon_unwrapped: within-person stv7; calendar windows where applicable,temporal_v3
v3__sleep__paper_bedtime_noon_unwrapped__rolling_cv7,sleep,physiology,sleep__paper_bedtime_noon_unwrapped: within-person rolling_cv7; calendar windows where applicable,temporal_v3
v3__sleep__paper_bedtime_noon_unwrapped__rolling_range7,sleep,physiology,sleep__paper_bedtime_noon_unwrapped: within-person rolling_range7; calendar windows where applicable,temporal_v3
v3__sleep__paper_bedtime_noon_unwrapped__stv14,sleep,physiology,sleep__paper_bedtime_noon_unwrapped: within-person stv14; calendar windows where applicable,temporal_v3
v3__sleep__paper_bedtime_noon_unwrapped__rolling_cv14,sleep,physiology,sleep__paper_bedtime_noon_unwrapped: within-person rolling_cv14; calendar windows where applicable,temporal_v3
v3__sleep__paper_bedtime_noon_unwrapped__rolling_range14,sleep,physiology,sleep__paper_bedtime_noon_unwrapped: within-person rolling_range14; calendar windows where applicable,temporal_v3
v3__sleep__paper_bedtime_noon_unwrapped__stv28,sleep,physiology,sleep__paper_bedtime_noon_unwrapped: within-person stv28; calendar windows where applicable,temporal_v3
v3__sleep__paper_bedtime_noon_unwrapped__rolling_cv28,sleep,physiology,sleep__paper_bedtime_noon_unwrapped: within-person rolling_cv28; calendar windows where applicable,temporal_v3
v3__sleep__paper_bedtime_noon_unwrapped__rolling_range28,sleep,physiology,sleep__paper_bedtime_noon_unwrapped: within-person rolling_range28; calendar windows where applicable,temporal_v3
v3__sleep__paper_wake_hour__mean,sleep,physiology,sleep__paper_wake_hour: within-person mean; calendar windows where applicable,temporal_v3
v3__sleep__paper_wake_hour__std,sleep,physiology,sleep__paper_wake_hour: within-person std; calendar windows where applicable,temporal_v3
v3__sleep__paper_wake_hour__median,sleep,physiology,sleep__paper_wake_hour: within-person median; calendar windows where applicable,temporal_v3
v3__sleep__paper_wake_hour__trimmed_mean,sleep,physiology,sleep__paper_wake_hour: within-person trimmed_mean; calendar windows where applicable,temporal_v3
v3__sleep__paper_wake_hour__mode,sleep,physiology,sleep__paper_wake_hour: within-person mode; calendar windows where applicable,temporal_v3
v3__sleep__paper_wake_hour__minimum,sleep,physiology,sleep__paper_wake_hour: within-person minimum; calendar windows where applicable,temporal_v3
v3__sleep__paper_wake_hour__maximum,sleep,physiology,sleep__paper_wake_hour: within-person maximum; calendar windows where applicable,temporal_v3
v3__sleep__paper_wake_hour__range,sleep,physiology,sleep__paper_wake_hour: within-person range; calendar windows where applicable,temporal_v3
v3__sleep__paper_wake_hour__mad,sleep,physiology,sleep__paper_wake_hour: within-person mad; calendar windows where applicable,temporal_v3
v3__sleep__paper_wake_hour__cv,sleep,physiology,sleep__paper_wake_hour: within-person cv; calendar windows where applicable,temporal_v3
v3__sleep__paper_wake_hour__skew,sleep,physiology,sleep__paper_wake_hour: within-person skew; calendar windows where applicable,temporal_v3
v3__sleep__paper_wake_hour__kurtosis,sleep,physiology,sleep__paper_wake_hour: within-person kurtosis; calendar windows where applicable,temporal_v3
v3__sleep__paper_wake_hour__q05,sleep,physiology,sleep__paper_wake_hour: within-person q05; calendar windows where applicable,temporal_v3
v3__sleep__paper_wake_hour__q95,sleep,physiology,sleep__paper_wake_hour: within-person q95; calendar windows where applicable,temporal_v3
v3__sleep__paper_wake_hour__rmssd,sleep,physiology,sleep__paper_wake_hour: within-person rmssd; calendar windows where applicable,temporal_v3
v3__sleep__paper_wake_hour__moving_range,sleep,physiology,sleep__paper_wake_hour: within-person moving_range; calendar windows where applicable,temporal_v3
v3__sleep__paper_wake_hour__lag1,sleep,physiology,sleep__paper_wake_hour: within-person lag1; calendar windows where applicable,temporal_v3
v3__sleep__paper_wake_hour__trend,sleep,physiology,sleep__paper_wake_hour: within-person trend; calendar windows where applicable,temporal_v3
v3__sleep__paper_wake_hour__bin_variance4,sleep,physiology,sleep__paper_wake_hour: within-person bin_variance4; calendar windows where applicable,temporal_v3
v3__sleep__paper_wake_hour__bin_change4,sleep,physiology,sleep__paper_wake_hour: within-person bin_change4; calendar windows where applicable,temporal_v3
v3__sleep__paper_wake_hour__stv7,sleep,physiology,sleep__paper_wake_hour: within-person stv7; calendar windows where applicable,temporal_v3
v3__sleep__paper_wake_hour__rolling_cv7,sleep,physiology,sleep__paper_wake_hour: within-person rolling_cv7; calendar windows where applicable,temporal_v3
v3__sleep__paper_wake_hour__rolling_range7,sleep,physiology,sleep__paper_wake_hour: within-person rolling_range7; calendar windows where applicable,temporal_v3
v3__sleep__paper_wake_hour__stv14,sleep,physiology,sleep__paper_wake_hour: within-person stv14; calendar windows where applicable,temporal_v3
v3__sleep__paper_wake_hour__rolling_cv14,sleep,physiology,sleep__paper_wake_hour: within-person rolling_cv14; calendar windows where applicable,temporal_v3
v3__sleep__paper_wake_hour__rolling_range14,sleep,physiology,sleep__paper_wake_hour: within-person rolling_range14; calendar windows where applicable,temporal_v3
v3__sleep__paper_wake_hour__stv28,sleep,physiology,sleep__paper_wake_hour: within-person stv28; calendar windows where applicable,temporal_v3
v3__sleep__paper_wake_hour__rolling_cv28,sleep,physiology,sleep__paper_wake_hour: within-person rolling_cv28; calendar windows where applicable,temporal_v3
v3__sleep__paper_wake_hour__rolling_range28,sleep,physiology,sleep__paper_wake_hour: within-person rolling_range28; calendar windows where applicable,temporal_v3
v3__sleep__paper_interval_hours__mean,sleep,physiology,sleep__paper_interval_hours: within-person mean; calendar windows where applicable,temporal_v3
v3__sleep__paper_interval_hours__std,sleep,physiology,sleep__paper_interval_hours: within-person std; calendar windows where applicable,temporal_v3
v3__sleep__paper_interval_hours__median,sleep,physiology,sleep__paper_interval_hours: within-person median; calendar windows where applicable,temporal_v3
v3__sleep__paper_interval_hours__trimmed_mean,sleep,physiology,sleep__paper_interval_hours: within-person trimmed_mean; calendar windows where applicable,temporal_v3
v3__sleep__paper_interval_hours__mode,sleep,physiology,sleep__paper_interval_hours: within-person mode; calendar windows where applicable,temporal_v3
v3__sleep__paper_interval_hours__minimum,sleep,physiology,sleep__paper_interval_hours: within-person minimum; calendar windows where applicable,temporal_v3
v3__sleep__paper_interval_hours__maximum,sleep,physiology,sleep__paper_interval_hours: within-person maximum; calendar windows where applicable,temporal_v3
v3__sleep__paper_interval_hours__range,sleep,physiology,sleep__paper_interval_hours: within-person range; calendar windows where applicable,temporal_v3
v3__sleep__paper_interval_hours__mad,sleep,physiology,sleep__paper_interval_hours: within-person mad; calendar windows where applicable,temporal_v3
v3__sleep__paper_interval_hours__cv,sleep,physiology,sleep__paper_interval_hours: within-person cv; calendar windows where applicable,temporal_v3
v3__sleep__paper_interval_hours__skew,sleep,physiology,sleep__paper_interval_hours: within-person skew; calendar windows where applicable,temporal_v3
v3__sleep__paper_interval_hours__kurtosis,sleep,physiology,sleep__paper_interval_hours: within-person kurtosis; calendar windows where applicable,temporal_v3
v3__sleep__paper_interval_hours__q05,sleep,physiology,sleep__paper_interval_hours: within-person q05; calendar windows where applicable,temporal_v3
v3__sleep__paper_interval_hours__q95,sleep,physiology,sleep__paper_interval_hours: within-person q95; calendar windows where applicable,temporal_v3
v3__sleep__paper_interval_hours__rmssd,sleep,physiology,sleep__paper_interval_hours: within-person rmssd; calendar windows where applicable,temporal_v3
v3__sleep__paper_interval_hours__moving_range,sleep,physiology,sleep__paper_interval_hours: within-person moving_range; calendar windows where applicable,temporal_v3
v3__sleep__paper_interval_hours__lag1,sleep,physiology,sleep__paper_interval_hours: within-person lag1; calendar windows where applicable,temporal_v3
v3__sleep__paper_interval_hours__trend,sleep,physiology,sleep__paper_interval_hours: within-person trend; calendar windows where applicable,temporal_v3
v3__sleep__paper_interval_hours__bin_variance4,sleep,physiology,sleep__paper_interval_hours: within-person bin_variance4; calendar windows where applicable,temporal_v3
v3__sleep__paper_interval_hours__bin_change4,sleep,physiology,sleep__paper_interval_hours: within-person bin_change4; calendar windows where applicable,temporal_v3
v3__sleep__paper_interval_hours__stv7,sleep,physiology,sleep__paper_interval_hours: within-person stv7; calendar windows where applicable,temporal_v3
v3__sleep__paper_interval_hours__rolling_cv7,sleep,physiology,sleep__paper_interval_hours: within-person rolling_cv7; calendar windows where applicable,temporal_v3
v3__sleep__paper_interval_hours__rolling_range7,sleep,physiology,sleep__paper_interval_hours: within-person rolling_range7; calendar windows where applicable,temporal_v3
v3__sleep__paper_interval_hours__stv14,sleep,physiology,sleep__paper_interval_hours: within-person stv14; calendar windows where applicable,temporal_v3
v3__sleep__paper_interval_hours__rolling_cv14,sleep,physiology,sleep__paper_interval_hours: within-person rolling_cv14; calendar windows where applicable,temporal_v3
v3__sleep__paper_interval_hours__rolling_range14,sleep,physiology,sleep__paper_interval_hours: within-person rolling_range14; calendar windows where applicable,temporal_v3
v3__sleep__paper_interval_hours__stv28,sleep,physiology,sleep__paper_interval_hours: within-person stv28; calendar windows where applicable,temporal_v3
v3__sleep__paper_interval_hours__rolling_cv28,sleep,physiology,sleep__paper_interval_hours: within-person rolling_cv28; calendar windows where applicable,temporal_v3
v3__sleep__paper_interval_hours__rolling_range28,sleep,physiology,sleep__paper_interval_hours: within-person rolling_range28; calendar windows where applicable,temporal_v3
v3__sleep__paper_midpoint_sin__mean,sleep,physiology,sleep__paper_midpoint_sin: within-person mean; calendar windows where applicable,temporal_v3
v3__sleep__paper_midpoint_sin__std,sleep,physiology,sleep__paper_midpoint_sin: within-person std; calendar windows where applicable,temporal_v3
v3__sleep__paper_midpoint_sin__median,sleep,physiology,sleep__paper_midpoint_sin: within-person median; calendar windows where applicable,temporal_v3
v3__sleep__paper_midpoint_sin__trimmed_mean,sleep,physiology,sleep__paper_midpoint_sin: within-person trimmed_mean; calendar windows where applicable,temporal_v3
v3__sleep__paper_midpoint_sin__mode,sleep,physiology,sleep__paper_midpoint_sin: within-person mode; calendar windows where applicable,temporal_v3
v3__sleep__paper_midpoint_sin__minimum,sleep,physiology,sleep__paper_midpoint_sin: within-person minimum; calendar windows where applicable,temporal_v3
v3__sleep__paper_midpoint_sin__maximum,sleep,physiology,sleep__paper_midpoint_sin: within-person maximum; calendar windows where applicable,temporal_v3
v3__sleep__paper_midpoint_sin__range,sleep,physiology,sleep__paper_midpoint_sin: within-person range; calendar windows where applicable,temporal_v3
v3__sleep__paper_midpoint_sin__mad,sleep,physiology,sleep__paper_midpoint_sin: within-person mad; calendar windows where applicable,temporal_v3
v3__sleep__paper_midpoint_sin__cv,sleep,physiology,sleep__paper_midpoint_sin: within-person cv; calendar windows where applicable,temporal_v3
v3__sleep__paper_midpoint_sin__skew,sleep,physiology,sleep__paper_midpoint_sin: within-person skew; calendar windows where applicable,temporal_v3
v3__sleep__paper_midpoint_sin__kurtosis,sleep,physiology,sleep__paper_midpoint_sin: within-person kurtosis; calendar windows where applicable,temporal_v3
v3__sleep__paper_midpoint_sin__q05,sleep,physiology,sleep__paper_midpoint_sin: within-person q05; calendar windows where applicable,temporal_v3
v3__sleep__paper_midpoint_sin__q95,sleep,physiology,sleep__paper_midpoint_sin: within-person q95; calendar windows where applicable,temporal_v3
v3__sleep__paper_midpoint_sin__rmssd,sleep,physiology,sleep__paper_midpoint_sin: within-person rmssd; calendar windows where applicable,temporal_v3
v3__sleep__paper_midpoint_sin__moving_range,sleep,physiology,sleep__paper_midpoint_sin: within-person moving_range; calendar windows where applicable,temporal_v3
v3__sleep__paper_midpoint_sin__lag1,sleep,physiology,sleep__paper_midpoint_sin: within-person lag1; calendar windows where applicable,temporal_v3
v3__sleep__paper_midpoint_sin__trend,sleep,physiology,sleep__paper_midpoint_sin: within-person trend; calendar windows where applicable,temporal_v3
v3__sleep__paper_midpoint_sin__bin_variance4,sleep,physiology,sleep__paper_midpoint_sin: within-person bin_variance4; calendar windows where applicable,temporal_v3
v3__sleep__paper_midpoint_sin__bin_change4,sleep,physiology,sleep__paper_midpoint_sin: within-person bin_change4; calendar windows where applicable,temporal_v3
v3__sleep__paper_midpoint_sin__stv7,sleep,physiology,sleep__paper_midpoint_sin: within-person stv7; calendar windows where applicable,temporal_v3
v3__sleep__paper_midpoint_sin__rolling_cv7,sleep,physiology,sleep__paper_midpoint_sin: within-person rolling_cv7; calendar windows where applicable,temporal_v3
v3__sleep__paper_midpoint_sin__rolling_range7,sleep,physiology,sleep__paper_midpoint_sin: within-person rolling_range7; calendar windows where applicable,temporal_v3
v3__sleep__paper_midpoint_sin__stv14,sleep,physiology,sleep__paper_midpoint_sin: within-person stv14; calendar windows where applicable,temporal_v3
v3__sleep__paper_midpoint_sin__rolling_cv14,sleep,physiology,sleep__paper_midpoint_sin: within-person rolling_cv14; calendar windows where applicable,temporal_v3
v3__sleep__paper_midpoint_sin__rolling_range14,sleep,physiology,sleep__paper_midpoint_sin: within-person rolling_range14; calendar windows where applicable,temporal_v3
v3__sleep__paper_midpoint_sin__stv28,sleep,physiology,sleep__paper_midpoint_sin: within-person stv28; calendar windows where applicable,temporal_v3
v3__sleep__paper_midpoint_sin__rolling_cv28,sleep,physiology,sleep__paper_midpoint_sin: within-person rolling_cv28; calendar windows where applicable,temporal_v3
v3__sleep__paper_midpoint_sin__rolling_range28,sleep,physiology,sleep__paper_midpoint_sin: within-person rolling_range28; calendar windows where applicable,temporal_v3
v3__sleep__paper_midpoint_cos__mean,sleep,physiology,sleep__paper_midpoint_cos: within-person mean; calendar windows where applicable,temporal_v3
v3__sleep__paper_midpoint_cos__std,sleep,physiology,sleep__paper_midpoint_cos: within-person std; calendar windows where applicable,temporal_v3
v3__sleep__paper_midpoint_cos__median,sleep,physiology,sleep__paper_midpoint_cos: within-person median; calendar windows where applicable,temporal_v3
v3__sleep__paper_midpoint_cos__trimmed_mean,sleep,physiology,sleep__paper_midpoint_cos: within-person trimmed_mean; calendar windows where applicable,temporal_v3
v3__sleep__paper_midpoint_cos__mode,sleep,physiology,sleep__paper_midpoint_cos: within-person mode; calendar windows where applicable,temporal_v3
v3__sleep__paper_midpoint_cos__minimum,sleep,physiology,sleep__paper_midpoint_cos: within-person minimum; calendar windows where applicable,temporal_v3
v3__sleep__paper_midpoint_cos__maximum,sleep,physiology,sleep__paper_midpoint_cos: within-person maximum; calendar windows where applicable,temporal_v3
v3__sleep__paper_midpoint_cos__range,sleep,physiology,sleep__paper_midpoint_cos: within-person range; calendar windows where applicable,temporal_v3
v3__sleep__paper_midpoint_cos__mad,sleep,physiology,sleep__paper_midpoint_cos: within-person mad; calendar windows where applicable,temporal_v3
v3__sleep__paper_midpoint_cos__cv,sleep,physiology,sleep__paper_midpoint_cos: within-person cv; calendar windows where applicable,temporal_v3
v3__sleep__paper_midpoint_cos__skew,sleep,physiology,sleep__paper_midpoint_cos: within-person skew; calendar windows where applicable,temporal_v3
v3__sleep__paper_midpoint_cos__kurtosis,sleep,physiology,sleep__paper_midpoint_cos: within-person kurtosis; calendar windows where applicable,temporal_v3
v3__sleep__paper_midpoint_cos__q05,sleep,physiology,sleep__paper_midpoint_cos: within-person q05; calendar windows where applicable,temporal_v3
v3__sleep__paper_midpoint_cos__q95,sleep,physiology,sleep__paper_midpoint_cos: within-person q95; calendar windows where applicable,temporal_v3
v3__sleep__paper_midpoint_cos__rmssd,sleep,physiology,sleep__paper_midpoint_cos: within-person rmssd; calendar windows where applicable,temporal_v3
v3__sleep__paper_midpoint_cos__moving_range,sleep,physiology,sleep__paper_midpoint_cos: within-person moving_range; calendar windows where applicable,temporal_v3
v3__sleep__paper_midpoint_cos__lag1,sleep,physiology,sleep__paper_midpoint_cos: within-person lag1; calendar windows where applicable,temporal_v3
v3__sleep__paper_midpoint_cos__trend,sleep,physiology,sleep__paper_midpoint_cos: within-person trend; calendar windows where applicable,temporal_v3
v3__sleep__paper_midpoint_cos__bin_variance4,sleep,physiology,sleep__paper_midpoint_cos: within-person bin_variance4; calendar windows where applicable,temporal_v3
v3__sleep__paper_midpoint_cos__bin_change4,sleep,physiology,sleep__paper_midpoint_cos: within-person bin_change4; calendar windows where applicable,temporal_v3
v3__sleep__paper_midpoint_cos__stv7,sleep,physiology,sleep__paper_midpoint_cos: within-person stv7; calendar windows where applicable,temporal_v3
v3__sleep__paper_midpoint_cos__rolling_cv7,sleep,physiology,sleep__paper_midpoint_cos: within-person rolling_cv7; calendar windows where applicable,temporal_v3
v3__sleep__paper_midpoint_cos__rolling_range7,sleep,physiology,sleep__paper_midpoint_cos: within-person rolling_range7; calendar windows where applicable,temporal_v3
v3__sleep__paper_midpoint_cos__stv14,sleep,physiology,sleep__paper_midpoint_cos: within-person stv14; calendar windows where applicable,temporal_v3
v3__sleep__paper_midpoint_cos__rolling_cv14,sleep,physiology,sleep__paper_midpoint_cos: within-person rolling_cv14; calendar windows where applicable,temporal_v3
v3__sleep__paper_midpoint_cos__rolling_range14,sleep,physiology,sleep__paper_midpoint_cos: within-person rolling_range14; calendar windows where applicable,temporal_v3
v3__sleep__paper_midpoint_cos__stv28,sleep,physiology,sleep__paper_midpoint_cos: within-person stv28; calendar windows where applicable,temporal_v3
v3__sleep__paper_midpoint_cos__rolling_cv28,sleep,physiology,sleep__paper_midpoint_cos: within-person rolling_cv28; calendar windows where applicable,temporal_v3
v3__sleep__paper_midpoint_cos__rolling_range28,sleep,physiology,sleep__paper_midpoint_cos: within-person rolling_range28; calendar windows where applicable,temporal_v3
v3__sleep__paper_nrem_fraction__mean,sleep,physiology,sleep__paper_nrem_fraction: within-person mean; calendar windows where applicable,temporal_v3
v3__sleep__paper_nrem_fraction__std,sleep,physiology,sleep__paper_nrem_fraction: within-person std; calendar windows where applicable,temporal_v3
v3__sleep__paper_nrem_fraction__median,sleep,physiology,sleep__paper_nrem_fraction: within-person median; calendar windows where applicable,temporal_v3
v3__sleep__paper_nrem_fraction__trimmed_mean,sleep,physiology,sleep__paper_nrem_fraction: within-person trimmed_mean; calendar windows where applicable,temporal_v3
v3__sleep__paper_nrem_fraction__mode,sleep,physiology,sleep__paper_nrem_fraction: within-person mode; calendar windows where applicable,temporal_v3
v3__sleep__paper_nrem_fraction__minimum,sleep,physiology,sleep__paper_nrem_fraction: within-person minimum; calendar windows where applicable,temporal_v3
v3__sleep__paper_nrem_fraction__maximum,sleep,physiology,sleep__paper_nrem_fraction: within-person maximum; calendar windows where applicable,temporal_v3
v3__sleep__paper_nrem_fraction__range,sleep,physiology,sleep__paper_nrem_fraction: within-person range; calendar windows where applicable,temporal_v3
v3__sleep__paper_nrem_fraction__mad,sleep,physiology,sleep__paper_nrem_fraction: within-person mad; calendar windows where applicable,temporal_v3
v3__sleep__paper_nrem_fraction__cv,sleep,physiology,sleep__paper_nrem_fraction: within-person cv; calendar windows where applicable,temporal_v3
v3__sleep__paper_nrem_fraction__skew,sleep,physiology,sleep__paper_nrem_fraction: within-person skew; calendar windows where applicable,temporal_v3
v3__sleep__paper_nrem_fraction__kurtosis,sleep,physiology,sleep__paper_nrem_fraction: within-person kurtosis; calendar windows where applicable,temporal_v3
v3__sleep__paper_nrem_fraction__q05,sleep,physiology,sleep__paper_nrem_fraction: within-person q05; calendar windows where applicable,temporal_v3
v3__sleep__paper_nrem_fraction__q95,sleep,physiology,sleep__paper_nrem_fraction: within-person q95; calendar windows where applicable,temporal_v3
v3__sleep__paper_nrem_fraction__rmssd,sleep,physiology,sleep__paper_nrem_fraction: within-person rmssd; calendar windows where applicable,temporal_v3
v3__sleep__paper_nrem_fraction__moving_range,sleep,physiology,sleep__paper_nrem_fraction: within-person moving_range; calendar windows where applicable,temporal_v3
v3__sleep__paper_nrem_fraction__lag1,sleep,physiology,sleep__paper_nrem_fraction: within-person lag1; calendar windows where applicable,temporal_v3
v3__sleep__paper_nrem_fraction__trend,sleep,physiology,sleep__paper_nrem_fraction: within-person trend; calendar windows where applicable,temporal_v3
v3__sleep__paper_nrem_fraction__bin_variance4,sleep,physiology,sleep__paper_nrem_fraction: within-person bin_variance4; calendar windows where applicable,temporal_v3
v3__sleep__paper_nrem_fraction__bin_change4,sleep,physiology,sleep__paper_nrem_fraction: within-person bin_change4; calendar windows where applicable,temporal_v3
v3__sleep__paper_nrem_fraction__stv7,sleep,physiology,sleep__paper_nrem_fraction: within-person stv7; calendar windows where applicable,temporal_v3
v3__sleep__paper_nrem_fraction__rolling_cv7,sleep,physiology,sleep__paper_nrem_fraction: within-person rolling_cv7; calendar windows where applicable,temporal_v3
v3__sleep__paper_nrem_fraction__rolling_range7,sleep,physiology,sleep__paper_nrem_fraction: within-person rolling_range7; calendar windows where applicable,temporal_v3
v3__sleep__paper_nrem_fraction__stv14,sleep,physiology,sleep__paper_nrem_fraction: within-person stv14; calendar windows where applicable,temporal_v3
v3__sleep__paper_nrem_fraction__rolling_cv14,sleep,physiology,sleep__paper_nrem_fraction: within-person rolling_cv14; calendar windows where applicable,temporal_v3
v3__sleep__paper_nrem_fraction__rolling_range14,sleep,physiology,sleep__paper_nrem_fraction: within-person rolling_range14; calendar windows where applicable,temporal_v3
v3__sleep__paper_nrem_fraction__stv28,sleep,physiology,sleep__paper_nrem_fraction: within-person stv28; calendar windows where applicable,temporal_v3
v3__sleep__paper_nrem_fraction__rolling_cv28,sleep,physiology,sleep__paper_nrem_fraction: within-person rolling_cv28; calendar windows where applicable,temporal_v3
v3__sleep__paper_nrem_fraction__rolling_range28,sleep,physiology,sleep__paper_nrem_fraction: within-person rolling_range28; calendar windows where applicable,temporal_v3
v3__sleep__paper_episode_count__mean,sleep,quality,sleep__paper_episode_count: within-person mean; calendar windows where applicable,temporal_v3
v3__sleep__paper_episode_count__std,sleep,quality,sleep__paper_episode_count: within-person std; calendar windows where applicable,temporal_v3
v3__sleep__paper_episode_count__median,sleep,quality,sleep__paper_episode_count: within-person median; calendar windows where applicable,temporal_v3
v3__sleep__paper_episode_count__trimmed_mean,sleep,quality,sleep__paper_episode_count: within-person trimmed_mean; calendar windows where applicable,temporal_v3
v3__sleep__paper_episode_count__mode,sleep,quality,sleep__paper_episode_count: within-person mode; calendar windows where applicable,temporal_v3
v3__sleep__paper_episode_count__minimum,sleep,quality,sleep__paper_episode_count: within-person minimum; calendar windows where applicable,temporal_v3
v3__sleep__paper_episode_count__maximum,sleep,quality,sleep__paper_episode_count: within-person maximum; calendar windows where applicable,temporal_v3
v3__sleep__paper_episode_count__range,sleep,quality,sleep__paper_episode_count: within-person range; calendar windows where applicable,temporal_v3
v3__sleep__paper_episode_count__mad,sleep,quality,sleep__paper_episode_count: within-person mad; calendar windows where applicable,temporal_v3
v3__sleep__paper_episode_count__cv,sleep,quality,sleep__paper_episode_count: within-person cv; calendar windows where applicable,temporal_v3
v3__sleep__paper_episode_count__skew,sleep,quality,sleep__paper_episode_count: within-person skew; calendar windows where applicable,temporal_v3
v3__sleep__paper_episode_count__kurtosis,sleep,quality,sleep__paper_episode_count: within-person kurtosis; calendar windows where applicable,temporal_v3
v3__sleep__paper_episode_count__q05,sleep,quality,sleep__paper_episode_count: within-person q05; calendar windows where applicable,temporal_v3
v3__sleep__paper_episode_count__q95,sleep,quality,sleep__paper_episode_count: within-person q95; calendar windows where applicable,temporal_v3
v3__sleep__paper_episode_count__rmssd,sleep,quality,sleep__paper_episode_count: within-person rmssd; calendar windows where applicable,temporal_v3
v3__sleep__paper_episode_count__moving_range,sleep,quality,sleep__paper_episode_count: within-person moving_range; calendar windows where applicable,temporal_v3
v3__sleep__paper_episode_count__lag1,sleep,quality,sleep__paper_episode_count: within-person lag1; calendar windows where applicable,temporal_v3
v3__sleep__paper_episode_count__trend,sleep,quality,sleep__paper_episode_count: within-person trend; calendar windows where applicable,temporal_v3
v3__sleep__paper_episode_count__bin_variance4,sleep,quality,sleep__paper_episode_count: within-person bin_variance4; calendar windows where applicable,temporal_v3
v3__sleep__paper_episode_count__bin_change4,sleep,quality,sleep__paper_episode_count: within-person bin_change4; calendar windows where applicable,temporal_v3
v3__sleep__paper_episode_count__stv7,sleep,quality,sleep__paper_episode_count: within-person stv7; calendar windows where applicable,temporal_v3
v3__sleep__paper_episode_count__rolling_cv7,sleep,quality,sleep__paper_episode_count: within-person rolling_cv7; calendar windows where applicable,temporal_v3
v3__sleep__paper_episode_count__rolling_range7,sleep,quality,sleep__paper_episode_count: within-person rolling_range7; calendar windows where applicable,temporal_v3
v3__sleep__paper_episode_count__stv14,sleep,quality,sleep__paper_episode_count: within-person stv14; calendar windows where applicable,temporal_v3
v3__sleep__paper_episode_count__rolling_cv14,sleep,quality,sleep__paper_episode_count: within-person rolling_cv14; calendar windows where applicable,temporal_v3
v3__sleep__paper_episode_count__rolling_range14,sleep,quality,sleep__paper_episode_count: within-person rolling_range14; calendar windows where applicable,temporal_v3
v3__sleep__paper_episode_count__stv28,sleep,quality,sleep__paper_episode_count: within-person stv28; calendar windows where applicable,temporal_v3
v3__sleep__paper_episode_count__rolling_cv28,sleep,quality,sleep__paper_episode_count: within-person rolling_cv28; calendar windows where applicable,temporal_v3
v3__sleep__paper_episode_count__rolling_range28,sleep,quality,sleep__paper_episode_count: within-person rolling_range28; calendar windows where applicable,temporal_v3
